order_id,order_date,customer_name,city,product,product_type,payment_type,order_value,delay,attempts,risk,status,action
T28519,2026-01-31,niyati patel,Ahmedabad,"Borosilicate glass water bottle with cover (Silicone Sleeve) 750ml for Fridge, Office, Gym & Home - Power Blue",Water Bottle,UPI,799,3,1,Low,Delivered,Normal Delivery
T28518,2026-01-31,Mahendra Jaware,Ulwe,"Borosilicate glass water bottle with cover (Silicone Sleeve) 750ml for Fridge, Office, Gym & Home - Cool Green",Water Bottle,UPI,799,4,3,Low,Returned,Send Reminder
T28517,2026-01-31,Shivika .,New Delhi,"Borosilicate glass water bottle with cover (Silicone Sleeve) 750ml for Fridge, Office, Gym & Home - Power Blue",Water Bottle,UPI,799,2,2,Low,Delivered,Normal Delivery
T28516,2026-01-31,Mahendra Jaware,Navi Mumbai,"Borosilicate glass water bottle with cover (Silicone Sleeve) 750ml for Fridge, Office, Gym & Home - Cool Green",Water Bottle,UPI,799,4,1,Low,Delivered,Call Customer
T28515,2026-01-31,Aayush Ahuja,Pimpri-chinchwad,"Borosilicate glass water bottle with cover (Silicone Sleeve) 750ml for Fridge, Office, Gym & Home - Energy Red",Water Bottle,COD,838,4,2,Medium,Delivered,Normal Delivery
T28514,2026-01-31,Ravula padmaja,Hyderabad,GlassUp 500 ml Borosilicate Glass Lunch Box with Glass Lid & Silicone Sleeve - Coral Green,500ml Lunch Box,UPI,749,1,1,Low,Delivered,Normal Delivery
T28513,2026-01-31,Vandana Shah,Mumbai,"Borosilicate glass water bottle with cover (Silicone Sleeve) 750ml for Fridge, Office, Gym & Home - Cool Green",Water Bottle,COD,799,2,4,Medium,Delivered,Call Customer
T28512,2026-01-31,Dr anuradha baghel,Kanpur,"Borosilicate glass water bottle with cover (Silicone Sleeve) 750ml for Fridge, Office, Gym & Home - Cool Green",Water Bottle,COD,838,6,1,Medium,Delivered,Call Customer
T28511,2026-01-31,Mukul sharma,Delhi,"Borosilicate glass water bottle with cover (Silicone Sleeve) 750ml for Fridge, Office, Gym & Home - Energy Red",Water Bottle,COD,838,2,4,Medium,Delivered,Call Customer
T28510,2026-01-31,Ravi kant,Gurgaon,"Borosilicate glass water bottle with cover (Silicone Sleeve) 750ml for Fridge, Office, Gym & Home - Pulse Yellow",Water Bottle,COD,838,2,1,Medium,Delivered,Call Customer
T28509,2026-01-31,Sharvari kanabar,Mumbai,"Borosilicate glass water bottle with cover (Silicone Sleeve) 750ml for Fridge, Office, Gym & Home - Pulse Yellow",Water Bottle,UPI,799,4,3,Low,Delivered,Normal Delivery
T28508,2026-01-31,Sahil pattnayak,Gurgaon,Pack of 4 Stainless Steel Straws with Silicone Tip and Cleaning Brush - Stainless Steel and Silicone,Straws,UPI,2556,3,1,Low,Delivered,Normal Delivery
T28507,2026-01-31,Leeba Paryani,Indore,"Borosilicate glass water bottle with cover (Silicone Sleeve) 750ml for Fridge, Office, Gym & Home - Cool Green",Water Bottle,COD,799,2,3,Medium,Delivered,Call Customer
T28506,2026-01-31,Prajith lal,Bangalore,"Motivational Borosilicate Glass Water Bottle 1 litre, Glass Sipper Bottle with Straw for Fridge, Office, Gym & Travel - Lunar Blue",Straws,UPI,2547,4,1,Low,Delivered,Normal Delivery
T28505,2026-01-31,Suvarna cr,Mumbai,"TintCup Borosilicate Glass Coffee Cup (Tumbler) 350 ml with Silicone Lid & Grip, Glass Coffee Mug with lid - Dashing Blue",Coffee Cups,UPI,759,1,2,Low,Delivered,Normal Delivery
T28504,2026-01-31,Zabia Kagalwala,Mumbai Subueban,"Customized Borosilicate Glass Bottle , 750 ml - Power Blue",Water Bottle,UPI,899,3,3,Low,Delivered,Normal Delivery
T28503,2026-01-31,Rachana Durgam Udaya,Bangalore,GlassUp 500 ml Borosilicate Glass Lunch Box with Glass Lid & Silicone Sleeve - Blue-Green,500ml Lunch Box,UPI,1499,1,3,Low,Delivered,Normal Delivery
T28502,2026-01-31,Aviraj kadam,Mumbai City,"Customized Borosilicate Glass Bottle , 750 ml - Atomic Green",Water Bottle,UPI,899,3,2,Low,Delivered,Normal Delivery
T28501,2026-01-31,Monica roy,Siliguri,"Borosilicate glass water bottle with cover (Silicone Sleeve) 750ml for Fridge, Office, Gym & Home - Grey & Blue",Water Bottle,COD,3156,4,1,Medium,Delivered,Call Customer
T28500,2026-01-31,Akanksha  bhattacharjee,Kolkata,"Borosilicate glass water bottle with cover (Silicone Sleeve) 750ml for Fridge, Office, Gym & Home - Lightning Grey",Water Bottle,UPI,799,0,2,Low,Delivered,Normal Delivery
T28499,2026-01-31,Anchal Sansare,mumbai,GlassUp 500 ml Borosilicate Glass Lunch Box with Glass Lid & Silicone Sleeve - Arctic Blue,500ml Lunch Box,UPI,749,3,1,Low,Delivered,Normal Delivery
T28498,2026-01-31,Ruchita thakkar,Pune,"Customized Borosilicate Glass Bottle , 750 ml - Pulse Yellow",Water Bottle,UPI,899,1,3,Low,Delivered,Normal Delivery
T28497,2026-01-31,sunandapathak -,New delhi,"Borosilicate glass water bottle with cover (Silicone Sleeve) 750ml for Fridge, Office, Gym & Home - Cool Green",Water Bottle,UPI,799,4,1,Low,Delivered,Normal Delivery
T28496,2026-01-31,Juhi Jaiswal,Bareilly,"Customized Borosilicate Glass Bottle , 750 ml - Pulse Yellow",Water Bottle,UPI,899,3,1,Low,Delivered,Normal Delivery
T28495,2026-01-31,Priyanka desai,Pune,"Motivational Borosilicate Glass Water Bottle 1 litre, Glass Sipper Bottle with Straw for Fridge, Office, Gym & Travel - Venus Pink",Straws,UPI,999,0,1,Low,Delivered,Normal Delivery
T28494,2026-01-31,Sharda -,Aurangabad,"Borosilicate glass water bottle with cover (Silicone Sleeve) 750ml for Fridge, Office, Gym & Home - Cool Green",Water Bottle,COD,838,0,1,Medium,Delivered,Call Customer
T28493,2026-01-31,Suresh I,Bangalore,"Borosilicate glass water bottle with cover (Silicone Sleeve) 750ml for Fridge, Office, Gym & Home - Power Blue",Water Bottle,COD,838,2,1,Medium,Delivered,Normal Delivery
T28492,2026-01-31,Anurag Tulsyan,Delhi,"Customized TintCup Borosilicate Glass Coffee Cup with Silicone Lid & Grip, 350 ml - Mighty Pink",Coffee Cups,UPI,849,2,1,Low,Delivered,Normal Delivery
T28491,2026-01-31,Sanjana Parab,Mumbai,"Borosilicate glass water bottle with cover (Silicone Sleeve) 750ml for Fridge, Office, Gym & Home - Cool Green",Water Bottle,COD,838,1,4,Medium,Delivered,Call Customer
T28490,2026-01-31,'- -,Secunderabad,"Motivational Borosilicate Glass Water Bottle 1 litre, Glass Sipper Bottle with Straw for Fridge, Office, Gym & Travel - Lunar Blue",Straws,UPI,999,3,1,Low,Delivered,Normal Delivery
T28489,2026-01-31,Anushrita mitra,Bangalore,"TintCup Borosilicate Glass Coffee Cup (Tumbler) 350 ml with Silicone Lid & Grip, Glass Coffee Mug with lid - Dashing Blue",Coffee Cups,COD,798,3,2,Medium,Returned,Call Customer
T28488,2026-01-31,Mayank mansotra,Ludhiana,"TintCup Borosilicate Glass Coffee Cup (Tumbler) 350 ml with Silicone Lid & Grip, Glass Coffee Mug with lid - Mighty Pink",Coffee Cups,COD,1447,2,2,Medium,Delivered,Call Customer
T28487,2026-01-31,vaibhav shankar singh,Ghaziabad,"Customized Borosilicate Glass Bottle , 750 ml - Cool Green",Water Bottle,UPI,899,3,1,Low,Delivered,Normal Delivery
T28486,2026-01-31,Monica ledwani,Mumbai,"Customized TintCup Borosilicate Glass Coffee Cup with Silicone Lid & Grip, 350 ml - Java Brown",Coffee Cups,UPI,849,3,1,Low,Delivered,Normal Delivery
T28485,2026-01-31,Falguni vyas,Mumbai,"Motivational Borosilicate Glass Water Bottle 1 litre, Glass Sipper Bottle with Straw for Fridge, Office, Gym & Travel - Lunar Blue",Straws,COD,1038,0,1,Medium,Delivered,Normal Delivery
T28484,2026-01-31,Deepak Naik,Mumbai,"Tintbox Cool, Canvas, Eco-Friendly Lunch Bag For Office",Water Bottle,COD,2537,2,2,Medium,Delivered,Call Customer
T28483,2026-01-31,jyothsna -,Hyderabad,"Borosilicate glass water bottle with cover (Silicone Sleeve) 750ml for Fridge, Office, Gym & Home - Cool Green",Water Bottle,COD,1687,4,4,Medium,Delivered,Call Customer
T28482,2026-01-31,Shital jakkulwar,Bangalore,"Borosilicate glass water bottle with cover (Silicone Sleeve) 750ml for Fridge, Office, Gym & Home - Cool Green",Water Bottle,UPI,799,2,1,Low,Delivered,Normal Delivery
T28481,2026-01-31,Sanjay malik,Jajpur,"Borosilicate glass water bottle with cover (Silicone Sleeve) 750ml for Fridge, Office, Gym & Home - Cool Green",Water Bottle,COD,838,6,1,Medium,Delivered,Call Customer
T28480,2026-01-31,Manish Vyas,Surat,"Motivational Borosilicate Glass Water Bottle 1 litre, Glass Sipper Bottle with Straw for Fridge, Office, Gym & Travel - Lunar Blue & Gravity Gray",Straws,COD,1988,4,2,Medium,Delivered,Normal Delivery
T28479,2026-01-31,Rakesh kumar singh,Bengaluru,"Customized Borosilicate Glass Bottle , 750 ml - Power Blue",Water Bottle,UPI,899,0,1,Low,Delivered,Normal Delivery
T28478,2026-01-31,Swapna Pillai,Satara,"Borosilicate glass water bottle with cover (Silicone Sleeve) 750ml for Fridge, Office, Gym & Home - Atomic Green",Water Bottle,UPI,799,1,1,Low,Delivered,Normal Delivery
T28477,2026-01-31,Meenakshi dahiya,Gurgaon,"Motivational Borosilicate Glass Water Bottle 1 litre, Glass Sipper Bottle with Straw for Fridge, Office, Gym & Travel - Venus Pink",Straws,UPI,999,3,3,Low,Delivered,Normal Delivery
T28476,2026-01-31,Harsh singhal,Saharanpur,"Motivational Borosilicate Glass Water Bottle 1 litre, Glass Sipper Bottle with Straw for Fridge, Office, Gym & Travel - Lunar Blue",Straws,UPI,999,0,3,Low,Delivered,Normal Delivery
T28475,2026-01-31,Srinivas Tekulapally,Hyderabad,"Motivational Borosilicate Glass Water Bottle 1 litre, Glass Sipper Bottle with Straw for Fridge, Office, Gym & Travel - Planet Green",Straws,UPI,999,3,2,Low,Delivered,Normal Delivery
T28474,2026-01-31,Chitra verma,Hisar,"Borosilicate glass water bottle with cover (Silicone Sleeve) 750ml for Fridge, Office, Gym & Home - Atomic Green",Water Bottle,COD,4034,1,3,Medium,Delivered,Call Customer
T28473,2026-01-31,shalini vaswani,Mathura,"Borosilicate glass water bottle with cover (Silicone Sleeve) 750ml for Fridge, Office, Gym & Home - Cool Green",Water Bottle,COD,838,1,1,Medium,Delivered,Call Customer
T28472,2026-01-31,Ved patil,Mumbai,"Motivational Borosilicate Glass Water Bottle 1 litre, Glass Sipper Bottle with Straw for Fridge, Office, Gym & Travel - Planet Green",Straws,UPI,999,0,1,Low,Delivered,Normal Delivery
T28471,2026-01-31,Mahadev Mahadik,Mumbai,"Customized Borosilicate Glass Bottle , 750 ml - Power Blue",Water Bottle,UPI,899,1,1,Low,Delivered,Normal Delivery
T28470,2026-01-31,Aruna gopalakrishnan,Bangalore,Set of 3 Borosilicate Glass Lunch Boxes(300 ml) with Bag &Â BottleÂ (750Â ml) - Pulse Yellow,300ml Lunch Box,UPI,2649,4,1,Low,Delivered,Normal Delivery
T28469,2026-01-31,Kunal anand,Delhi,Pack of 4 Stainless Steel Straws with Silicone Tip and Cleaning Brush - Stainless Steel and Silicone,Straws,UPI,1748,1,1,Low,Delivered,Normal Delivery
T28468,2026-01-31,Daman S,Chandigarh,GlassUp 500 ml Borosilicate Glass Lunch Box with Glass Lid & Silicone Sleeve - Marine Grey,500ml Lunch Box,UPI,2257,3,1,Low,Delivered,Normal Delivery
T28467,2026-01-31,Bhatnagar Neelam,Haryana,"Motivational Borosilicate Glass Water Bottle 1 litre, Glass Sipper Bottle with Straw for Fridge, Office, Gym & Travel - Gravity Gray",Straws,UPI,999,3,1,Low,Delivered,Normal Delivery
T28466,2026-01-31,Madhusudhana kr,Bangalore,Customized 1Â Litre Bottle - Planet Green,1L Water Bottle,UPI,1149,3,1,Low,Delivered,Normal Delivery
T28465,2026-01-31,Raghavi kallem,Hyderabad,"TintCup Borosilicate Glass Coffee Cup (Tumbler) 350 ml with Silicone Lid & Grip, Glass Coffee Mug with lid - Dashing Blue",Coffee Cups,UPI,2357,3,1,Low,Delivered,Normal Delivery
T28464,2026-01-31,nitesh shetty,Mumbai,Glass Up Borosilicate Glass Lunch Box Set of 3 (500ml x 3) with Silicone Sleeve with Canvas Lunch Bag | Microwave Safe & Leak proof Tiffin Box By TintBox,500ml Lunch Box,COD,2388,4,4,Medium,Returned,Call Customer
T28463,2026-01-31,Ayushi Somani,Bangalore,"Borosilicate glass water bottle with cover (Silicone Sleeve) 750ml for Fridge, Office, Gym & Home - Cool Green",Water Bottle,UPI,799,2,1,Low,Delivered,Normal Delivery
T28462,2026-01-31,Sudhir acharya,Mysore,"TintCup Borosilicate Glass Coffee Cup (Tumbler) 350 ml with Silicone Lid & Grip, Glass Coffee Mug with lid - Wooden Cork Grip",Coffee Cups,UPI,759,0,1,Low,Delivered,Normal Delivery
T28461,2026-01-31,Aparna kartik,Mumbai,Glass Up Borosilicate Glass Lunch Box Set of 3 (500ml x 3) with Silicone Sleeve | Microwave Safe & Leak proof Tiffin Box By TintBox - Coral Green,500ml Lunch Box,UPI,4348,3,1,Low,Delivered,Normal Delivery
T28460,2026-01-31,Vinit Sharma,HYDERABAD,"TintCup Borosilicate Glass Coffee Cup (Tumbler) 350 ml with Silicone Lid & Grip, Glass Coffee Mug with lid - Dashing Blue",Coffee Cups,UPI,759,1,1,Low,Delivered,Normal Delivery
T28459,2026-01-31,Akash -,Chennai,"Borosilicate glass water bottle with cover (Silicone Sleeve) 750ml for Fridge, Office, Gym & Home - Atomic Green",Water Bottle,COD,838,3,3,Medium,Returned,Send Reminder
T28458,2026-01-31,Siddharth hegiste,Mumbai,"Motivational Borosilicate Glass Water Bottle 1 litre, Glass Sipper Bottle with Straw for Fridge, Office, Gym & Travel - Lunar Blue",Straws,UPI,999,1,1,Low,Delivered,Normal Delivery
T28457,2026-01-31,prajakta p naik,Chiplum,"Borosilicate glass water bottle with cover (Silicone Sleeve) 750ml for Fridge, Office, Gym & Home - Energy Red",Water Bottle,UPI,799,1,1,Low,Delivered,Normal Delivery
T28456,2026-01-31,Kamal chauhan,Amritsar,"Motivational Borosilicate Glass Water Bottle 1 litre, Glass Sipper Bottle with Straw for Fridge, Office, Gym & Travel - Lunar Blue",Straws,COD,1038,3,1,Medium,Delivered,Call Customer
T28455,2026-01-31,Jyoti singh,Lucknow,"Motivational Borosilicate Glass Water Bottle 1 litre, Glass Sipper Bottle with Straw for Fridge, Office, Gym & Travel - Planet Green",Straws,UPI,999,4,1,Low,Delivered,Normal Delivery
T28454,2026-01-31,Prachi Salaskar,Thane,"TintCup Borosilicate Glass Coffee Cup (Tumbler) 350 ml with Silicone Lid & Grip, Glass Coffee Mug with lid - Wooden Cork Grip",Coffee Cups,COD,798,6,2,Medium,Delivered,Call Customer
T28453,2026-01-31,Anjali kumar,Bangalore,"Motivational Borosilicate Glass Water Bottle 1 litre, Glass Sipper Bottle with Straw for Fridge, Office, Gym & Travel - Lunar Blue & Gravity Gray",Straws,COD,1988,1,4,Medium,Delivered,Call Customer
T28452,2026-01-31,Preeti Ashish Kulkarni,Dombivli east,Pack of 4 Stainless Steel Straws with Silicone Tip and Cleaning Brush - Stainless Steel and Silicone,Straws,UPI,1058,1,1,Low,Delivered,Normal Delivery
T28451,2026-01-31,Partha Paliwal,Mungaoli,Pack of 4 Stainless Steel Straws with Silicone Tip and Cleaning Brush - Stainless Steel and Silicone,Straws,UPI,349,3,2,Low,Delivered,Normal Delivery
T28450,2026-01-31,Pratibha  gawde,Mumbai,"Borosilicate glass water bottle with cover (Silicone Sleeve) 750ml for Fridge, Office, Gym & Home - Atomic Green",Water Bottle,COD,838,1,2,Medium,Delivered,Call Customer
T28449,2026-01-31,Renuka biradar,Pune,"TintCup Borosilicate Glass Coffee Cup (Tumbler) 350 ml with Silicone Lid & Grip, Glass Coffee Mug with lid - Mighty Pink",Coffee Cups,COD,798,1,3,Medium,Returned,Call Customer
T28448,2026-01-31,Kriti Kaushik,Gurgaon,"Motivational Borosilicate Glass Water Bottle 1 litre, Glass Sipper Bottle with Straw for Fridge, Office, Gym & Travel - Lunar Blue",Straws,COD,1038,3,2,Medium,Delivered,Call Customer
T28447,2026-01-31,Jyoti  Rana,Noida,"Borosilicate glass water bottle with cover (Silicone Sleeve) 750ml for Fridge, Office, Gym & Home - Cool Green",Water Bottle,UPI,1798,3,1,Low,Delivered,Normal Delivery
T28446,2026-01-31,Lokesh punjabi,Pune,"Borosilicate glass water bottle with cover (Silicone Sleeve) 750ml for Fridge, Office, Gym & Home - Power Blue",Water Bottle,COD,838,0,1,Medium,Delivered,Call Customer
T28445,2026-01-31,Deepika Hindwan,Delhi,"Borosilicate glass water bottle with cover (Silicone Sleeve) 750ml for Fridge, Office, Gym & Home - Power Blue",Water Bottle,UPI,799,4,1,Low,Delivered,Normal Delivery
T28444,2026-01-31,Shweta -,Bangalore,"Borosilicate glass water bottle with cover (Silicone Sleeve) 750ml for Fridge, Office, Gym & Home - Lightning Grey",Water Bottle,UPI,799,4,1,Low,Delivered,Normal Delivery
T28443,2026-01-31,Neelam  aswal,Pune,GlassUp 500 ml Borosilicate Glass Lunch Box with Glass Lid & Silicone Sleeve - Coral Green,500ml Lunch Box,UPI,749,1,1,Low,Delivered,Normal Delivery
T28442,2026-01-31,Aditi mohite,Pune,"Customized Borosilicate Glass Bottle , 750 ml - Power Blue",Water Bottle,UPI,1798,4,1,Low,Delivered,Normal Delivery
T28441,2026-01-31,Mahendra shetye,Morjim,"Motivational Borosilicate Glass Water Bottle 1 litre, Glass Sipper Bottle with Straw for Fridge, Office, Gym & Travel - Lunar Blue",Straws,UPI,999,1,3,Low,Delivered,Normal Delivery
T28440,2026-01-31,Mojesh kumar,Visakhapatnam,Set of 2 Green GlassUp ( 500ml ) Lunch Box with Bag & Bottle - Energy Red,500ml Lunch Box,COD,5137,0,3,Medium,Delivered,Call Customer
T28439,2026-01-31,Devendra salvi,Mumbai,"Motivational Borosilicate Glass Water Bottle 1 litre, Glass Sipper Bottle with Straw for Fridge, Office, Gym & Travel - Lunar Blue",Straws,UPI,999,3,1,Low,Delivered,Normal Delivery
T28438,2026-01-31,shruti pendurkar,Thane,"TintCup Borosilicate Glass Coffee Cup (Tumbler) 350 ml with Silicone Lid & Grip, Glass Coffee Mug with lid - Cosmic Purple",Coffee Cups,COD,798,3,1,Medium,Delivered,Normal Delivery
T28437,2026-01-31,Sonal gandhi,Mumbai,"Motivational Borosilicate Glass Water Bottle 1 litre, Glass Sipper Bottle with Straw for Fridge, Office, Gym & Travel - Planet Green & Gravity Gray",Straws,UPI,1949,3,1,Low,Delivered,Normal Delivery
T28436,2026-01-31,Shaifali suri,Jammu,"Motivational Borosilicate Glass Water Bottle 1 litre, Glass Sipper Bottle with Straw for Fridge, Office, Gym & Travel - Lunar Blue",Straws,UPI,999,4,1,Low,Delivered,Normal Delivery
T28435,2026-01-31,Neetu Lakra,Port Blair,"Motivational Borosilicate Glass Water Bottle 1 litre, Glass Sipper Bottle with Straw for Fridge, Office, Gym & Travel - Planet Green",Straws,UPI,999,0,3,Low,Delivered,Normal Delivery
T28434,2026-01-31,akshat -,Delhi,"Motivational Borosilicate Glass Water Bottle 1 litre, Glass Sipper Bottle with Straw for Fridge, Office, Gym & Travel - Gravity Gray",Straws,COD,1038,4,1,Medium,Delivered,Call Customer
T28433,2026-01-31,Pooja k,Delhi,"Borosilicate glass water bottle with cover (Silicone Sleeve) 750ml for Fridge, Office, Gym & Home - Cool Green",Water Bottle,COD,838,4,3,Medium,Delivered,Normal Delivery
T28432,2026-01-31,Aniket L Pande,Pune,"Borosilicate glass water bottle with cover (Silicone Sleeve) 750ml for Fridge, Office, Gym & Home - Atomic Green",Water Bottle,UPI,799,0,1,Low,Delivered,Normal Delivery
T28431,2026-01-31,Margaret nayar,Delhi,"TintCup Borosilicate Glass Coffee Cup (Tumbler) 350 ml with Silicone Lid & Grip, Glass Coffee Mug with lid - Mighty Pink",Coffee Cups,UPI,1708,0,1,Low,Delivered,Normal Delivery
T28430,2026-01-31,Priyanka chavda,Ahmedabad,"Borosilicate glass water bottle with cover (Silicone Sleeve) 750ml for Fridge, Office, Gym & Home - Lightning Grey",Water Bottle,UPI,2297,0,1,Low,Delivered,Normal Delivery
T28429,2026-01-31,Rashmita  Singh,Prayagraj,Customized 1Â Litre Bottle - Planet Green,1L Water Bottle,UPI,1149,0,1,Low,Delivered,Normal Delivery
T28428,2026-01-31,Harshada dhulapkar,Mumbai,GlassUp 500 ml Borosilicate Glass Lunch Box with Glass Lid & Silicone Sleeve - Coral Green,500ml Lunch Box,COD,1637,3,3,Medium,Delivered,Normal Delivery
T28427,2026-01-31,Sneha tejuja,Mumbai,"Borosilicate glass water bottle with cover (Silicone Sleeve) 750ml for Fridge, Office, Gym & Home - Cool Green",Water Bottle,UPI,799,2,1,Low,Delivered,Normal Delivery
T28426,2026-01-31,Raman hooda,Faridabad,Baby Feeding Bottle Teat - Plus (10+ months),Baby Bottle,UPI,189,2,1,Low,Delivered,Normal Delivery
T28425,2026-01-31,Abhinav Arora Arora,Panipat,"Customized Borosilicate Glass Bottle , 750 ml - Cool Green",Water Bottle,UPI,899,0,1,Low,Delivered,Normal Delivery
T28424,2026-01-31,Abinash Kumar Jha,Gurgaon,Glass Up Borosilicate Glass Lunch Box Set of 2 (500ml x 2) with Silicone Sleeve | Microwave Safe & Leak proof Tiffin Box By TintBox - Marine Grey,500ml Lunch Box,COD,1538,2,1,Medium,Delivered,Call Customer
T28423,2026-01-31,Saanchi Saraff,Delhi,Baby Feeding Bottle Teat - Slow (0-6 months),Baby Bottle,UPI,189,2,1,Low,Delivered,Normal Delivery
T28422,2026-01-31,Nisar .,THIRUVANANTHAPURAM,"Motivational Borosilicate Glass Water Bottle 1 litre, Glass Sipper Bottle with Straw for Fridge, Office, Gym & Travel - Venus Pink",Straws,UPI,999,0,1,Low,Delivered,Normal Delivery
T28421,2026-01-31,Nidhi Gupta,NORTH WEST,"Borosilicate Glass Lunch Box with Silicone Sleeve, 300 ml - Forest Green",300ml Lunch Box,COD,2386,2,3,Medium,Delivered,Call Customer
T28420,2026-01-31,Tanaya Kale Joshi,Pune,Replacement Lid for Motivational 1L Glass Bottle - Venus Pink,1L Water Bottle,UPI,300,4,1,Low,Delivered,Normal Delivery
T28419,2026-01-31,Richa  Agrawal,Bangalore,"Motivational Borosilicate Glass Water Bottle 1 litre, Glass Sipper Bottle with Straw for Fridge, Office, Gym & Travel - Planet Green",Straws,UPI,999,1,3,Low,Delivered,Normal Delivery
T28418,2026-01-31,Amrita Dasgupta,New Town kolkata,"Customized Borosilicate Glass Bottle , 750 ml - Cool Green",Water Bottle,UPI,899,1,1,Low,Delivered,Normal Delivery
T28417,2026-01-31,Venugopal N,Bengaluru,"Motivational Borosilicate Glass Water Bottle 1 litre, Glass Sipper Bottle with Straw for Fridge, Office, Gym & Travel - Lunar Blue",Straws,COD,1038,0,1,Medium,Delivered,Call Customer
T28416,2026-01-31,Dr tarunika bawa,New delhi,Borosilicate Glass Lunch Box Set of 3 (300ml x 3) with Silicone Sleeve with Canvas Lunch Bag | Microwave Safe & Leak proof Tiffin Box By TintBox - Blue & Orange & Green,300ml Lunch Box,UPI,1949,3,2,Low,Delivered,Normal Delivery
T28415,2026-01-31,Astha srivastava,Bangalore,"TintCup Borosilicate Glass Coffee Cup (Tumbler) 350 ml with Silicone Lid & Grip, Glass Coffee Mug with lid - Wooden Cork Grip",Coffee Cups,COD,1507,0,3,Medium,Delivered,Call Customer
T28414,2026-01-31,Prachi jain,Delhi,"Customized TintCup Borosilicate Glass Coffee Cup with Silicone Lid & Grip, 350 ml - Dynamic Grey",Coffee Cups,UPI,849,3,1,Low,Delivered,Normal Delivery
T28413,2026-01-30,Bhavana Mishra,Thane,"Borosilicate glass water bottle with cover (Silicone Sleeve) 750ml for Fridge, Office, Gym & Home - Cool Green",Water Bottle,UPI,799,1,2,Low,Delivered,Normal Delivery
T28412,2026-01-30,Sudatta  gulavani,Ichalkaranji,"Borosilicate glass water bottle with cover (Silicone Sleeve) 750ml for Fridge, Office, Gym & Home - Grey & Blue",Water Bottle,UPI,1619,0,3,Low,Delivered,Normal Delivery
T28411,2026-01-30,Shiwani -,Bangalore,"Borosilicate glass water bottle with cover (Silicone Sleeve) 750ml for Fridge, Office, Gym & Home - Power Blue",Water Bottle,COD,838,4,3,Medium,Delivered,Normal Delivery
T28410,2026-01-30,Rini Pundir,Noida,"Motivational Borosilicate Glass Water Bottle 1 litre, Glass Sipper Bottle with Straw for Fridge, Office, Gym & Travel - Venus Pink",Straws,UPI,999,2,1,Low,Delivered,Normal Delivery
T28409,2026-01-30,Sukhpreet bhatti,Pune,Customized 1Â Litre Bottle - Planet Green,1L Water Bottle,UPI,1149,3,1,Low,Delivered,Normal Delivery
T28408,2026-01-30,Swati Bansode,Karmala,"Motivational Borosilicate Glass Water Bottle 1 litre, Glass Sipper Bottle with Straw for Fridge, Office, Gym & Travel - Planet Green",Straws,COD,1038,5,4,Medium,Delivered,Call Customer
T28407,2026-01-30,KEERTHICHAND PARCHA,Hyderabad,"Motivational Borosilicate Glass Water Bottle 1 litre, Glass Sipper Bottle with Straw for Fridge, Office, Gym & Travel - Lunar Blue & Venus Pink",Straws,UPI,1949,2,2,Low,Delivered,Normal Delivery
T28406,2026-01-30,Laxmikant bawkar,Pimpri chinchwad,"Borosilicate glass water bottle with cover (Silicone Sleeve) 750ml for Fridge, Office, Gym & Home - Cool Green",Water Bottle,COD,838,2,2,Medium,Delivered,Normal Delivery
T28405,2026-01-30,Rakesh desai,Mahuva,"Motivational Borosilicate Glass Water Bottle 1 litre, Glass Sipper Bottle with Straw for Fridge, Office, Gym & Travel - Planet Green & Gravity Gray",Straws,UPI,1949,0,2,Low,Delivered,Normal Delivery
T28404,2026-01-30,Navneet kaur,Ghaziabad,Set of 3 Borosilicate Glass Lunch Boxes(300 ml) with Bag &Â BottleÂ (750Â ml) - Pulse Yellow,300ml Lunch Box,COD,3387,2,1,Medium,Delivered,Normal Delivery
T28403,2026-01-30,Jignesh italiya,Surat,"Borosilicate glass water bottle with cover (Silicone Sleeve) 750ml for Fridge, Office, Gym & Home - Cool Green",Water Bottle,COD,838,4,3,Medium,Delivered,Call Customer
T28402,2026-01-30,Ajaz Ansari,Penjim,"Borosilicate glass water bottle with cover (Silicone Sleeve) 750ml for Fridge, Office, Gym & Home - Pulse Yellow",Water Bottle,UPI,799,2,1,Low,Delivered,Normal Delivery
T28401,2026-01-30,Sushil Vitole,Pune,"TintCup Borosilicate Glass Coffee Cup (Tumbler) 350 ml with Silicone Lid & Grip, Glass Coffee Mug with lid - Mighty Pink",Coffee Cups,COD,798,0,1,Medium,Delivered,Call Customer
T28400,2026-01-30,Shikita Sangodkar,Nagpur,"Motivational Borosilicate Glass Water Bottle 1 litre, Glass Sipper Bottle with Straw for Fridge, Office, Gym & Travel - Planet Green",Straws,UPI,999,4,1,Low,Delivered,Normal Delivery
T28399,2026-01-30,Arsi vaidya,Kachchh,"Borosilicate glass water bottle with cover (Silicone Sleeve) 750ml for Fridge, Office, Gym & Home - Cool Green",Water Bottle,COD,838,1,1,Medium,Delivered,Call Customer
T28398,2026-01-30,Harshal Dighe,Kalyan,"Borosilicate glass water bottle with cover (Silicone Sleeve) 750ml for Fridge, Office, Gym & Home - Cool Green",Water Bottle,UPI,799,2,2,Low,Delivered,Normal Delivery
T28397,2026-01-30,krishu -,Virar,"Borosilicate glass water bottle with cover (Silicone Sleeve) 750ml for Fridge, Office, Gym & Home - Power Blue",Water Bottle,UPI,799,0,2,Low,Delivered,Normal Delivery
T28396,2026-01-30,Dheeraj kmr,Delhi,"Borosilicate glass water bottle with cover (Silicone Sleeve) 750ml for Fridge, Office, Gym & Home - Atomic Green",Water Bottle,UPI,799,1,3,Low,Delivered,Normal Delivery
T28395,2026-01-30,MURTHY GHANTALA,CHENNAI,Customized 1Â Litre Bottle - Venus Pink,1L Water Bottle,UPI,1149,1,3,Low,Delivered,Normal Delivery
T28394,2026-01-30,Falguni himanshubhai trivedi,JAMNAGAR,GlassUp 500 ml Borosilicate Glass Lunch Box with Glass Lid & Silicone Sleeve - Coral Green,500ml Lunch Box,UPI,749,3,2,Low,Delivered,Normal Delivery
T28393,2026-01-30,Anita Shirsekar,Mumbai,"Motivational Borosilicate Glass Water Bottle 1 litre, Glass Sipper Bottle with Straw for Fridge, Office, Gym & Travel - Lunar Blue",Straws,UPI,2697,4,1,Low,Delivered,Normal Delivery
T28392,2026-01-30,Omeshia M P,Bangalore,"Borosilicate Glass Lunch Box with Silicone Sleeve, 300 ml - Forest Green",300ml Lunch Box,UPI,699,2,1,Low,Delivered,Normal Delivery
T28391,2026-01-30,Kanika Gupta,Bangalore,"Motivational Borosilicate Glass Water Bottle 1 litre, Glass Sipper Bottle with Straw for Fridge, Office, Gym & Travel - Planet Green",Straws,UPI,944,0,1,Low,Delivered,Normal Delivery
T28390,2026-01-30,Aastha shah,Pune,"Customized Borosilicate Glass Bottle , 750 ml - Cool Green",Water Bottle,UPI,899,3,1,Low,Delivered,Normal Delivery
T28389,2026-01-30,Suraj patil,Malegaon,"Motivational Borosilicate Glass Water Bottle 1 litre, Glass Sipper Bottle with Straw for Fridge, Office, Gym & Travel - Planet Green",Straws,UPI,999,4,1,Low,Delivered,Normal Delivery
T28388,2026-01-30,Neerja agrawal,AURANGABAD,"Customized Borosilicate Glass Bottle , 750 ml - Power Blue",Water Bottle,UPI,899,3,1,Low,Delivered,Normal Delivery
T28387,2026-01-30,Vaishali gondi,Jamkhandi,"Borosilicate glass water bottle with cover (Silicone Sleeve) 750ml for Fridge, Office, Gym & Home - Cool Green",Water Bottle,UPI,799,4,1,Low,Delivered,Normal Delivery
T28386,2026-01-30,kathirvel -,Gudalur,"Motivational Borosilicate Glass Water Bottle 1 litre, Glass Sipper Bottle with Straw for Fridge, Office, Gym & Travel - Venus Pink",Straws,COD,1038,6,1,Medium,Delivered,Call Customer
T28385,2026-01-30,Poonam Malhotra,Surat,"Borosilicate glass water bottle with cover (Silicone Sleeve) 750ml for Fridge, Office, Gym & Home - Pulse Yellow",Water Bottle,UPI,799,4,3,Low,Returned,Normal Delivery
T28384,2026-01-30,Hiral Mehta,Surat,"Borosilicate glass water bottle with cover (Silicone Sleeve) 750ml for Fridge, Office, Gym & Home - Atomic Green",Water Bottle,COD,838,6,1,Medium,Delivered,Call Customer
T28383,2026-01-30,Rai Vandana,Gurgaon,"Borosilicate glass water bottle with cover (Silicone Sleeve) 750ml for Fridge, Office, Gym & Home - Cool Green",Water Bottle,COD,1597,2,3,Medium,Delivered,Call Customer
T28382,2026-01-30,Isha -,Delhi,"Borosilicate glass water bottle with cover (Silicone Sleeve) 750ml for Fridge, Office, Gym & Home - Cool Green",Water Bottle,UPI,799,4,3,Low,Delivered,Normal Delivery
T28381,2026-01-30,Puppala sarath kumar,Secunderabad,"Motivational Borosilicate Glass Water Bottle 1 litre, Glass Sipper Bottle with Straw for Fridge, Office, Gym & Travel - Lunar Blue",Straws,UPI,999,3,1,Low,Delivered,Normal Delivery
T28380,2026-01-30,Shweta singh,Kolkata,"TintCup Borosilicate Glass Coffee Cup (Tumbler) 350 ml with Silicone Lid & Grip, Glass Coffee Mug with lid - Java Brown",Coffee Cups,COD,2216,4,1,Medium,Delivered,Call Customer
T28379,2026-01-30,K r nisha .,BANGALORE,Break Resistant Borosilicate Glass Lunch Box Set of 3 (300ml x 3) with Silicone Sleeve | Microwave Safe & Leak proof Tiffin Box By TintBox - Blue & Orange & Green,300ml Lunch Box,UPI,1699,2,1,Low,Delivered,Normal Delivery
T28378,2026-01-30,Parth Parasiya,Mumbai,"Motivational Borosilicate Glass Water Bottle 1 litre, Glass Sipper Bottle with Straw for Fridge, Office, Gym & Travel - Gravity Gray",Straws,COD,1038,2,1,Medium,Delivered,Call Customer
T28377,2026-01-30,Kathakali banerjee,Kolkata,"Customized TintCup Borosilicate Glass Coffee Cup with Silicone Lid & Grip, 350 ml - Dashing Blue",Coffee Cups,UPI,849,3,1,Low,Delivered,Normal Delivery
T28376,2026-01-30,Amrutha Cm,Bangalore,Borosilicate Glass Lunch Box Set of 2 (300ml x 2) with Silicone Sleeve with Canvas Lunch Bag | Microwave Safe & Leak proof Tiffin Box By TintBox - Oasis Blue,300ml Lunch Box,UPI,2158,1,1,Low,Delivered,Normal Delivery
T28375,2026-01-30,Divyashree Kotian,Mumbai,"Borosilicate glass water bottle with cover (Silicone Sleeve) 750ml for Fridge, Office, Gym & Home - Power Blue",Water Bottle,UPI,799,1,1,Low,Delivered,Normal Delivery
T28374,2026-01-30,Saurabh Sood,Gurgaon,"Customized TintCup Borosilicate Glass Coffee Cup with Silicone Lid & Grip, 350 ml - Mighty Pink",Coffee Cups,UPI,2447,4,1,Low,Delivered,Normal Delivery
T28373,2026-01-30,Sachin saundane,Pune,"Borosilicate glass water bottle with cover (Silicone Sleeve) 750ml for Fridge, Office, Gym & Home - Power Blue",Water Bottle,UPI,799,0,2,Low,Delivered,Normal Delivery
T28372,2026-01-30,Neha singh,SIWAN,"Customized Borosilicate Glass Bottle , 750 ml - Lightning Grey",Water Bottle,UPI,899,4,1,Low,Delivered,Normal Delivery
T28371,2026-01-30,Vidhi motwani,Mumbai,Break Resistant Borosilicate Glass Lunch Box Set of 3 (300ml x 3) with Silicone Sleeve | Microwave Safe & Leak proof Tiffin Box By TintBox - Blue & Orange & Green,300ml Lunch Box,COD,3887,3,4,Medium,Returned,Send Reminder
T28370,2026-01-30,Isha khanna,Chandigarh,"Motivational Borosilicate Glass Water Bottle 1 litre, Glass Sipper Bottle with Straw for Fridge, Office, Gym & Travel - Venus Pink",Straws,UPI,999,3,1,Low,Delivered,Normal Delivery
T28369,2026-01-30,Preetham -,Bangalore,Customized GlassUp 500 ml Borosilicate Glass Lunch Box with Glass Lid & Silicone Sleeve - Coral Green,500ml Lunch Box,UPI,899,3,2,Low,Delivered,Normal Delivery
T28368,2026-01-30,Trina Roy,Bengaluru,"Motivational Borosilicate Glass Water Bottle 1 litre, Glass Sipper Bottle with Straw for Fridge, Office, Gym & Travel - Venus Pink",Straws,UPI,999,3,1,Low,Delivered,Call Customer
T28367,2026-01-30,Chetana uchil,Chembur mumbai,Break Resistant Borosilicate Glass Lunch Box Set of 3 (300ml x 3) with Silicone Sleeve | Microwave Safe & Leak proof Tiffin Box By TintBox - Blue & Orange & Green,300ml Lunch Box,COD,1738,3,3,Medium,Delivered,Normal Delivery
T28366,2026-01-30,Sweety bhoria,Delhi,"Borosilicate glass water bottle with cover (Silicone Sleeve) 750ml for Fridge, Office, Gym & Home - Pulse Yellow",Water Bottle,UPI,799,2,1,Low,Delivered,Normal Delivery
T28365,2026-01-30,Seema jain,Delhi,"Borosilicate glass water bottle with cover (Silicone Sleeve) 750ml for Fridge, Office, Gym & Home - Lightning Grey",Water Bottle,COD,3185,1,2,Medium,Delivered,Normal Delivery
T28364,2026-01-30,Dolly vadaviya,Ahmedabad,"Customized TintCup Borosilicate Glass Coffee Cup with Silicone Lid & Grip, 350 ml - Mighty Pink",Coffee Cups,UPI,3996,3,1,Low,Delivered,Normal Delivery
T28363,2026-01-30,Twinkle gupta,Mumbai,"Motivational Borosilicate Glass Water Bottle 1 litre, Glass Sipper Bottle with Straw for Fridge, Office, Gym & Travel - Gravity Gray",Straws,COD,1038,0,3,Medium,Delivered,Normal Delivery
T28362,2026-01-30,Pooja jaydip tank koyani,Junagadh,Customized 1Â Litre Bottle - Venus Pink,1L Water Bottle,UPI,2998,0,1,Low,Delivered,Normal Delivery
T28361,2026-01-30,Kaiwan damania,Mumbai,"Tintbox Cool, Canvas, Eco-Friendly Lunch Bag For Office",Water Bottle,UPI,449,0,1,Low,Returned,Normal Delivery
T28360,2026-01-30,Rot sonu,Gandhinagar,"Borosilicate glass water bottle with cover (Silicone Sleeve) 750ml for Fridge, Office, Gym & Home - Grey & Blue",Water Bottle,UPI,2268,0,1,Low,Delivered,Normal Delivery
T28359,2026-01-30,Sneha -,Pune,"Borosilicate glass water bottle with cover (Silicone Sleeve) 750ml for Fridge, Office, Gym & Home - Atomic Green",Water Bottle,UPI,799,2,2,Low,Delivered,Normal Delivery
T28358,2026-01-30,Freya -,Mumbai,"Motivational Borosilicate Glass Water Bottle 1 litre, Glass Sipper Bottle with Straw for Fridge, Office, Gym & Travel - Venus Pink",Straws,UPI,999,0,2,Low,Delivered,Normal Delivery
T28357,2026-01-30,Ruchismita Parida,KENDRAPARA,"Borosilicate glass water bottle with cover (Silicone Sleeve) 750ml for Fridge, Office, Gym & Home - Atomic Green",Water Bottle,UPI,799,3,3,Low,Delivered,Normal Delivery
T28356,2026-01-30,Nimish Modi Modi,Mumbai,"Tintbox Cool, Canvas, Eco-Friendly Lunch Bag For Office",Water Bottle,COD,488,4,2,Medium,Delivered,Normal Delivery
T28355,2026-01-30,Pooja  Anchan,Thane,"TintCup Borosilicate Glass Coffee Cup (Tumbler) 350 ml with Silicone Lid & Grip, Glass Coffee Mug with lid - Mighty Pink",Coffee Cups,UPI,759,0,1,Low,Delivered,Normal Delivery
T28354,2026-01-30,Kapa kholie,Itanagar,"TintCup Borosilicate Glass Coffee Cup (Tumbler) 350 ml with Silicone Lid & Grip, Glass Coffee Mug with lid - Mighty Pink",Coffee Cups,COD,1507,2,3,Medium,Delivered,Call Customer
T28353,2026-01-30,Priti Dave,Ahmedabad,"Motivational Borosilicate Glass Water Bottle 1 litre, Glass Sipper Bottle with Straw for Fridge, Office, Gym & Travel - Planet Green",Straws,COD,1038,6,1,Medium,Delivered,Call Customer
T28352,2026-01-30,Jasma vaghela,Thane west,"Motivational Borosilicate Glass Water Bottle 1 litre, Glass Sipper Bottle with Straw for Fridge, Office, Gym & Travel - Planet Green",Straws,UPI,999,2,1,Low,Delivered,Normal Delivery
T28351,2026-01-30,Greeshma -,Tirupur,"TintCup Borosilicate Glass Coffee Cup (Tumbler) 350 ml with Silicone Lid & Grip, Glass Coffee Mug with lid - Mighty Pink",Coffee Cups,COD,2646,0,2,Medium,Delivered,Call Customer
T28350,2026-01-30,Ashis Kumar Pani,Hyderabad,"Borosilicate glass water bottle with cover (Silicone Sleeve) 750ml for Fridge, Office, Gym & Home - Power Blue",Water Bottle,UPI,799,4,1,Low,Delivered,Normal Delivery
T28349,2026-01-30,Mayamati Nilkanth Kulkarni,Pirangut,Break Resistant Borosilicate Glass Lunch Box Set of 3 (300ml x 3) with Silicone Sleeve | Microwave Safe & Leak proof Tiffin Box By TintBox - Blue & Orange & Green,300ml Lunch Box,UPI,5495,0,1,Low,Delivered,Normal Delivery
T28348,2026-01-30,Joyeeta sen sen,Mumbai,"Borosilicate glass water bottle with cover (Silicone Sleeve) 750ml for Fridge, Office, Gym & Home - Atomic Green",Water Bottle,UPI,799,2,1,Low,Delivered,Normal Delivery
T28347,2026-01-30,Divyanshu Thakur,Jaipur,Glass Up Borosilicate Glass Lunch Box Set of 3 (500ml x 3) with Silicone Sleeve with Canvas Lunch Bag | Microwave Safe & Leak proof Tiffin Box By TintBox,500ml Lunch Box,UPI,2349,1,1,Low,Delivered,Normal Delivery
T28346,2026-01-30,Atul  rathod,Aurangabad,"Borosilicate glass water bottle with cover (Silicone Sleeve) 750ml for Fridge, Office, Gym & Home - Cool Green",Water Bottle,COD,838,3,1,Medium,Delivered,Call Customer
T28345,2026-01-30,Vandana Bhimani,Pune,"Customized TintCup Borosilicate Glass Coffee Cup with Silicone Lid & Grip, 350 ml - Mighty Pink",Coffee Cups,UPI,849,2,1,Low,Delivered,Normal Delivery
T28344,2026-01-30,R. salaria,New Delhi,Customized 1Â Litre Bottle - Lunar Blue,1L Water Bottle,UPI,2298,0,1,Low,Delivered,Normal Delivery
T28343,2026-01-30,Rajjnnee maggoo,Delhi,"Borosilicate glass water bottle with cover (Silicone Sleeve) 750ml for Fridge, Office, Gym & Home - Pulse Yellow",Water Bottle,COD,838,3,2,Medium,Delivered,Call Customer
T28342,2026-01-30,Rashmi kaeley,Mumbai,"Motivational Borosilicate Glass Water Bottle 1 litre, Glass Sipper Bottle with Straw for Fridge, Office, Gym & Travel - Planet Green & Gravity Gray",Straws,UPI,1949,0,1,Low,Delivered,Normal Delivery
T28341,2026-01-30,Swetha ravi,Gudiyattam,Baby Bottle Teat - Slow (0-6 months),Baby Bottle,UPI,189,0,1,Low,Delivered,Normal Delivery
T28340,2026-01-30,Tina -,Pune,"Borosilicate glass water bottle with cover (Silicone Sleeve) 750ml for Fridge, Office, Gym & Home - Atomic Green",Water Bottle,UPI,799,1,1,Low,Delivered,Normal Delivery
T28339,2026-01-30,Rita De Sa,Dongurli,"Motivational Borosilicate Glass Water Bottle 1 litre, Glass Sipper Bottle with Straw for Fridge, Office, Gym & Travel - Gravity Gray",Straws,UPI,2897,3,1,Low,Delivered,Normal Delivery
T28338,2026-01-30,Deepali bhalla,Mumbai,Break Resistant Borosilicate Glass Lunch Box Set of 3 (300ml x 3) with Silicone Sleeve | Microwave Safe & Leak proof Tiffin Box By TintBox - Blue & Orange & Green,300ml Lunch Box,COD,1738,3,1,Medium,Delivered,Normal Delivery
T28337,2026-01-30,Rohan Deshpande,Pune,"Customized Borosilicate Glass Bottle , 750 ml - Cool Green",Water Bottle,UPI,899,1,1,Low,Delivered,Normal Delivery
T28336,2026-01-30,Swapnila moharana,Bhubaneshwar,"Borosilicate glass water bottle with cover (Silicone Sleeve) 750ml for Fridge, Office, Gym & Home - Energy Red",Water Bottle,UPI,799,2,1,Low,Delivered,Normal Delivery
T28335,2026-01-30,Anuradha Gupta,New Delhi,"Motivational Borosilicate Glass Water Bottle 1 litre, Glass Sipper Bottle with Straw for Fridge, Office, Gym & Travel - Lunar Blue & Venus Pink",Straws,UPI,3848,0,1,Low,Delivered,Normal Delivery
T28334,2026-01-30,Shruti Varkey,Nashik,"TintCup Borosilicate Glass Coffee Cup (Tumbler) 350 ml with Silicone Lid & Grip, Glass Coffee Mug with lid - Dashing Blue",Coffee Cups,UPI,2357,4,1,Low,Delivered,Normal Delivery
T28333,2026-01-30,Usha vaswani,Pune,"Customized Borosilicate Glass Bottle , 750 ml - Power Blue",Water Bottle,UPI,899,0,1,Low,Delivered,Normal Delivery
T28332,2026-01-30,Vivek Poddar,Kolkata,Pack of 4 Stainless Steel Straws with Silicone Tip and Cleaning Brush - Stainless Steel and Silicone,Straws,UPI,349,0,1,Low,Delivered,Normal Delivery
T28331,2026-01-30,Mangesh Chavan,Mumbai,"Borosilicate glass water bottle with cover (Silicone Sleeve) 750ml for Fridge, Office, Gym & Home - Atomic Green",Water Bottle,UPI,799,2,3,Low,Returned,Send Reminder
T28330,2026-01-30,Hasmita patel,Navsari,"Borosilicate glass water bottle with cover (Silicone Sleeve) 750ml for Fridge, Office, Gym & Home - Lightning Grey",Water Bottle,COD,838,0,4,Medium,Delivered,Call Customer
T28329,2026-01-30,suyash muley,Nagpur,"Borosilicate glass water bottle with cover (Silicone Sleeve) 750ml for Fridge, Office, Gym & Home - Cool Green",Water Bottle,COD,838,1,3,Medium,Delivered,Normal Delivery
T28328,2026-01-30,Ayush Katiyar,Bengaluru,Customized 1Â Litre Bottle - Gravity Gray,1L Water Bottle,UPI,1998,1,3,Low,Delivered,Normal Delivery
T28327,2026-01-30,Naresh -,Khed,"Borosilicate glass water bottle with cover (Silicone Sleeve) 750ml for Fridge, Office, Gym & Home - Energy Red",Water Bottle,COD,838,3,1,Medium,Delivered,Send Reminder
T28326,2026-01-30,Suk ambol,Gurgaon,"Borosilicate glass water bottle with cover (Silicone Sleeve) 750ml for Fridge, Office, Gym & Home - Energy Red",Water Bottle,UPI,799,4,1,Low,Delivered,Normal Delivery
T28325,2026-01-30,Sheetal mawai,New Delhi,"Motivational Borosilicate Glass Water Bottle 1 litre, Glass Sipper Bottle with Straw for Fridge, Office, Gym & Travel - Planet Green",Straws,COD,1038,0,1,Medium,Delivered,Call Customer
T28324,2026-01-30,ASHISH MEHER,Pune,"Motivational Borosilicate Glass Water Bottle 1 litre, Glass Sipper Bottle with Straw for Fridge, Office, Gym & Travel - Lunar Blue",Straws,UPI,999,0,1,Low,Delivered,Normal Delivery
T28323,2026-01-30,Vriti  goel,Bengaluru,GlassUp 500 ml Borosilicate Glass Lunch Box with Glass Lid & Silicone Sleeve - Marine Grey,500ml Lunch Box,UPI,1548,2,3,Low,Delivered,Normal Delivery
T28322,2026-01-30,Doma bhutia,New Delhi,Customized 1Â Litre Bottle - Planet Green,1L Water Bottle,UPI,1149,1,1,Low,Delivered,Normal Delivery
T28321,2026-01-30,Sandhya nair,Bangalore,"Borosilicate glass water bottle with cover (Silicone Sleeve) 750ml for Fridge, Office, Gym & Home - Pulse Yellow",Water Bottle,UPI,799,4,1,Low,Delivered,Normal Delivery
T28320,2026-01-30,Heta raval,Mumbai,"Motivational Borosilicate Glass Water Bottle 1 litre, Glass Sipper Bottle with Straw for Fridge, Office, Gym & Travel - Lunar Blue",Straws,UPI,999,3,1,Low,Delivered,Normal Delivery
T28319,2026-01-30,Manmeet Kaur,Pune,"Customized Borosilicate Glass Bottle , 750 ml - Lightning Grey",Water Bottle,UPI,2547,1,1,Low,Delivered,Normal Delivery
T28318,2026-01-30,Bindu naidu Naidu,Nelamangala,Customized 1Â Litre Bottle - Venus Pink,1L Water Bottle,UPI,1149,5,1,Low,Delivered,Call Customer
T28317,2026-01-30,Ayaz Mulla,Ichalkaranji,"Motivational Borosilicate Glass Water Bottle 1 litre, Glass Sipper Bottle with Straw for Fridge, Office, Gym & Travel - Planet Green",Straws,UPI,999,6,1,Low,Delivered,Call Customer
T28316,2026-01-30,Vanshikha kapil,Bathinda,"TintCup Borosilicate Glass Coffee Cup (Tumbler) 350 ml with Silicone Lid & Grip, Glass Coffee Mug with lid - Mighty Pink",Coffee Cups,UPI,759,3,1,Low,Delivered,Normal Delivery
T28315,2026-01-30,satyapriya -,Chennai,"Motivational Borosilicate Glass Water Bottle 1 litre, Glass Sipper Bottle with Straw for Fridge, Office, Gym & Travel - Lunar Blue & Venus Pink",Straws,UPI,1949,2,1,Low,Delivered,Normal Delivery
T28314,2026-01-30,Dr monika sharma,Firozpur,"Borosilicate glass water bottle with cover (Silicone Sleeve) 750ml for Fridge, Office, Gym & Home - Power Blue",Water Bottle,UPI,799,2,1,Low,Delivered,Normal Delivery
T28313,2026-01-30,Balkrishan Thakur,mandi,"Motivational Borosilicate Glass Water Bottle 1 litre, Glass Sipper Bottle with Straw for Fridge, Office, Gym & Travel - Lunar Blue",Straws,UPI,999,0,1,Low,Delivered,Call Customer
T28312,2026-01-30,Nishant Kapoor,Delhi,Glass Up Borosilicate Glass Lunch Box Set of 3 (500ml x 3) with Silicone Sleeve with Canvas Lunch Bag | Microwave Safe & Leak proof Tiffin Box By TintBox,500ml Lunch Box,UPI,3198,4,1,Low,Delivered,Normal Delivery
T28311,2026-01-30,G r r chary,Trivandrum,"Motivational Borosilicate Glass Water Bottle 1 litre, Glass Sipper Bottle with Straw for Fridge, Office, Gym & Travel - Lunar Blue",Straws,COD,4436,3,4,Medium,Delivered,Call Customer
T28310,2026-01-30,Harsha -,Bangalore,Set of 3 Borosilicate Glass Lunch Boxes(300 ml) with Bag &Â BottleÂ (750Â ml) - Cool Green,300ml Lunch Box,UPI,2649,1,1,Low,Delivered,Normal Delivery
T28309,2026-01-30,Tumi sora,Aalo,"Borosilicate glass water bottle with cover (Silicone Sleeve) 750ml for Fridge, Office, Gym & Home - Cool Green",Water Bottle,COD,838,5,1,Medium,Delivered,Normal Delivery
T28308,2026-01-30,Shubhada p,Pune,"Borosilicate glass water bottle with cover (Silicone Sleeve) 750ml for Fridge, Office, Gym & Home - Pulse Yellow",Water Bottle,UPI,799,2,2,Low,Delivered,Normal Delivery
T28307,2026-01-30,Hansa deepak desai,Mumbai,Customized 1Â Litre Bottle - Venus Pink,1L Water Bottle,UPI,2048,0,3,Low,Delivered,Normal Delivery
T28306,2026-01-30,Shubham jangra,Bahadurgarh,"Borosilicate glass water bottle with cover (Silicone Sleeve) 750ml for Fridge, Office, Gym & Home - Lightning Grey",Water Bottle,UPI,799,0,3,Low,Delivered,Normal Delivery
T28305,2026-01-30,Gayatri pathak,Navsari,Baby Bottle Teat - Slow (0-6 months),Baby Bottle,UPI,189,3,1,Low,Delivered,Normal Delivery
T28304,2026-01-30,Pooja Sawant,Mumbai,"Borosilicate glass water bottle with cover (Silicone Sleeve) 750ml for Fridge, Office, Gym & Home - Energy Red",Water Bottle,UPI,799,2,1,Low,Delivered,Normal Delivery
T28303,2026-01-29,Archana Pawar,Pune,"Borosilicate glass water bottle with cover (Silicone Sleeve) 750ml for Fridge, Office, Gym & Home - Cool Green",Water Bottle,UPI,799,4,1,Low,Delivered,Normal Delivery
T28302,2026-01-29,Emmylya lamin,EAST KHASI HILLS,"Tintbox Cool, Canvas, Eco-Friendly Lunch Bag For Office",Water Bottle,COD,488,2,1,Medium,Delivered,Call Customer
T28301,2026-01-29,Dr syeda afreen,Hyderabad,"Customized Borosilicate Glass Bottle , 750 ml - Cool Green",Water Bottle,UPI,899,3,3,Low,Delivered,Normal Delivery
T28300,2026-01-29,Doctor Naz,Jamner,"Borosilicate Glass Bottle Duo with Protective Silicone Sleeve, 750 ml - Grey & Blue",Water Bottle Combo,COD,1478,3,4,Medium,Returned,Send Reminder
T28299,2026-01-29,Aradhana singh,Ayodhya,"Motivational Borosilicate Glass Water Bottle 1 litre, Glass Sipper Bottle with Straw for Fridge, Office, Gym & Travel - Planet Green",Straws,UPI,999,2,1,Low,Delivered,Normal Delivery
T28298,2026-01-29,Poonam dubey,UJJAIN,"Borosilicate glass water bottle with cover (Silicone Sleeve) 750ml for Fridge, Office, Gym & Home - Cool Green",Water Bottle,UPI,799,3,1,Low,Delivered,Normal Delivery
T28297,2026-01-29,Divyesh Ghevariya,Surat,"Borosilicate glass water bottle with cover (Silicone Sleeve) 750ml for Fridge, Office, Gym & Home - Power Blue",Water Bottle,COD,838,2,1,Medium,Delivered,Call Customer
T28296,2026-01-29,Simmi burnwal,Patna,"Borosilicate glass water bottle with cover (Silicone Sleeve) 750ml for Fridge, Office, Gym & Home - Energy Red",Water Bottle,COD,838,1,1,Medium,Delivered,Call Customer
T28295,2026-01-29,RAMESH KUMAR,Mansa,"Motivational Borosilicate Glass Water Bottle 1 litre, Glass Sipper Bottle with Straw for Fridge, Office, Gym & Travel - Lunar Blue",Straws,UPI,999,2,1,Low,Delivered,Normal Delivery
T28294,2026-01-29,Pankaj Sharma,Jammu,"Motivational Borosilicate Glass Water Bottle 1 litre, Glass Sipper Bottle with Straw for Fridge, Office, Gym & Travel - Lunar Blue",Straws,COD,1038,6,1,Medium,Delivered,Call Customer
T28293,2026-01-29,Anu rejesh,Kannur,"Motivational Borosilicate Glass Water Bottle 1 litre, Glass Sipper Bottle with Straw for Fridge, Office, Gym & Travel - Planet Green",Straws,COD,1038,2,1,Medium,Delivered,Call Customer
T28292,2026-01-29,Unnati jadyar,Mumbai,"Borosilicate glass water bottle with cover (Silicone Sleeve) 750ml for Fridge, Office, Gym & Home - Power Blue",Water Bottle,UPI,799,3,1,Low,Delivered,Normal Delivery
T28291,2026-01-29,Ankita vashistha,Mumbai,Glass Up Borosilicate Glass Lunch Box Set of 3 (500ml x 3) with Silicone Sleeve | Microwave Safe & Leak proof Tiffin Box By TintBox - Coral Green & Arctic Blue & Marine Grey,500ml Lunch Box,UPI,3848,3,1,Low,Delivered,Normal Delivery
T28290,2026-01-29,Ria jose,Kochi,Break Resistant Borosilicate Glass Lunch Box Set of 3 (300ml x 3) with Silicone Sleeve | Microwave Safe & Leak proof Tiffin Box By TintBox - Blue & Orange & Green,300ml Lunch Box,COD,1738,0,1,Medium,Delivered,Call Customer
T28289,2026-01-29,Saba Shakil karim,Mumbai,"Borosilicate glass water bottle with cover (Silicone Sleeve) 750ml for Fridge, Office, Gym & Home - Cool Green",Water Bottle,COD,838,0,1,Medium,Delivered,Call Customer
T28288,2026-01-29,Vishal Kandharkar,Aurangabad,"TintCup Borosilicate Glass Coffee Cup (Tumbler) 350 ml with Silicone Lid & Grip, Glass Coffee Mug with lid - Dynamic Grey",Coffee Cups,UPI,759,1,1,Low,Delivered,Normal Delivery
T28287,2026-01-29,Raichur chandrababu,Hyderabad,Glass Up Borosilicate Glass Lunch Box Set of 2 (500ml x 2) with Silicone Sleeve | Microwave Safe & Leak proof Tiffin Box By TintBox - Marine Grey,500ml Lunch Box,UPI,1499,0,1,Low,Delivered,Normal Delivery
T28286,2026-01-29,Pramanand Santosh Kirme,Parli,"Borosilicate glass water bottle with cover (Silicone Sleeve) 750ml for Fridge, Office, Gym & Home - Cool Green",Water Bottle,COD,838,2,1,Medium,Delivered,Call Customer
T28285,2026-01-29,Zeal desai,Surat,GlassUp 500 ml Borosilicate Glass Lunch Box with Glass Lid & Silicone Sleeve - Arctic Blue,500ml Lunch Box,COD,1787,3,1,Medium,Delivered,Call Customer
T28284,2026-01-29,Saloni kusumgar,Nagpur,"Borosilicate glass water bottle with cover (Silicone Sleeve) 750ml for Fridge, Office, Gym & Home - Grey & Blue",Water Bottle,COD,2307,0,2,Medium,Delivered,Call Customer
T28283,2026-01-29,Mayur Masram,Pune,"Borosilicate glass water bottle with cover (Silicone Sleeve) 750ml for Fridge, Office, Gym & Home - Lightning Grey",Water Bottle,UPI,799,0,1,Low,Delivered,Normal Delivery
T28282,2026-01-29,Nagunoor dilip kumar,HYDERABAD MEDCHAL RANGA REDDY DISTRICT,"Customized Borosilicate Glass Bottle , 750 ml - Atomic Green",Water Bottle,UPI,899,1,3,Low,Delivered,Normal Delivery
T28281,2026-01-29,Anita rana,Upper lambagaon,"Motivational Borosilicate Glass Water Bottle 1 litre, Glass Sipper Bottle with Straw for Fridge, Office, Gym & Travel - Planet Green",Straws,UPI,999,1,1,Low,Delivered,Normal Delivery
T28280,2026-01-29,Achillies Abraham,Bangalore,"Motivational Borosilicate Glass Water Bottle 1 litre, Glass Sipper Bottle with Straw for Fridge, Office, Gym & Travel - Planet Green",Straws,COD,1038,2,1,Medium,Delivered,Call Customer
T28279,2026-01-29,Gaurav Patil,Mumbai,"Borosilicate glass water bottle with cover (Silicone Sleeve) 750ml for Fridge, Office, Gym & Home - Cool Green",Water Bottle,COD,838,6,1,Medium,Delivered,Call Customer
T28278,2026-01-29,Pavneet Singh wadhwa,Delhi,"Borosilicate glass water bottle with cover (Silicone Sleeve) 750ml for Fridge, Office, Gym & Home - Power Blue",Water Bottle,COD,838,3,1,Medium,Delivered,Normal Delivery
T28277,2026-01-29,Falguni Himanshubhai Trivedi,Jamnagar,"Motivational Borosilicate Glass Water Bottle 1 litre, Glass Sipper Bottle with Straw for Fridge, Office, Gym & Travel - Planet Green",Straws,UPI,999,1,1,Low,Delivered,Normal Delivery
T28276,2026-01-29,Desale Dipak,Amalner,"Motivational Borosilicate Glass Water Bottle 1 litre, Glass Sipper Bottle with Straw for Fridge, Office, Gym & Travel - Planet Green",Straws,UPI,999,0,1,Low,Delivered,Normal Delivery
T28275,2026-01-29,Manpreet Kaur,Mohali,"Motivational Borosilicate Glass Water Bottle 1 litre, Glass Sipper Bottle with Straw for Fridge, Office, Gym & Travel - Lunar Blue & Venus Pink",Straws,UPI,1949,3,1,Low,Delivered,Normal Delivery
T28274,2026-01-29,Sapna bharti,Dhuri,"Motivational Borosilicate Glass Water Bottle 1 litre, Glass Sipper Bottle with Straw for Fridge, Office, Gym & Travel - Lunar Blue",Straws,COD,1038,3,1,Medium,Delivered,Normal Delivery
T28273,2026-01-29,Saurabh Shrivastava,Delhi,"Borosilicate glass water bottle with cover (Silicone Sleeve) 750ml for Fridge, Office, Gym & Home - Pulse Yellow",Water Bottle,UPI,799,0,1,Low,Delivered,Normal Delivery
T28272,2026-01-29,Tanya singh,Mumbai,"Borosilicate glass water bottle with cover (Silicone Sleeve) 750ml for Fridge, Office, Gym & Home - Cool Green",Water Bottle,UPI,2847,1,1,Low,Delivered,Normal Delivery
T28271,2026-01-29,Varsha patil,Pune,"Motivational Borosilicate Glass Water Bottle 1 litre, Glass Sipper Bottle with Straw for Fridge, Office, Gym & Travel - Lunar Blue",Straws,UPI,999,0,1,Low,Delivered,Normal Delivery
T28270,2026-01-29,Supriya adkar,NASHIK,"Borosilicate glass water bottle with cover (Silicone Sleeve) 750ml for Fridge, Office, Gym & Home - Grey & Blue",Water Bottle,UPI,1619,3,2,Low,Delivered,Normal Delivery
T28269,2026-01-29,Kapil -,Jamnagar,"Motivational Borosilicate Glass Water Bottle 1 litre, Glass Sipper Bottle with Straw for Fridge, Office, Gym & Travel - Planet Green",Straws,UPI,999,4,3,Low,Delivered,Normal Delivery
T28268,2026-01-29,Sumit Shekhar Jadhav,Kolhapur,"Borosilicate glass water bottle with cover (Silicone Sleeve) 750ml for Fridge, Office, Gym & Home - Cool Green",Water Bottle,COD,838,4,1,Medium,Delivered,Call Customer
T28267,2026-01-29,Radhika Raghavan,Mysore,"Borosilicate Glass Lunch Box with Silicone Sleeve, 300 ml - Oasis Blue",300ml Lunch Box,UPI,2197,2,1,Low,Delivered,Normal Delivery
T28266,2026-01-29,mary Sekhose,KOHIMA,"TintCup Borosilicate Glass Coffee Cup (Tumbler) 350 ml with Silicone Lid & Grip, Glass Coffee Mug with lid - Dashing Blue",Coffee Cups,COD,2347,6,3,Medium,Delivered,Call Customer
T28265,2026-01-29,Vaishali Ghaytidak,Pune,"Borosilicate glass water bottle with cover (Silicone Sleeve) 750ml for Fridge, Office, Gym & Home - Cool Green",Water Bottle,COD,838,0,1,Medium,Delivered,Call Customer
T28264,2026-01-29,Sampan -,Amritsar,"Borosilicate glass water bottle with cover (Silicone Sleeve) 750ml for Fridge, Office, Gym & Home - Energy Red",Water Bottle,COD,838,0,1,Medium,Delivered,Call Customer
T28263,2026-01-29,Saurabh Trivedi,Mumbai,"Borosilicate glass water bottle with cover (Silicone Sleeve) 750ml for Fridge, Office, Gym & Home - Cool Green",Water Bottle,COD,838,2,1,Medium,Delivered,Call Customer
T28262,2026-01-29,Raj joshi,Nagpur,"Motivational Borosilicate Glass Water Bottle 1 litre, Glass Sipper Bottle with Straw for Fridge, Office, Gym & Travel - Lunar Blue & Venus Pink",Straws,UPI,1949,2,1,Low,Delivered,Normal Delivery
T28261,2026-01-29,Rupal doshi,Mumbai,Replacement Lid for Motivational 1L Glass Bottle - Venus Pink,1L Water Bottle,COD,339,2,1,Medium,Delivered,Normal Delivery
T28260,2026-01-29,Suhas Das,Bangalore,"Customized Borosilicate Glass Bottle , 750 ml - Cool Green",Water Bottle,UPI,1258,3,3,Low,Delivered,Normal Delivery
T28259,2026-01-29,Kavetha jeyakumar,Coimbatore,"Motivational Borosilicate Glass Water Bottle 1 litre, Glass Sipper Bottle with Straw for Fridge, Office, Gym & Travel - Lunar Blue & Venus Pink",Straws,UPI,1949,0,2,Low,Delivered,Normal Delivery
T28258,2026-01-29,AradhnaKhanna AradhnaKhanna,THANE,GlassUp 500 ml Borosilicate Glass Lunch Box with Glass Lid & Silicone Sleeve - Coral Green,500ml Lunch Box,COD,1787,3,4,Medium,Delivered,Call Customer
T28257,2026-01-29,Eshika .,Patna,"Borosilicate glass water bottle with cover (Silicone Sleeve) 750ml for Fridge, Office, Gym & Home - Pulse Yellow",Water Bottle,COD,838,2,2,Medium,Delivered,Normal Delivery
T28256,2026-01-29,Swetha reddem,Bangalore,Borosilicate Glass Lunch Box Set of 2 (300ml x 2) with Silicone Sleeve with Canvas Lunch Bag | Microwave Safe & Leak proof Tiffin Box By TintBox - Forest Green,300ml Lunch Box,UPI,2348,0,1,Low,Delivered,Normal Delivery
T28255,2026-01-29,Rajendra shukre,AHMED NAGAR,"Borosilicate Glass Lunch Box with Silicone Sleeve, 300 ml - Oasis Blue",300ml Lunch Box,UPI,2697,3,1,Low,Delivered,Normal Delivery
T28254,2026-01-29,Sommya agarwal,Rourkela,"Motivational Borosilicate Glass Water Bottle 1 litre, Glass Sipper Bottle with Straw for Fridge, Office, Gym & Travel - Lunar Blue",Straws,COD,1038,3,3,Medium,Delivered,Normal Delivery
T28253,2026-01-29,Ramyareddy reddy,Hyderabad,GlassUp 500 ml Borosilicate Glass Lunch Box with Glass Lid & Silicone Sleeve - Coral Green,500ml Lunch Box,COD,1787,5,1,Medium,Delivered,Call Customer
T28252,2026-01-29,Ramyareddy reddy,Hyderabad,"Motivational Borosilicate Glass Water Bottle 1 litre, Glass Sipper Bottle with Straw for Fridge, Office, Gym & Travel - Venus Pink",Straws,COD,1038,2,1,Medium,Delivered,Call Customer
T28251,2026-01-29,Kuljeet singh,Moga,Baby Bottle Teat - Plus (10+ months),Baby Bottle,UPI,189,0,3,Low,Delivered,Normal Delivery
T28250,2026-01-29,Renu singh,Dimapur,"Motivational Borosilicate Glass Water Bottle 1 litre, Glass Sipper Bottle with Straw for Fridge, Office, Gym & Travel - Gravity Gray",Straws,COD,1038,2,2,Medium,Delivered,Call Customer
T28249,2026-01-29,Dr Baby Singha,CACHAR,"Motivational Borosilicate Glass Water Bottle 1 litre, Glass Sipper Bottle with Straw for Fridge, Office, Gym & Travel - Venus Pink",Straws,UPI,999,0,1,Low,Delivered,Normal Delivery
T28248,2026-01-29,Kavetha jeyakumar,Coimbatore,"Motivational Borosilicate Glass Water Bottle 1 litre, Glass Sipper Bottle with Straw for Fridge, Office, Gym & Travel - Planet Green & Gravity Gray",Straws,UPI,3848,4,3,Low,Delivered,Normal Delivery
T28247,2026-01-29,Sagar naik,Goa,"Customized Borosilicate Glass Bottle , 750 ml - Power Blue",Water Bottle,UPI,899,1,2,Low,Delivered,Normal Delivery
T28246,2026-01-29,Suresh Nair,Mumbai,"Borosilicate glass water bottle with cover (Silicone Sleeve) 750ml for Fridge, Office, Gym & Home - Lightning Grey",Water Bottle,UPI,799,1,1,Low,Delivered,Normal Delivery
T28245,2026-01-29,Namrata khanna,Noida west,GlassUp 500 ml Borosilicate Glass Lunch Box with Glass Lid & Silicone Sleeve - Coral Green,500ml Lunch Box,UPI,1748,1,1,Low,Delivered,Normal Delivery
T28244,2026-01-29,Shivani sharma,Delhi,"Borosilicate glass water bottle with cover (Silicone Sleeve) 750ml for Fridge, Office, Gym & Home - Atomic Green",Water Bottle,COD,838,2,4,Medium,Returned,Send Reminder
T28243,2026-01-29,Pratibha mishra,Bangalore,Glass Up Borosilicate Glass Lunch Box Set of 3 (500ml x 3) with Silicone Sleeve with Canvas Lunch Bag | Microwave Safe & Leak proof Tiffin Box By TintBox,500ml Lunch Box,UPI,2349,4,1,Low,Delivered,Normal Delivery
T28242,2026-01-29,Kelly Kamei,GURGAON,"Motivational Borosilicate Glass Water Bottle 1 litre, Glass Sipper Bottle with Straw for Fridge, Office, Gym & Travel - Venus Pink",Straws,COD,1038,0,3,Medium,Returned,Call Customer
T28241,2026-01-29,Sandiip siingh,Mumbai,"Borosilicate glass water bottle with cover (Silicone Sleeve) 750ml for Fridge, Office, Gym & Home - Cool Green",Water Bottle,UPI,799,3,1,Low,Delivered,Normal Delivery
T28240,2026-01-29,Pooja Sharma,Lucknow,"Borosilicate glass water bottle with cover (Silicone Sleeve) 750ml for Fridge, Office, Gym & Home - Cool Green",Water Bottle,COD,1687,0,1,Medium,Delivered,Call Customer
T28239,2026-01-29,Oneil Lewis,Bangalore,"Customized Borosilicate Glass Bottle , 750 ml - Energy Red",Water Bottle,UPI,899,3,2,Low,Delivered,Normal Delivery
T28238,2026-01-29,Rajeshwari  patil,Daund,"Borosilicate glass water bottle with cover (Silicone Sleeve) 750ml for Fridge, Office, Gym & Home - Cool Green",Water Bottle,COD,838,0,1,Medium,Delivered,Call Customer
T28237,2026-01-29,Bharti upadhyay,Delhi,"Borosilicate glass water bottle with cover (Silicone Sleeve) 750ml for Fridge, Office, Gym & Home - Lightning Grey",Water Bottle,UPI,1748,4,1,Low,Delivered,Normal Delivery
T28236,2026-01-29,Priyanka -,Noida,"TintCup Borosilicate Glass Coffee Cup (Tumbler) 350 ml with Silicone Lid & Grip, Glass Coffee Mug with lid - Cosmic Purple",Coffee Cups,UPI,759,3,1,Low,Delivered,Normal Delivery
T28235,2026-01-29,Sharma -,Hyderabad,"Customized Borosilicate Glass Bottle , 750 ml - Pulse Yellow",Water Bottle,UPI,899,2,3,Low,Delivered,Normal Delivery
T28234,2026-01-29,Sourab s k,Davangere,"Customized Borosilicate Glass Bottle , 750 ml - Cool Green",Water Bottle,UPI,899,0,2,Low,Delivered,Normal Delivery
T28233,2026-01-29,Namrata kedia,Mumbai,"Borosilicate glass water bottle with cover (Silicone Sleeve) 750ml for Fridge, Office, Gym & Home - Cool Green",Water Bottle,UPI,799,0,1,Low,Delivered,Normal Delivery
T28232,2026-01-29,Chetan Goswami,Dharmanagar,"Borosilicate glass water bottle with cover (Silicone Sleeve) 750ml for Fridge, Office, Gym & Home - Cool Green",Water Bottle,UPI,799,3,1,Low,Delivered,Normal Delivery
T28231,2026-01-29,Priya joshi,Indore,"Borosilicate glass water bottle with cover (Silicone Sleeve) 750ml for Fridge, Office, Gym & Home - Cool Green",Water Bottle,COD,838,2,1,Medium,Delivered,Call Customer
T28230,2026-01-29,Arun Rana SO ShRamesh Changra,Kangra,"Borosilicate glass water bottle with cover (Silicone Sleeve) 750ml for Fridge, Office, Gym & Home - Atomic Green",Water Bottle,UPI,799,2,1,Low,Delivered,Normal Delivery
T28229,2026-01-29,Ayesha Khan,Mumbai,"TintCup Borosilicate Glass Coffee Cup (Tumbler) 350 ml with Silicone Lid & Grip, Glass Coffee Mug with lid - Dashing Blue",Coffee Cups,UPI,759,4,1,Low,Delivered,Normal Delivery
T28228,2026-01-29,Aparna dewaikar,Chandrapur,"Borosilicate glass water bottle with cover (Silicone Sleeve) 750ml for Fridge, Office, Gym & Home - Grey & Blue",Water Bottle,COD,6302,2,3,Medium,Delivered,Normal Delivery
T28227,2026-01-29,Nandita bansal,Kolkata,"Borosilicate glass water bottle with cover (Silicone Sleeve) 750ml for Fridge, Office, Gym & Home - Grey & Blue",Water Bottle,COD,3127,2,4,Medium,Delivered,Call Customer
T28226,2026-01-29,Kiran Patel,Navi mumbai,GlassUp 500 ml Borosilicate Glass Lunch Box with Glass Lid & Silicone Sleeve - Coral Green,500ml Lunch Box,UPI,2307,2,1,Low,Delivered,Normal Delivery
T28225,2026-01-29,Vishal kohli,Zirakpur,"Borosilicate glass water bottle with cover (Silicone Sleeve) 750ml for Fridge, Office, Gym & Home - Cool Green",Water Bottle,COD,1687,1,1,Medium,Delivered,Call Customer
T28224,2026-01-29,Yash Natani,Guna,"Borosilicate glass water bottle with cover (Silicone Sleeve) 750ml for Fridge, Office, Gym & Home - Cool Green",Water Bottle,UPI,799,4,1,Low,Delivered,Normal Delivery
T28223,2026-01-29,Vidyadeesh Hosmath,Dharwad,"Borosilicate glass water bottle with cover (Silicone Sleeve) 750ml for Fridge, Office, Gym & Home - Lightning Grey",Water Bottle,UPI,799,0,1,Low,Delivered,Normal Delivery
T28222,2026-01-29,Pranya  shetty,Bangalore,"Motivational Borosilicate Glass Water Bottle 1 litre, Glass Sipper Bottle with Straw for Fridge, Office, Gym & Travel - Venus Pink",Straws,COD,1038,3,1,Medium,Delivered,Normal Delivery
T28221,2026-01-29,Ruchi garg,Delhi,"Motivational Borosilicate Glass Water Bottle 1 litre, Glass Sipper Bottle with Straw for Fridge, Office, Gym & Travel - Lunar Blue & Gravity Gray",Straws,UPI,3848,0,1,Low,Delivered,Normal Delivery
T28220,2026-01-29,Mahesh Karkera,Borivali West,"Customized Borosilicate Glass Bottle , 750 ml - Lightning Grey",Water Bottle,UPI,899,4,1,Low,Delivered,Normal Delivery
T28219,2026-01-29,Sonal sood,Panchkula,Glass Up Borosilicate Glass Lunch Box Set of 3 (500ml x 3) with Silicone Sleeve with Canvas Lunch Bag | Microwave Safe & Leak proof Tiffin Box By TintBox,500ml Lunch Box,COD,2388,3,2,Medium,Delivered,Normal Delivery
T28218,2026-01-29,Heena solanki,Pune,"Customized TintCup Borosilicate Glass Coffee Cup with Silicone Lid & Grip, 350 ml - Mighty Pink",Coffee Cups,UPI,1748,4,3,Low,Delivered,Normal Delivery
T28217,2026-01-29,Pallavi alurwar,Chandrapur,"Borosilicate glass water bottle with cover (Silicone Sleeve) 750ml for Fridge, Office, Gym & Home - Energy Red",Water Bottle,COD,3185,2,3,Medium,Delivered,Normal Delivery
T28216,2026-01-29,Beena r pillai,THIRUVANANTHAPURAM,"Motivational Borosilicate Glass Water Bottle 1 litre, Glass Sipper Bottle with Straw for Fridge, Office, Gym & Travel - Venus Pink",Straws,UPI,999,3,1,Low,Delivered,Normal Delivery
T28215,2026-01-29,Dhruvi patel,BHARUCH,"Borosilicate glass water bottle with cover (Silicone Sleeve) 750ml for Fridge, Office, Gym & Home - Lightning Grey",Water Bottle,UPI,3696,2,1,Low,Delivered,Normal Delivery
T28214,2026-01-29,Shraddha jain,Navi Mumbai,"Motivational Borosilicate Glass Water Bottle 1 litre, Glass Sipper Bottle with Straw for Fridge, Office, Gym & Travel - Lunar Blue & Gravity Gray",Straws,UPI,1949,0,1,Low,Delivered,Normal Delivery
T28213,2026-01-29,Devang sanghvi,Mumbai,"Borosilicate glass water bottle with cover (Silicone Sleeve) 750ml for Fridge, Office, Gym & Home - Atomic Green",Water Bottle,UPI,799,0,1,Low,Delivered,Normal Delivery
T28212,2026-01-29,sana hans,Ludhiana,"Borosilicate glass water bottle with cover (Silicone Sleeve) 750ml for Fridge, Office, Gym & Home - Pulse Yellow",Water Bottle,COD,838,3,1,Medium,Delivered,Call Customer
T28211,2026-01-29,vittal -,Bangalore,"Motivational Borosilicate Glass Water Bottle 1 litre, Glass Sipper Bottle with Straw for Fridge, Office, Gym & Travel - Lunar Blue",Straws,COD,1038,3,1,Medium,Delivered,Call Customer
T28210,2026-01-29,Riticka uberoi uberoi,Dehradun,"Customized TintCup Borosilicate Glass Coffee Cup with Silicone Lid & Grip, 350 ml - Mighty Pink",Coffee Cups,UPI,1198,4,1,Low,Delivered,Normal Delivery
T28209,2026-01-29,Pramod  kumar,Bondamunda,Customized 1Â Litre Bottle - Lunar Blue,1L Water Bottle,UPI,1149,4,1,Low,Delivered,Normal Delivery
T28208,2026-01-29,Swati agarwal,Surat,"Motivational Borosilicate Glass Water Bottle 1 litre, Glass Sipper Bottle with Straw for Fridge, Office, Gym & Travel - Planet Green",Straws,COD,1038,2,4,Medium,Delivered,Call Customer
T28207,2026-01-29,Nayan Vora,Mumbai,"Borosilicate glass water bottle with cover (Silicone Sleeve) 750ml for Fridge, Office, Gym & Home - Pulse Yellow",Water Bottle,UPI,2297,3,1,Low,Delivered,Normal Delivery
T28206,2026-01-29,Sanjeev pereira,Mumbai,"TintCup Borosilicate Glass Coffee Cup (Tumbler) 350 ml with Silicone Lid & Grip, Glass Coffee Mug with lid - Wooden Cork Grip",Coffee Cups,UPI,759,0,2,Low,Delivered,Normal Delivery
T28205,2026-01-29,Ranga Aruna,Hyderabad,GlassUp 500 ml Borosilicate Glass Lunch Box with Glass Lid & Silicone Sleeve - Coral Green,500ml Lunch Box,UPI,749,4,3,Low,Delivered,Normal Delivery
T28204,2026-01-29,Rahul dholu,Gandhinagar,"Motivational Borosilicate Glass Water Bottle 1 litre, Glass Sipper Bottle with Straw for Fridge, Office, Gym & Travel - Planet Green",Straws,COD,1038,4,2,Medium,Delivered,Call Customer
T28203,2026-01-29,Nivedita govekar,Nasik,Glass Up Borosilicate Glass Lunch Box Set of 3 (500ml x 3) with Silicone Sleeve | Microwave Safe & Leak proof Tiffin Box By TintBox - Coral Green & Arctic Blue & Marine Grey,500ml Lunch Box,COD,2238,0,2,Medium,Returned,Call Customer
T28202,2026-01-29,Tithi Sing,Baharampur,"Borosilicate glass water bottle with cover (Silicone Sleeve) 750ml for Fridge, Office, Gym & Home - Atomic Green",Water Bottle,COD,838,5,1,Medium,Delivered,Call Customer
T28201,2026-01-29,Ankita sharma,Hyderabad,"Tintbox Cool, Canvas, Eco-Friendly Lunch Bag For Office",Water Bottle,UPI,1847,4,2,Low,Delivered,Normal Delivery
T28200,2026-01-29,Sikha chaudhary,Pune,"Borosilicate glass water bottle with cover (Silicone Sleeve) 750ml for Fridge, Office, Gym & Home - Cool Green",Water Bottle,UPI,799,2,2,Low,Delivered,Normal Delivery
T28199,2026-01-29,Prashant Kumar Sagar,Farrukhabad,"Borosilicate glass water bottle with cover (Silicone Sleeve) 750ml for Fridge, Office, Gym & Home - Cool Green",Water Bottle,COD,838,3,4,Medium,Returned,Call Customer
T28198,2026-01-29,Tanmai Telaprolu,Hyderabad,"Motivational Borosilicate Glass Water Bottle 1 litre, Glass Sipper Bottle with Straw for Fridge, Office, Gym & Travel - Venus Pink",Straws,COD,1038,0,4,Medium,Delivered,Call Customer
T28197,2026-01-29,Seema Aggarwal,Yamuna nagar,"Motivational Borosilicate Glass Water Bottle 1 litre, Glass Sipper Bottle with Straw for Fridge, Office, Gym & Travel - Lunar Blue",Straws,COD,1038,3,2,Medium,Delivered,Call Customer
T28196,2026-01-29,Dipanwita sarkar,Bangalore,"TintCup Borosilicate Glass Coffee Cup (Tumbler) 350 ml with Silicone Lid & Grip, Glass Coffee Mug with lid - Mighty Pink",Coffee Cups,UPI,759,4,2,Low,Delivered,Normal Delivery
T28195,2026-01-29,Julais shaikh,Latur,"Borosilicate glass water bottle with cover (Silicone Sleeve) 750ml for Fridge, Office, Gym & Home - Energy Red",Water Bottle,COD,838,4,2,Medium,Delivered,Normal Delivery
T28194,2026-01-29,Vipul Birla,Saharanpur,"Motivational Borosilicate Glass Water Bottle 1 litre, Glass Sipper Bottle with Straw for Fridge, Office, Gym & Travel - Lunar Blue",Straws,UPI,999,0,2,Low,Delivered,Normal Delivery
T28193,2026-01-29,Jaynil Gandhi,SOLAPUR,"Borosilicate glass water bottle with cover (Silicone Sleeve) 750ml for Fridge, Office, Gym & Home - Power Blue",Water Bottle,UPI,799,2,3,Low,Delivered,Normal Delivery
T28192,2026-01-29,Deepan kumar,VELLORE,"Motivational Borosilicate Glass Water Bottle 1 litre, Glass Sipper Bottle with Straw for Fridge, Office, Gym & Travel - Lunar Blue",Straws,COD,1038,1,1,Medium,Delivered,Call Customer
T28191,2026-01-29,Yashika Malhotra,Delhi,"Motivational Borosilicate Glass Water Bottle 1 litre, Glass Sipper Bottle with Straw for Fridge, Office, Gym & Travel - Planet Green",Straws,UPI,999,0,2,Low,Delivered,Normal Delivery
T28190,2026-01-29,Nidhi gupta,Hyderabad,Glass Up Borosilicate Glass Lunch Box Set of 3 (500ml x 3) with Silicone Sleeve with Canvas Lunch Bag | Microwave Safe & Leak proof Tiffin Box By TintBox,500ml Lunch Box,UPI,2349,1,1,Low,Delivered,Normal Delivery
T28189,2026-01-29,Charlie Perera,Gurgaon,"Borosilicate glass water bottle with cover (Silicone Sleeve) 750ml for Fridge, Office, Gym & Home - Energy Red",Water Bottle,COD,4785,6,1,Medium,Delivered,Call Customer
T28188,2026-01-29,Sangam singh,Lucknow,"Customized Borosilicate Glass Bottle , 750 ml - Cool Green",Water Bottle,UPI,899,1,1,Low,Delivered,Normal Delivery
T28187,2026-01-29,Shahrook sadik tamboli,Pune,"Motivational Borosilicate Glass Water Bottle 1 litre, Glass Sipper Bottle with Straw for Fridge, Office, Gym & Travel - Planet Green",Straws,UPI,999,2,3,Low,Delivered,Normal Delivery
T28186,2026-01-29,Archana  pandey,Udaipur,Customized 1Â Litre Bottle - Planet Green,1L Water Bottle,UPI,1149,1,3,Low,Delivered,Normal Delivery
T28185,2026-01-29,Neeraj dhillon,Jind,"Borosilicate glass water bottle with cover (Silicone Sleeve) 750ml for Fridge, Office, Gym & Home - Lightning Grey",Water Bottle,UPI,799,1,2,Low,Delivered,Normal Delivery
T28184,2026-01-28,Aastha suman,Indore,"Motivational Borosilicate Glass Water Bottle 1 litre, Glass Sipper Bottle with Straw for Fridge, Office, Gym & Travel - Gravity Gray",Straws,UPI,1998,2,3,Low,Delivered,Normal Delivery
T28183,2026-01-28,R sethu,Khurdha,"Customized Borosilicate Glass Bottle , 750 ml - Cool Green",Water Bottle,UPI,949,1,1,Low,Delivered,Normal Delivery
T28182,2026-01-28,Abhishek chavan,Greater thane,"Borosilicate glass water bottle with cover (Silicone Sleeve) 750ml for Fridge, Office, Gym & Home - Pulse Yellow",Water Bottle,COD,838,1,3,Medium,Delivered,Call Customer
T28181,2026-01-28,Jana sreenivasan,Thiruvananthapuram,"Motivational Borosilicate Glass Water Bottle 1 litre, Glass Sipper Bottle with Straw for Fridge, Office, Gym & Travel - Lunar Blue",Straws,UPI,999,1,1,Low,Delivered,Normal Delivery
T28180,2026-01-28,ABHISHEK CH,Mira Bhayandar,"Borosilicate glass water bottle with cover (Silicone Sleeve) 750ml for Fridge, Office, Gym & Home - Cool Green",Water Bottle,UPI,799,0,2,Low,Delivered,Normal Delivery
T28179,2026-01-28,asawari Vivek bhondu,Amravati,"Borosilicate glass water bottle with cover (Silicone Sleeve) 750ml for Fridge, Office, Gym & Home - Cool Green",Water Bottle,COD,838,0,1,Medium,Delivered,Call Customer
T28178,2026-01-28,Aditi Dubey,Barwaha,"Customized Borosilicate Glass Bottle , 750 ml - Power Blue",Water Bottle,UPI,899,0,3,Low,Delivered,Normal Delivery
T28177,2026-01-28,Jamil ahmed,Mumbai,"Borosilicate glass water bottle with cover (Silicone Sleeve) 750ml for Fridge, Office, Gym & Home - Cool Green",Water Bottle,COD,838,2,3,Medium,Returned,Call Customer
T28176,2026-01-28,Bikash Subba,Rangpo,"TintCup Borosilicate Glass Coffee Cup (Tumbler) 350 ml with Silicone Lid & Grip, Glass Coffee Mug with lid - Mighty Pink",Coffee Cups,COD,798,4,2,Medium,Delivered,Normal Delivery
T28175,2026-01-28,Shrutika Agarwal,Mumbai,"TintCup Borosilicate Glass Coffee Cup (Tumbler) 350 ml with Silicone Lid & Grip, Glass Coffee Mug with lid - Cosmic Purple",Coffee Cups,UPI,759,1,1,Low,Delivered,Normal Delivery
T28174,2026-01-28,Revati Ayre,Mumbai,"Borosilicate glass water bottle with cover (Silicone Sleeve) 750ml for Fridge, Office, Gym & Home - Power Blue",Water Bottle,UPI,799,1,1,Low,Delivered,Normal Delivery
T28173,2026-01-28,Jitin Mathews,Ramganj mandi,"Customized TintCup Borosilicate Glass Coffee Cup with Silicone Lid & Grip, 350 ml - Dashing Blue",Coffee Cups,UPI,849,2,1,Low,Delivered,Normal Delivery
T28172,2026-01-28,Sunil dsouza,Mumbai,"Motivational Borosilicate Glass Water Bottle 1 litre, Glass Sipper Bottle with Straw for Fridge, Office, Gym & Travel - Lunar Blue",Straws,UPI,999,1,2,Low,Delivered,Normal Delivery
T28171,2026-01-28,Hitarth Joshi,Palanpur,"Borosilicate glass water bottle with cover (Silicone Sleeve) 750ml for Fridge, Office, Gym & Home - Power Blue",Water Bottle,COD,799,0,1,High,Delivered,Call Customer
T28170,2026-01-28,Divyakakarla Kakarla,Davanagere,"Borosilicate glass water bottle with cover (Silicone Sleeve) 750ml for Fridge, Office, Gym & Home - Cool Green",Water Bottle,COD,2336,4,1,Medium,Delivered,Call Customer
T28169,2026-01-28,Prashant Chaudhari,Gadhinglaj,"Borosilicate glass water bottle with cover (Silicone Sleeve) 750ml for Fridge, Office, Gym & Home - Cool Green",Water Bottle,COD,838,3,1,Medium,Delivered,Call Customer
T28168,2026-01-28,SWATI MUKHERJEE,Gurgaon,"TintCup Borosilicate Glass Coffee Cup (Tumbler) 350 ml with Silicone Lid & Grip, Glass Coffee Mug with lid - Dashing Blue",Coffee Cups,UPI,759,1,3,Low,Delivered,Normal Delivery
T28167,2026-01-28,Sachin khandare,Pune,"Customized Borosilicate Glass Bottle , 750 ml - Cool Green",Water Bottle,UPI,899,0,3,Low,Delivered,Normal Delivery
T28166,2026-01-28,Aman kumar,Surat,"Borosilicate glass water bottle with cover (Silicone Sleeve) 750ml for Fridge, Office, Gym & Home - Lightning Grey",Water Bottle,COD,838,3,1,Medium,Delivered,Normal Delivery
T28165,2026-01-28,Mamtha satish,Bengaluru,GlassUp 500 ml Borosilicate Glass Lunch Box with Glass Lid & Silicone Sleeve - Coral Green,500ml Lunch Box,UPI,1548,4,3,Low,Delivered,Normal Delivery
T28164,2026-01-28,Puja  sarkar,Bolpur,"Motivational Borosilicate Glass Water Bottle 1 litre, Glass Sipper Bottle with Straw for Fridge, Office, Gym & Travel - Planet Green",Straws,UPI,999,3,1,Low,Delivered,Normal Delivery
T28163,2026-01-28,Raghunatha reddy,Punganur,"Motivational Borosilicate Glass Water Bottle 1 litre, Glass Sipper Bottle with Straw for Fridge, Office, Gym & Travel - Lunar Blue",Straws,UPI,999,0,3,Low,Delivered,Normal Delivery
T28162,2026-01-28,Kruti Timbadia,Mumbai,"Customized TintCup Borosilicate Glass Coffee Cup with Silicone Lid & Grip, 350 ml - Mighty Pink",Coffee Cups,UPI,4246,3,1,Low,Delivered,Normal Delivery
T28161,2026-01-28,Vaibhav Jindal,Vellore,"Borosilicate glass water bottle with cover (Silicone Sleeve) 750ml for Fridge, Office, Gym & Home - Power Blue",Water Bottle,COD,838,2,3,Medium,Delivered,Call Customer
T28160,2026-01-28,Shampa chakraborty,Bangalore,Borosilicate Glass Lunch Box Set of 3 (300ml x 3) with Silicone Sleeve with Canvas Lunch Bag | Microwave Safe & Leak proof Tiffin Box By TintBox - Blue & Orange & Green,300ml Lunch Box,UPI,1949,3,1,Low,Delivered,Normal Delivery
T28159,2026-01-28,Arun nagendrappa,Bangalore,"Customized TintCup Borosilicate Glass Coffee Cup with Silicone Lid & Grip, 350 ml - Dynamic Grey",Coffee Cups,UPI,849,1,1,Low,Delivered,Normal Delivery
T28158,2026-01-28,Oneil fonseca,Mumbai,"Motivational Borosilicate Glass Water Bottle 1 litre, Glass Sipper Bottle with Straw for Fridge, Office, Gym & Travel - Lunar Blue & Gravity Gray",Straws,UPI,1949,1,2,Low,Delivered,Normal Delivery
T28157,2026-01-28,Reema Sheta,Surat,Pack of 4 Stainless Steel Straws with Silicone Tip and Cleaning Brush - Stainless Steel and Silicone,Straws,COD,349,2,2,Medium,Delivered,Call Customer
T28156,2026-01-28,Vineet puthran,Navi mumbai,"Borosilicate glass water bottle with cover (Silicone Sleeve) 750ml for Fridge, Office, Gym & Home - Cool Green",Water Bottle,UPI,799,0,3,Low,Delivered,Normal Delivery
T28155,2026-01-28,Komal namdeo,Bhopal,"TintCup Borosilicate Glass Coffee Cup (Tumbler) 350 ml with Silicone Lid & Grip, Glass Coffee Mug with lid - Wooden Cork Grip",Coffee Cups,UPI,4157,1,3,Low,Delivered,Normal Delivery
T28154,2026-01-28,Punam Salunkhe,Pune,"Motivational Borosilicate Glass Water Bottle 1 litre, Glass Sipper Bottle with Straw for Fridge, Office, Gym & Travel - Planet Green",Straws,UPI,999,6,1,Low,Returned,Refund Initiated
T28153,2026-01-28,Teena rose,Elamakkara,"Borosilicate glass water bottle with cover (Silicone Sleeve) 750ml for Fridge, Office, Gym & Home - Lightning Grey",Water Bottle,UPI,799,4,1,Low,Delivered,Normal Delivery
T28152,2026-01-28,Jayshree daryanani,Mumbai,GlassUp 500 ml Borosilicate Glass Lunch Box with Glass Lid & Silicone Sleeve - Marine Grey,500ml Lunch Box,COD,2336,5,1,Medium,Delivered,Call Customer
T28151,2026-01-28,hetal pathak,Greater thane,"Borosilicate glass water bottle with cover (Silicone Sleeve) 750ml for Fridge, Office, Gym & Home - Power Blue",Water Bottle,COD,838,1,4,Medium,Delivered,Call Customer
T28150,2026-01-28,Tshering deki bhutia,Kalimpong,"Customized Borosilicate Glass Bottle , 750 ml - Pulse Yellow",Water Bottle,UPI,899,1,1,Low,Delivered,Normal Delivery
T28149,2026-01-28,Pawan Bhagat,Jamui,"Borosilicate Glass Lunch Box with Silicone Sleeve, 300 ml - Oasis Blue",300ml Lunch Box,COD,1737,0,1,Medium,Delivered,Normal Delivery
T28148,2026-01-28,Bindu sood,Panchkula,"Motivational Borosilicate Glass Water Bottle 1 litre, Glass Sipper Bottle with Straw for Fridge, Office, Gym & Travel - Planet Green",Straws,COD,1038,3,1,Medium,Delivered,Normal Delivery
T28147,2026-01-28,Shubha Harish,Bangalore,"Borosilicate glass water bottle with cover (Silicone Sleeve) 750ml for Fridge, Office, Gym & Home - Cool Green",Water Bottle,UPI,799,1,2,Low,Delivered,Normal Delivery
T28146,2026-01-28,Jayshree Pritam ashtekar,Pune,"Borosilicate glass water bottle with cover (Silicone Sleeve) 750ml for Fridge, Office, Gym & Home - Pulse Yellow",Water Bottle,UPI,799,2,1,Low,Delivered,Normal Delivery
T28145,2026-01-28,Opi Ratan,Pasighat,"Motivational Borosilicate Glass Water Bottle 1 litre, Glass Sipper Bottle with Straw for Fridge, Office, Gym & Travel - Planet Green",Straws,COD,1038,3,1,Medium,Delivered,Call Customer
T28144,2026-01-28,Jyothi P,Bangalore,"TintCup Borosilicate Glass Coffee Cup (Tumbler) 350 ml with Silicone Lid & Grip, Glass Coffee Mug with lid - Dynamic Grey",Coffee Cups,UPI,2208,4,2,Low,Delivered,Normal Delivery
T28143,2026-01-28,Shiwani gupta,THANE,Break Resistant Borosilicate Glass Lunch Box Set of 3 (300ml x 3) with Silicone Sleeve | Microwave Safe & Leak proof Tiffin Box By TintBox - Blue & Orange & Green,300ml Lunch Box,UPI,1699,0,3,Low,Delivered,Normal Delivery
T28142,2026-01-28,Tulu Guha,Kolkata,"Motivational Borosilicate Glass Water Bottle 1 litre, Glass Sipper Bottle with Straw for Fridge, Office, Gym & Travel - Lunar Blue",Straws,UPI,999,4,2,Low,Delivered,Normal Delivery
T28141,2026-01-28,Abha Dubey,Mumbai,"Borosilicate glass water bottle with cover (Silicone Sleeve) 750ml for Fridge, Office, Gym & Home - Cool Green",Water Bottle,COD,799,3,4,Medium,Delivered,Call Customer
T28140,2026-01-28,Alka mahajan,Panchkula,"Motivational Borosilicate Glass Water Bottle 1 litre, Glass Sipper Bottle with Straw for Fridge, Office, Gym & Travel - Lunar Blue",Straws,COD,1038,3,2,Medium,Delivered,Call Customer
T28139,2026-01-28,Shankara k.s,Tiruvannamalai,"Borosilicate glass water bottle with cover (Silicone Sleeve) 750ml for Fridge, Office, Gym & Home - Cool Green",Water Bottle,COD,1687,3,1,Medium,Delivered,Normal Delivery
T28138,2026-01-28,Sunita barick,Pune,"Borosilicate glass water bottle with cover (Silicone Sleeve) 750ml for Fridge, Office, Gym & Home - Power Blue",Water Bottle,UPI,799,4,3,Low,Delivered,Normal Delivery
T28137,2026-01-28,Dhanapal dasari,Puttur,"Borosilicate glass water bottle with cover (Silicone Sleeve) 750ml for Fridge, Office, Gym & Home - Cool Green",Water Bottle,UPI,1648,3,1,Low,Delivered,Normal Delivery
T28136,2026-01-28,Aloukika patil,Pune,GlassUp 500 ml Borosilicate Glass Lunch Box with Glass Lid & Silicone Sleeve - Marine Grey,500ml Lunch Box,UPI,749,4,1,Low,Delivered,Normal Delivery
T28135,2026-01-28,Nidhi GOHIL,Mumbai,"Borosilicate glass water bottle with cover (Silicone Sleeve) 750ml for Fridge, Office, Gym & Home - Power Blue",Water Bottle,COD,838,3,1,Medium,Delivered,Call Customer
T28134,2026-01-28,Archana .,DELHI,"TintCup Borosilicate Glass Coffee Cup (Tumbler) 350 ml with Silicone Lid & Grip, Glass Coffee Mug with lid - Dynamic Grey",Coffee Cups,COD,798,2,3,Medium,Delivered,Call Customer
T28133,2026-01-28,Anju Thakral,Hisar,"Borosilicate glass water bottle with cover (Silicone Sleeve) 750ml for Fridge, Office, Gym & Home - Cool Green",Water Bottle,UPI,799,3,2,Low,Delivered,Normal Delivery
T28132,2026-01-28,Ganesh CS,Coimbatore,"Motivational Borosilicate Glass Water Bottle 1 litre, Glass Sipper Bottle with Straw for Fridge, Office, Gym & Travel - Lunar Blue",Straws,UPI,1998,4,2,Low,Delivered,Normal Delivery
T28131,2026-01-28,Ranjana sharma,Mohali,"Borosilicate glass water bottle with cover (Silicone Sleeve) 750ml for Fridge, Office, Gym & Home - Pulse Yellow",Water Bottle,UPI,2648,1,2,Low,Delivered,Normal Delivery
T28130,2026-01-28,Manju Dudeja,Mumbai,"Motivational Borosilicate Glass Water Bottle 1 litre, Glass Sipper Bottle with Straw for Fridge, Office, Gym & Travel - Venus Pink",Straws,UPI,999,3,3,Low,Delivered,Normal Delivery
T28129,2026-01-28,Atish Pal,Noida,Customized 1Â Litre Bottle - Lunar Blue,1L Water Bottle,UPI,1149,1,3,Low,Delivered,Normal Delivery
T28128,2026-01-28,Sonali Joshi,Mumbai,"Motivational Borosilicate Glass Water Bottle 1 litre, Glass Sipper Bottle with Straw for Fridge, Office, Gym & Travel - Planet Green",Straws,UPI,999,2,1,Low,Delivered,Normal Delivery
T28127,2026-01-28,Mohit Sharma,Delhi,"Borosilicate glass water bottle with cover (Silicone Sleeve) 750ml for Fridge, Office, Gym & Home - Power Blue",Water Bottle,UPI,799,0,3,Low,Delivered,Normal Delivery
T28126,2026-01-28,Prashant Varshney,Bangalaore,"Borosilicate glass water bottle with cover (Silicone Sleeve) 750ml for Fridge, Office, Gym & Home - Atomic Green",Water Bottle,UPI,1648,2,1,Low,Delivered,Normal Delivery
T28125,2026-01-28,Himanshu Varma,Jamnagar,"Borosilicate glass water bottle with cover (Silicone Sleeve) 750ml for Fridge, Office, Gym & Home - Power Blue",Water Bottle,UPI,1798,3,3,Low,Delivered,Normal Delivery
T28124,2026-01-28,Daniel Khan,Mumbai,"Customized Borosilicate Glass Bottle , 750 ml - Power Blue",Water Bottle,UPI,899,1,3,Low,Delivered,Normal Delivery
T28123,2026-01-28,Surekha -,Hyderabad,125ml Glass Baby Feeding Temperature Sensing Baby Bottle | Color Changing Silicon Sleeve - S Flow ( 0-3 months ) / Blue,Baby Bottle,UPI,849,1,3,Low,Delivered,Normal Delivery
T28122,2026-01-28,Suparna -,Vasai,250ml Glass Baby Feeding Temperature Sensing Baby Bottle | Color Changing Silicon Sleeve - M Flow ( 6-10 months ) / Blue,Baby Bottle,UPI,949,4,2,Low,Delivered,Normal Delivery
T28121,2026-01-28,Amitava Ganguly,Chandannagar,"TintCup Borosilicate Glass Coffee Cup (Tumbler) 350 ml with Silicone Lid & Grip, Glass Coffee Mug with lid - Mighty Pink",Coffee Cups,UPI,759,1,3,Low,Returned,Refund Initiated
T28120,2026-01-28,Heer .,PUNE,"Borosilicate glass water bottle with cover (Silicone Sleeve) 750ml for Fridge, Office, Gym & Home - Power Blue",Water Bottle,UPI,799,4,1,Low,Delivered,Normal Delivery
T28119,2026-01-28,Rakesh kumar singh,Bengaluru,"Borosilicate glass water bottle with cover (Silicone Sleeve) 750ml for Fridge, Office, Gym & Home - Energy Red",Water Bottle,UPI,799,0,2,Low,Delivered,Normal Delivery
T28118,2026-01-28,Bhavna  singh,Hisar,"Borosilicate glass water bottle with cover (Silicone Sleeve) 750ml for Fridge, Office, Gym & Home - Grey & Blue",Water Bottle,COD,1658,3,1,Medium,Delivered,Call Customer
T28117,2026-01-28,Sonali bagchi,Bangalore,GlassUp 500 ml Borosilicate Glass Lunch Box with Glass Lid & Silicone Sleeve - Coral Green,500ml Lunch Box,UPI,1548,4,1,Low,Delivered,Normal Delivery
T28116,2026-01-28,Louella Cardoza,Hyderabad,"Motivational Borosilicate Glass Water Bottle 1 litre, Glass Sipper Bottle with Straw for Fridge, Office, Gym & Travel - Venus Pink",Straws,COD,2037,0,4,Medium,Delivered,Call Customer
T28115,2026-01-28,Malik surendra,Baraut,"TintCup Borosilicate Glass Coffee Cup (Tumbler) 350 ml with Silicone Lid & Grip, Glass Coffee Mug with lid - Wooden Cork Grip",Coffee Cups,COD,798,1,3,Medium,Returned,Call Customer
T28114,2026-01-28,M khutub khaiser,Bangalore,"Customized Borosilicate Glass Bottle , 750 ml - Pulse Yellow",Water Bottle,UPI,899,1,1,Low,Delivered,Normal Delivery
T28113,2026-01-28,Vini Solanki,Rajkot,"Borosilicate glass water bottle with cover (Silicone Sleeve) 750ml for Fridge, Office, Gym & Home - Cool Green",Water Bottle,UPI,799,0,3,Low,Returned,Normal Delivery
T28112,2026-01-28,Shalini bhakri,Delhi,"Customized TintCup Borosilicate Glass Coffee Cup with Silicone Lid & Grip, 350 ml - Mighty Pink",Coffee Cups,UPI,849,1,1,Low,Delivered,Normal Delivery
T28111,2026-01-28,POULOMI SEN,Maynaguri,"Borosilicate glass water bottle with cover (Silicone Sleeve) 750ml for Fridge, Office, Gym & Home - Atomic Green",Water Bottle,COD,838,0,2,Medium,Delivered,Call Customer
T28110,2026-01-28,Changmon JC. Marak,Bakatagre,"Motivational Borosilicate Glass Water Bottle 1 litre, Glass Sipper Bottle with Straw for Fridge, Office, Gym & Travel - Lunar Blue",Straws,COD,1038,4,1,Medium,Delivered,Call Customer
T28109,2026-01-28,Swapnil sonje,Nasik,"Borosilicate glass water bottle with cover (Silicone Sleeve) 750ml for Fridge, Office, Gym & Home - Cool Green",Water Bottle,UPI,799,4,1,Low,Delivered,Normal Delivery
T28108,2026-01-28,Saravin nallaiyan sengodan,Erode,"Motivational Borosilicate Glass Water Bottle 1 litre, Glass Sipper Bottle with Straw for Fridge, Office, Gym & Travel - Lunar Blue",Straws,COD,1038,0,4,Medium,Returned,Call Customer
T28107,2026-01-28,Medalda challam,Jowai,"Motivational Borosilicate Glass Water Bottle 1 litre, Glass Sipper Bottle with Straw for Fridge, Office, Gym & Travel - Lunar Blue",Straws,COD,1038,4,4,Medium,Delivered,Call Customer
T28106,2026-01-28,Amar M Dahotre,Islampur,"Customized Borosilicate Glass Bottle , 750 ml - Lightning Grey",Water Bottle,UPI,899,6,1,Low,Delivered,Normal Delivery
T28105,2026-01-28,Saravin nallaiyan sengodan,Erode,"Motivational Borosilicate Glass Water Bottle 1 litre, Glass Sipper Bottle with Straw for Fridge, Office, Gym & Travel - Lunar Blue",Straws,COD,1038,6,1,Medium,Delivered,Call Customer
T28104,2026-01-28,Tharamel t.r.nair,Kunnicode Pin,"Motivational Borosilicate Glass Water Bottle 1 litre, Glass Sipper Bottle with Straw for Fridge, Office, Gym & Travel - Lunar Blue",Straws,COD,1038,4,1,Medium,Delivered,Call Customer
T28103,2026-01-28,Javed Waras,Mumbai,"Borosilicate glass water bottle with cover (Silicone Sleeve) 750ml for Fridge, Office, Gym & Home - Lightning Grey",Water Bottle,COD,838,4,2,Medium,Delivered,Call Customer
T28102,2026-01-28,Sonam agarwal agarwal,Hissar,"Borosilicate glass water bottle with cover (Silicone Sleeve) 750ml for Fridge, Office, Gym & Home - Cool Green",Water Bottle,COD,3185,6,1,Medium,Delivered,Call Customer
T28101,2026-01-28,nitin chauhan,Delhilhi,"Borosilicate glass water bottle with cover (Silicone Sleeve) 750ml for Fridge, Office, Gym & Home - Grey & Blue",Water Bottle,COD,1658,2,1,Medium,Delivered,Call Customer
T28100,2026-01-28,Manoj kumar,Kurukshetra,"Borosilicate glass water bottle with cover (Silicone Sleeve) 750ml for Fridge, Office, Gym & Home - Power Blue",Water Bottle,UPI,799,3,2,Low,Delivered,Normal Delivery
T28099,2026-01-28,Ashutosh  dayma,Pune,"Borosilicate glass water bottle with cover (Silicone Sleeve) 750ml for Fridge, Office, Gym & Home - Cool Green",Water Bottle,COD,838,1,3,Medium,Delivered,Call Customer
T28098,2026-01-28,Devendra prasad tiwari,REWA,"Motivational Borosilicate Glass Water Bottle 1 litre, Glass Sipper Bottle with Straw for Fridge, Office, Gym & Travel - Lunar Blue",Straws,COD,1038,2,1,Medium,Delivered,Call Customer
T28097,2026-01-28,Asha A Rao,Bangalore,"Borosilicate glass water bottle with cover (Silicone Sleeve) 750ml for Fridge, Office, Gym & Home - Power Blue",Water Bottle,UPI,1648,4,3,Low,Delivered,Normal Delivery
T28096,2026-01-28,Sahdevsinh m jadeja,Mundra,"Motivational Borosilicate Glass Water Bottle 1 litre, Glass Sipper Bottle with Straw for Fridge, Office, Gym & Travel - Venus Pink",Straws,COD,1038,5,1,Medium,Delivered,Call Customer
T28095,2026-01-28,Shweta  pagare,Mahim,"TintCup Borosilicate Glass Coffee Cup (Tumbler) 350 ml with Silicone Lid & Grip, Glass Coffee Mug with lid - Cosmic Purple",Coffee Cups,UPI,2558,0,3,Low,Delivered,Normal Delivery
T28094,2026-01-28,Akhil  Mathur,DELHI,"Customized Borosilicate Glass Bottle , 750 ml - Power Blue",Water Bottle,UPI,899,4,3,Low,Delivered,Normal Delivery
T28093,2026-01-28,Maitri  Parashar,Bhopal,"Borosilicate glass water bottle with cover (Silicone Sleeve) 750ml for Fridge, Office, Gym & Home - Energy Red",Water Bottle,UPI,799,3,3,Low,Delivered,Normal Delivery
T28092,2026-01-28,Soumyadip roy,Kolkata,250ml Glass Baby Feeding Temperature Sensing Baby Bottle | Color Changing Silicon Sleeve - M Flow ( 6-10 months ) / Blue,Baby Bottle,UPI,1138,4,3,Low,Delivered,Normal Delivery
T28091,2026-01-28,Tishya madan,Gurgaon,125ml Glass Baby Feeding Temperature Sensing Baby Bottle | Color Changing Silicon Sleeve - M Flow ( 3-6 months ) / Blue,Baby Bottle,UPI,1748,0,1,Low,Delivered,Normal Delivery
T28090,2026-01-28,Sujin p s sels,Chennai,250ml Glass Baby Feeding Temperature Sensing Baby Bottle | Color Changing Silicon Sleeve - M Flow ( 6-10 months ) / Pink,Baby Bottle,COD,988,3,2,Medium,Delivered,Normal Delivery
T28089,2026-01-28,Aadib Merchant,Mumbai,Customized 1Â Litre Bottle - Gravity Gray,1L Water Bottle,UPI,1149,4,3,Low,Delivered,Normal Delivery
T28088,2026-01-28,Shikha kapoor wadhwa,Rajpura,"Motivational Borosilicate Glass Water Bottle 1 litre, Glass Sipper Bottle with Straw for Fridge, Office, Gym & Travel - Planet Green",Straws,COD,1038,3,2,Medium,Returned,Call Customer
T28087,2026-01-27,Tanu bhatia,North West Delhi,"Borosilicate glass water bottle with cover (Silicone Sleeve) 750ml for Fridge, Office, Gym & Home - Pulse Yellow",Water Bottle,UPI,799,1,1,Low,Delivered,Normal Delivery
T28086,2026-01-27,Harsh singh,Ghaziabad,GlassUp 500 ml Borosilicate Glass Lunch Box with Glass Lid & Silicone Sleeve - Arctic Blue,500ml Lunch Box,COD,3035,1,3,Medium,Delivered,Call Customer
T28085,2026-01-27,niyati patel,Ahmedabad,"Borosilicate glass water bottle with cover (Silicone Sleeve) 750ml for Fridge, Office, Gym & Home - Cool Green",Water Bottle,UPI,799,4,1,Low,Delivered,Normal Delivery
T28084,2026-01-27,Sayali Golait,Mumbai,"Borosilicate glass water bottle with cover (Silicone Sleeve) 750ml for Fridge, Office, Gym & Home - Cool Green",Water Bottle,UPI,799,3,2,Low,Delivered,Normal Delivery
T28083,2026-01-27,Punam Salunkhe,Pune,"Motivational Borosilicate Glass Water Bottle 1 litre, Glass Sipper Bottle with Straw for Fridge, Office, Gym & Travel - Planet Green",Straws,UPI,999,0,2,Low,Delivered,Normal Delivery
T28082,2026-01-27,Jay Prajapati,Mumbai,"Borosilicate glass water bottle with cover (Silicone Sleeve) 750ml for Fridge, Office, Gym & Home - Cool Green",Water Bottle,UPI,799,4,1,Low,Delivered,Normal Delivery
T28081,2026-01-27,Tinku Bagga,Faridabad,"Borosilicate glass water bottle with cover (Silicone Sleeve) 750ml for Fridge, Office, Gym & Home - Grey & Blue",Water Bottle,COD,1619,1,4,Medium,Delivered,Call Customer
T28080,2026-01-27,DHAVL PATHAKK,Mumbai,Borosilicate Glass Lunch Box Set of 2 (300ml x 2) with Silicone Sleeve with Canvas Lunch Bag | Microwave Safe & Leak proof Tiffin Box By TintBox - Oasis Blue,300ml Lunch Box,UPI,2158,1,1,Low,Delivered,Normal Delivery
T28079,2026-01-27,Macquillin  moses,Bengaluru,GlassUp 500 ml Borosilicate Glass Lunch Box with Glass Lid & Silicone Sleeve - Blue-Green-Grey,500ml Lunch Box,UPI,2199,4,1,Low,Delivered,Normal Delivery
T28078,2026-01-27,Isha .,BANGALORE,"TintCup Borosilicate Glass Coffee Cup (Tumbler) 350 ml with Silicone Lid & Grip, Glass Coffee Mug with lid - Mighty Pink",Coffee Cups,UPI,759,3,2,Low,Delivered,Normal Delivery
T28077,2026-01-27,Neema  nair,Pune,"Customized TintCup Borosilicate Glass Coffee Cup with Silicone Lid & Grip, 350 ml - Mighty Pink",Coffee Cups,UPI,849,1,1,Low,Delivered,Normal Delivery
T28076,2026-01-27,Samiksha khot,miraj,"Borosilicate glass water bottle with cover (Silicone Sleeve) 750ml for Fridge, Office, Gym & Home - Cool Green",Water Bottle,UPI,2648,3,1,Low,Returned,Refund Initiated
T28075,2026-01-27,Yash seksaria,Bangalore,"Customized TintCup Borosilicate Glass Coffee Cup with Silicone Lid & Grip, 350 ml - Dynamic Grey",Coffee Cups,UPI,1748,1,2,Low,Delivered,Normal Delivery
T28074,2026-01-27,Rose Mary,Wave City Ghaziabad,"Motivational Borosilicate Glass Water Bottle 1 litre, Glass Sipper Bottle with Straw for Fridge, Office, Gym & Travel - Venus Pink",Straws,UPI,999,1,1,Low,Delivered,Call Customer
T28073,2026-01-27,Dibakar Ghosh,Habra,"Borosilicate glass water bottle with cover (Silicone Sleeve) 750ml for Fridge, Office, Gym & Home - Power Blue",Water Bottle,UPI,799,2,3,Low,Delivered,Normal Delivery
T28072,2026-01-27,Sravsan Papineni,Hyderabad,"Motivational Borosilicate Glass Water Bottle 1 litre, Glass Sipper Bottle with Straw for Fridge, Office, Gym & Travel - Lunar Blue & Venus Pink",Straws,COD,1949,1,4,Medium,Delivered,Call Customer
T28071,2026-01-27,Jyoti gutam,Lucknow,"Motivational Borosilicate Glass Water Bottle 1 litre, Glass Sipper Bottle with Straw for Fridge, Office, Gym & Travel - Planet Green",Straws,UPI,999,0,3,Low,Delivered,Normal Delivery
T28070,2026-01-27,Mansi goel Goel,Delhi,"Motivational Borosilicate Glass Water Bottle 1 litre, Glass Sipper Bottle with Straw for Fridge, Office, Gym & Travel - Gravity Gray",Straws,UPI,999,4,1,Low,Delivered,Normal Delivery
T28069,2026-01-27,Sai thopate,Pune,"TintCup Borosilicate Glass Coffee Cup (Tumbler) 350 ml with Silicone Lid & Grip, Glass Coffee Mug with lid - Cosmic Purple",Coffee Cups,UPI,1468,4,2,Low,Delivered,Normal Delivery
T28068,2026-01-27,Adwitiya  Chanvaria,UDAIPUR,Break Resistant Borosilicate Glass Lunch Box Set of 3 (300ml x 3) with Silicone Sleeve | Microwave Safe & Leak proof Tiffin Box By TintBox - Blue & Orange & Green,300ml Lunch Box,UPI,1699,3,3,Low,Delivered,Normal Delivery
T28067,2026-01-27,Wakash ahamed,Ramnad,"Motivational Borosilicate Glass Water Bottle 1 litre, Glass Sipper Bottle with Straw for Fridge, Office, Gym & Travel - Planet Green",Straws,COD,1038,1,4,Medium,Returned,Send Reminder
T28066,2026-01-27,Diana Sarma,Mumbai,"Borosilicate glass water bottle with cover (Silicone Sleeve) 750ml for Fridge, Office, Gym & Home - Cool Green",Water Bottle,UPI,799,0,2,Low,Delivered,Normal Delivery
T28065,2026-01-27,Deepanjali Choudhary,Kolkata,"Motivational Borosilicate Glass Water Bottle 1 litre, Glass Sipper Bottle with Straw for Fridge, Office, Gym & Travel - Planet Green",Straws,UPI,999,3,3,Low,Delivered,Normal Delivery
T28064,2026-01-27,Anjneet nijjar,Jalandhar,Customized 1Â Litre Bottle - Venus Pink,1L Water Bottle,UPI,1149,2,3,Low,Delivered,Normal Delivery
T28063,2026-01-27,Rajashree Kimtee,Hyderabad,"Customized Borosilicate Glass Bottle , 750 ml - Cool Green",Water Bottle,UPI,4495,3,2,Low,Delivered,Normal Delivery
T28062,2026-01-27,Aparna -,Kozhikode,Glass Up Borosilicate Glass Lunch Box Set of 3 (500ml x 3) with Silicone Sleeve | Microwave Safe & Leak proof Tiffin Box By TintBox - Coral Green & Arctic Blue & Marine Grey,500ml Lunch Box,UPI,3098,3,3,Low,Delivered,Normal Delivery
T28061,2026-01-27,Harshita agrawal,Satna,"Motivational Borosilicate Glass Water Bottle 1 litre, Glass Sipper Bottle with Straw for Fridge, Office, Gym & Travel - Lunar Blue & Gravity Gray",Straws,UPI,1949,1,2,Low,Delivered,Normal Delivery
T28060,2026-01-27,Maya ghosh,Tura,"Motivational Borosilicate Glass Water Bottle 1 litre, Glass Sipper Bottle with Straw for Fridge, Office, Gym & Travel - Planet Green",Straws,COD,1038,2,3,Medium,Delivered,Call Customer
T28059,2026-01-27,Syed  shahnawaz rizvi rizvi,Srinagar,"TintCup Borosilicate Glass Coffee Cup (Tumbler) 350 ml with Silicone Lid & Grip, Glass Coffee Mug with lid - Wooden Cork Grip",Coffee Cups,COD,798,3,1,Medium,Delivered,Call Customer
T28058,2026-01-27,Soniya tomar,Noida,"Customized TintCup Borosilicate Glass Coffee Cup with Silicone Lid & Grip, 350 ml - Dynamic Grey",Coffee Cups,UPI,2097,0,3,Low,Delivered,Normal Delivery
T28057,2026-01-27,Ramya N,Hosur,"Tintbox Cool, Canvas, Eco-Friendly Lunch Bag For Office",Water Bottle,UPI,2157,0,1,Low,Delivered,Normal Delivery
T28056,2026-01-27,Supriya jundhare,Pune,Borosilicate Glass Lunch Box Set of 3 (300ml x 3) with Silicone Sleeve with Canvas Lunch Bag | Microwave Safe & Leak proof Tiffin Box By TintBox - Blue & Orange & Green,300ml Lunch Box,UPI,1949,4,3,Low,Delivered,Normal Delivery
T28055,2026-01-27,Farha Shankhdhar,MORADABAD,"Motivational Borosilicate Glass Water Bottle 1 litre, Glass Sipper Bottle with Straw for Fridge, Office, Gym & Travel - Venus Pink",Straws,UPI,999,2,1,Low,Delivered,Normal Delivery
T28054,2026-01-27,Anju kumar,Pune,Borosilicate Glass Lunch Box Set of 3 (300ml x 3) with Silicone Sleeve with Canvas Lunch Bag | Microwave Safe & Leak proof Tiffin Box By TintBox - Blue & Orange & Green,300ml Lunch Box,COD,1988,2,3,Medium,Delivered,Call Customer
T28053,2026-01-27,Neeta Choksy,Mumbai,"Motivational Borosilicate Glass Water Bottle 1 litre, Glass Sipper Bottle with Straw for Fridge, Office, Gym & Travel - Venus Pink",Straws,COD,1038,4,3,Medium,Delivered,Call Customer
T28052,2026-01-27,Indrajit  Bera,Khariar,"Borosilicate glass water bottle with cover (Silicone Sleeve) 750ml for Fridge, Office, Gym & Home - Cool Green",Water Bottle,UPI,799,3,1,Low,Delivered,Normal Delivery
T28051,2026-01-27,Pravin kamble,MUMBAI,"Borosilicate glass water bottle with cover (Silicone Sleeve) 750ml for Fridge, Office, Gym & Home - Power Blue",Water Bottle,COD,838,2,1,Medium,Delivered,Call Customer
T28050,2026-01-27,Madhu agarwal agarwal,Noida,"Motivational Borosilicate Glass Water Bottle 1 litre, Glass Sipper Bottle with Straw for Fridge, Office, Gym & Travel - Lunar Blue & Gravity Gray",Straws,COD,1988,0,1,Medium,Delivered,Call Customer
T28049,2026-01-27,Vrushali Choudhury,Pune,"TintCup Borosilicate Glass Coffee Cup (Tumbler) 350 ml with Silicone Lid & Grip, Glass Coffee Mug with lid - Mighty Pink",Coffee Cups,UPI,759,0,2,Low,Delivered,Normal Delivery
T28048,2026-01-27,Azad khan,Giridih,250ml Glass Baby Feeding Temperature Sensing Baby Bottle | Color Changing Silicon Sleeve - M Flow ( 6-10 months ) / Pink,Baby Bottle,COD,988,1,1,Medium,Delivered,Normal Delivery
T28047,2026-01-27,amit -,Mumbai,"Borosilicate glass water bottle with cover (Silicone Sleeve) 750ml for Fridge, Office, Gym & Home - Atomic Green",Water Bottle,UPI,799,2,1,Low,Delivered,Normal Delivery
T28046,2026-01-27,Rohan Devgirikar,Pune,"Borosilicate glass water bottle with cover (Silicone Sleeve) 750ml for Fridge, Office, Gym & Home - Lightning Grey",Water Bottle,UPI,799,3,1,Low,Delivered,Call Customer
T28045,2026-01-27,amit -,Mumbai,"Borosilicate glass water bottle with cover (Silicone Sleeve) 750ml for Fridge, Office, Gym & Home - Atomic Green",Water Bottle,COD,838,4,1,Medium,Delivered,Call Customer
T28044,2026-01-27,Samee shaikh,Aurangabad,"TintCup Borosilicate Glass Coffee Cup (Tumbler) 350 ml with Silicone Lid & Grip, Glass Coffee Mug with lid - Wooden Cork Grip",Coffee Cups,UPI,759,4,2,Low,Delivered,Normal Delivery
T28043,2026-01-27,Syed Ibrahim,Hyderabad,Break Resistant Borosilicate Glass Lunch Box Set of 3 (300ml x 3) with Silicone Sleeve | Microwave Safe & Leak proof Tiffin Box By TintBox - Blue & Orange & Green,300ml Lunch Box,COD,1738,3,2,Medium,Delivered,Call Customer
T28042,2026-01-27,Divya gupta,Delhi,"Borosilicate Glass Lunch Box with Silicone Sleeve, 300 ml - Sunrise Orange",300ml Lunch Box,COD,2537,6,1,Medium,Delivered,Call Customer
T28041,2026-01-27,Amna ahmad,Kanpur,Baby Bottle Teat - Plus (10+ months),Baby Bottle,COD,1177,1,4,Medium,Delivered,Call Customer
T28040,2026-01-27,Baljit kaur,Navi mumbai,250ml Glass Baby Feeding Temperature Sensing Baby Bottle | Color Changing Silicon Sleeve - M Flow ( 6-10 months ) / Blue,Baby Bottle,UPI,949,4,3,Low,Delivered,Normal Delivery
T28039,2026-01-27,Arpita mahanta,KARBI ANGLONG,"Customized Borosilicate Glass Bottle , 750 ml - Lightning Grey",Water Bottle,UPI,1798,2,2,Low,Delivered,Normal Delivery
T28038,2026-01-27,Riya murkar,Mumbai,"Motivational Borosilicate Glass Water Bottle 1 litre, Glass Sipper Bottle with Straw for Fridge, Office, Gym & Travel - Venus Pink",Straws,COD,2037,1,3,Medium,Delivered,Call Customer
T28037,2026-01-27,Dr Ramkaran,Jind,GlassUp 500 ml Borosilicate Glass Lunch Box with Glass Lid & Silicone Sleeve - Marine Grey,500ml Lunch Box,UPI,749,2,1,Low,Delivered,Normal Delivery
T28036,2026-01-27,Akhrie -,Jalukie town peren,125ml Glass Baby Feeding Temperature Sensing Baby Bottle | Color Changing Silicon Sleeve - S Flow ( 0-3 months ) / Blue,Baby Bottle,COD,2115,6,2,Medium,Delivered,Call Customer
T28035,2026-01-27,Mahavir Shah,Ahmedabad,"Tintbox Cool, Canvas, Eco-Friendly Lunch Bag For Office",Water Bottle,UPI,449,0,1,Low,Delivered,Normal Delivery
T28034,2026-01-27,Aniketa Sandeep Bhogle,MUMBAI,Baby Bottle Teat - Slow (0-6 months),Baby Bottle,UPI,1038,1,1,Low,Delivered,Normal Delivery
T28033,2026-01-27,Pravesh joshi,Jalgaon,"TintCup Borosilicate Glass Coffee Cup (Tumbler) 350 ml with Silicone Lid & Grip, Glass Coffee Mug with lid - Dashing Blue",Coffee Cups,COD,1507,4,4,Medium,Delivered,Call Customer
T28032,2026-01-27,Ruchi  gupta,Bangalore,Break Resistant Borosilicate Glass Lunch Box Set of 3 (300ml x 3) with Silicone Sleeve | Microwave Safe & Leak proof Tiffin Box By TintBox - Blue & Orange & Green,300ml Lunch Box,COD,1738,1,3,Medium,Delivered,Normal Delivery
T28031,2026-01-27,Pooja Verma,Ahmedabad,"TintCup Borosilicate Glass Coffee Cup (Tumbler) 350 ml with Silicone Lid & Grip, Glass Coffee Mug with lid - Cosmic Purple",Coffee Cups,UPI,759,1,2,Low,Delivered,Normal Delivery
T28030,2026-01-27,Wangdi chewang,Gangtok,"Motivational Borosilicate Glass Water Bottle 1 litre, Glass Sipper Bottle with Straw for Fridge, Office, Gym & Travel - Lunar Blue",Straws,UPI,999,1,1,Low,Delivered,Normal Delivery
T28029,2026-01-27,Mehul tadhani,RAJKOT,125ml Glass Baby Feeding Temperature Sensing Baby Bottle | Color Changing Silicon Sleeve - S Flow ( 0-3 months ) / Blue,Baby Bottle,COD,888,5,1,Medium,Delivered,Call Customer
T28028,2026-01-27,Nita chipkar,Mumbai,"Motivational Borosilicate Glass Water Bottle 1 litre, Glass Sipper Bottle with Straw for Fridge, Office, Gym & Travel - Planet Green",Straws,UPI,1998,1,1,Low,Delivered,Normal Delivery
T28027,2026-01-27,megha sharma,Delhi,"Borosilicate glass water bottle with cover (Silicone Sleeve) 750ml for Fridge, Office, Gym & Home - Cool Green",Water Bottle,COD,838,2,1,Medium,Delivered,Call Customer
T28026,2026-01-27,Shahrukh siddiqui,Kolkata,250ml Glass Baby Feeding Temperature Sensing Baby Bottle | Color Changing Silicon Sleeve - + Flow ( 10+ months ) / Pink,Baby Bottle,COD,988,0,1,Medium,Delivered,Call Customer
T28025,2026-01-27,Priyanka -,Chennai,250ml Glass Baby Feeding Temperature Sensing Baby Bottle | Color Changing Silicon Sleeve - + Flow ( 10+ months ) / Pink,Baby Bottle,COD,988,3,3,Medium,Delivered,Call Customer
T28024,2026-01-27,Rukhmani kavitha badri,Hyderabad,"Borosilicate glass water bottle with cover (Silicone Sleeve) 750ml for Fridge, Office, Gym & Home - Energy Red",Water Bottle,UPI,799,1,1,Low,Delivered,Normal Delivery
T28023,2026-01-27,Sukhi Singh,Gurgaon,"Customized Borosilicate Glass Bottle , 750 ml - Energy Red",Water Bottle,UPI,899,4,1,Low,Delivered,Normal Delivery
T28022,2026-01-27,Anupama  bhattacharya,Greater Noida,"Borosilicate glass water bottle with cover (Silicone Sleeve) 750ml for Fridge, Office, Gym & Home - Atomic Green",Water Bottle,COD,838,1,2,Medium,Delivered,Call Customer
T28021,2026-01-27,Aalla Abhilash,Khammam,250ml Glass Baby Feeding Temperature Sensing Baby Bottle | Color Changing Silicon Sleeve - M Flow ( 6-10 months ) / Blue,Baby Bottle,UPI,1327,4,1,Low,Delivered,Normal Delivery
T28020,2026-01-27,Sowjanya Javvadi,Bhimavaram,250ml Glass Baby Feeding Temperature Sensing Baby Bottle | Color Changing Silicon Sleeve - M Flow ( 6-10 months ) / Pink,Baby Bottle,UPI,949,2,1,Low,Delivered,Normal Delivery
T28019,2026-01-27,Aniket Kale,PUNE,"Borosilicate glass water bottle with cover (Silicone Sleeve) 750ml for Fridge, Office, Gym & Home - Power Blue",Water Bottle,COD,838,4,1,Medium,Delivered,Call Customer
T28018,2026-01-27,Dr. SNEHA,Davangere,"Customized TintCup Borosilicate Glass Coffee Cup with Silicone Lid & Grip, 350 ml - Mighty Pink",Coffee Cups,UPI,849,3,1,Low,Delivered,Normal Delivery
T28017,2026-01-27,yukta khati,Faridabad,125ml Glass Baby Feeding Temperature Sensing Baby Bottle | Color Changing Silicon Sleeve - S Flow ( 0-3 months ) / Blue,Baby Bottle,UPI,849,0,1,Low,Delivered,Normal Delivery
T28016,2026-01-27,Mithu banerjee,Kolkata,"Motivational Borosilicate Glass Water Bottle 1 litre, Glass Sipper Bottle with Straw for Fridge, Office, Gym & Travel - Lunar Blue",Straws,UPI,999,4,2,Low,Delivered,Normal Delivery
T28015,2026-01-27,Asha mehta,Gurgaon,GlassUp 500 ml Borosilicate Glass Lunch Box with Glass Lid & Silicone Sleeve - Coral Green,500ml Lunch Box,COD,1637,4,1,Medium,Delivered,Call Customer
T28014,2026-01-27,Mustafa tabha,Bangalore,"Borosilicate Glass Lunch Box with Silicone Sleeve, 300 ml - Oasis Blue",300ml Lunch Box,UPI,1408,0,1,Low,Delivered,Normal Delivery
T28013,2026-01-27,Sujit Sawant,Mumbai,Glass Up Borosilicate Glass Lunch Box Set of 2 (500ml x 2) with Silicone Sleeve | Microwave Safe & Leak proof Tiffin Box By TintBox - Marine Grey,500ml Lunch Box,UPI,1499,3,2,Low,Delivered,Normal Delivery
T28012,2026-01-27,Usha senthilkumar,Chikmagalur,GlassUp 500 ml Borosilicate Glass Lunch Box with Glass Lid & Silicone Sleeve - Coral Green,500ml Lunch Box,UPI,749,1,1,Low,Delivered,Normal Delivery
T28011,2026-01-27,Sweta archana,Ara,GlassUp 500 ml Borosilicate Glass Lunch Box with Glass Lid & Silicone Sleeve - Coral Green,500ml Lunch Box,COD,1637,4,1,Medium,Delivered,Call Customer
T28010,2026-01-27,Manisha sankhala,Deesa,"Borosilicate glass water bottle with cover (Silicone Sleeve) 750ml for Fridge, Office, Gym & Home - Atomic Green",Water Bottle,COD,838,0,4,Medium,Delivered,Call Customer
T28009,2026-01-27,Parthvi patel,Surat,"Motivational Borosilicate Glass Water Bottle 1 litre, Glass Sipper Bottle with Straw for Fridge, Office, Gym & Travel - Lunar Blue & Gravity Gray",Straws,COD,1988,2,4,Medium,Delivered,Call Customer
T28008,2026-01-27,Mustafa -,Pune,"Borosilicate glass water bottle with cover (Silicone Sleeve) 750ml for Fridge, Office, Gym & Home - Cool Green",Water Bottle,UPI,799,0,3,Low,Delivered,Normal Delivery
T28007,2026-01-27,Jhalak patel,Ahmedabad,Break Resistant Borosilicate Glass Lunch Box Set of 3 (300ml x 3) with Silicone Sleeve | Microwave Safe & Leak proof Tiffin Box By TintBox - Blue & Orange & Green,300ml Lunch Box,UPI,6696,2,3,Low,Delivered,Normal Delivery
T28006,2026-01-27,Sadaf aleem,prayagraj,Borosilicate Glass Lunch Box Set of 3 (300ml x 3) with Silicone Sleeve with Canvas Lunch Bag | Microwave Safe & Leak proof Tiffin Box By TintBox - Blue & Orange & Green,300ml Lunch Box,COD,1988,3,3,Medium,Delivered,Call Customer
T28005,2026-01-27,PADMARAG DESHPANDE,Surat,"Motivational Borosilicate Glass Water Bottle 1 litre, Glass Sipper Bottle with Straw for Fridge, Office, Gym & Travel - Venus Pink",Straws,UPI,999,1,2,Low,Delivered,Normal Delivery
T28004,2026-01-27,Manoj barnela,Sikar,"Motivational Borosilicate Glass Water Bottle 1 litre, Glass Sipper Bottle with Straw for Fridge, Office, Gym & Travel - Lunar Blue",Straws,UPI,999,0,1,Low,Delivered,Normal Delivery
T28003,2026-01-27,Shamal Pawar,Greater thane,"Borosilicate glass water bottle with cover (Silicone Sleeve) 750ml for Fridge, Office, Gym & Home - Cool Green",Water Bottle,COD,838,4,4,Medium,Delivered,Call Customer
T28002,2026-01-27,Pradnya gupta,Mumbai,"TintCup Borosilicate Glass Coffee Cup (Tumbler) 350 ml with Silicone Lid & Grip, Glass Coffee Mug with lid - Cosmic Purple",Coffee Cups,UPI,759,3,2,Low,Delivered,Normal Delivery
T28001,2026-01-27,Pallabi  das,Berhampore,"Motivational Borosilicate Glass Water Bottle 1 litre, Glass Sipper Bottle with Straw for Fridge, Office, Gym & Travel - Gravity Gray",Straws,COD,1038,0,1,Medium,Delivered,Call Customer
T28000,2026-01-27,kavita rane,Mumbai,"Borosilicate glass water bottle with cover (Silicone Sleeve) 750ml for Fridge, Office, Gym & Home - Power Blue",Water Bottle,UPI,799,4,1,Low,Delivered,Normal Delivery
T27999,2026-01-27,Geetaba chauhan,Silvassa,Break Resistant Borosilicate Glass Lunch Box Set of 3 (300ml x 3) with Silicone Sleeve | Microwave Safe & Leak proof Tiffin Box By TintBox - Blue & Orange & Green,300ml Lunch Box,COD,1738,0,1,Medium,Delivered,Normal Delivery
T27998,2026-01-27,vineetha s,Kakkanad,"Motivational Borosilicate Glass Water Bottle 1 litre, Glass Sipper Bottle with Straw for Fridge, Office, Gym & Travel - Lunar Blue",Straws,UPI,999,2,2,Low,Delivered,Normal Delivery
T27997,2026-01-27,Jyothi kiran  koppula,Visakhapatnam,"Motivational Borosilicate Glass Water Bottle 1 litre, Glass Sipper Bottle with Straw for Fridge, Office, Gym & Travel - Lunar Blue & Gravity Gray",Straws,COD,1988,0,3,Medium,Delivered,Normal Delivery
T27996,2026-01-27,ANITA GUPTA,Thane,"Borosilicate glass water bottle with cover (Silicone Sleeve) 750ml for Fridge, Office, Gym & Home - Cool Green",Water Bottle,UPI,799,0,1,Low,Delivered,Normal Delivery
T27995,2026-01-27,Yashoda -,Umred,"Borosilicate glass water bottle with cover (Silicone Sleeve) 750ml for Fridge, Office, Gym & Home - Cool Green",Water Bottle,COD,838,0,4,Medium,Delivered,Call Customer
T27994,2026-01-27,Damam Akshay,Kurnool,"Motivational Borosilicate Glass Water Bottle 1 litre, Glass Sipper Bottle with Straw for Fridge, Office, Gym & Travel - Gravity Gray",Straws,UPI,999,3,1,Low,Delivered,Normal Delivery
T27993,2026-01-27,SAM -,Rajkot,"Motivational Borosilicate Glass Water Bottle 1 litre, Glass Sipper Bottle with Straw for Fridge, Office, Gym & Travel - Venus Pink",Straws,UPI,999,0,3,Low,Delivered,Normal Delivery
T27992,2026-01-27,Kavita rathee,Delhi,"Motivational Borosilicate Glass Water Bottle 1 litre, Glass Sipper Bottle with Straw for Fridge, Office, Gym & Travel - Venus Pink",Straws,UPI,999,4,3,Low,Delivered,Normal Delivery
T27991,2026-01-27,Adi -,Hyderabad,"Motivational Borosilicate Glass Water Bottle 1 litre, Glass Sipper Bottle with Straw for Fridge, Office, Gym & Travel - Lunar Blue",Straws,COD,1038,2,2,Medium,Delivered,Call Customer
T27990,2026-01-27,Rakesh Kumar,Pune,Borosilicate Glass Lunch Box Set of 2 (300ml x 2) with Silicone Sleeve with Canvas Lunch Bag | Microwave Safe & Leak proof Tiffin Box By TintBox - Oasis Blue,300ml Lunch Box,UPI,1449,2,3,Low,Delivered,Normal Delivery
T27989,2026-01-27,Ranjani -,Bengaluru,"Borosilicate glass water bottle with cover (Silicone Sleeve) 750ml for Fridge, Office, Gym & Home - Atomic Green",Water Bottle,UPI,799,0,1,Low,Delivered,Normal Delivery
T27988,2026-01-27,Piyush Malhotra,Pathankot,Customized 1Â Litre Bottle - Venus Pink,1L Water Bottle,UPI,3796,3,3,Low,Delivered,Normal Delivery
T27987,2026-01-27,NIRANJAN G,LAKSHMIKANTH nagar hebbal,"Borosilicate glass water bottle with cover (Silicone Sleeve) 750ml for Fridge, Office, Gym & Home - Lightning Grey",Water Bottle,UPI,799,3,1,Low,Returned,Refund Initiated
T27986,2026-01-27,Karen noronha,Mumbai,"Borosilicate glass water bottle with cover (Silicone Sleeve) 750ml for Fridge, Office, Gym & Home - Cool Green",Water Bottle,COD,838,4,1,Medium,Delivered,Call Customer
T27985,2026-01-27,Harishchandra -,Navi mumbai,"Motivational Borosilicate Glass Water Bottle 1 litre, Glass Sipper Bottle with Straw for Fridge, Office, Gym & Travel - Venus Pink",Straws,COD,2037,0,1,Medium,Delivered,Call Customer
T27984,2026-01-27,Mahek aaliya,Mumbai,125ml Glass Baby Feeding Temperature Sensing Baby Bottle | Color Changing Silicon Sleeve - M Flow ( 3-6 months ) / Blue,Baby Bottle,COD,888,2,1,Medium,Delivered,Call Customer
T27983,2026-01-27,Moushmi mukherjee,Bharuch,"Motivational Borosilicate Glass Water Bottle 1 litre, Glass Sipper Bottle with Straw for Fridge, Office, Gym & Travel - Lunar Blue",Straws,UPI,999,3,3,Low,Delivered,Normal Delivery
T27982,2026-01-27,AMARTYA DAS,MEDINIPUR EAST,125ml Glass Baby Feeding Temperature Sensing Baby Bottle | Color Changing Silicon Sleeve - M Flow ( 3-6 months ) / Blue,Baby Bottle,UPI,2076,0,2,Low,Delivered,Normal Delivery
T27981,2026-01-26,Sutapa Bera,Midnapore,125ml Glass Baby Feeding Temperature Sensing Baby Bottle | Color Changing Silicon Sleeve - M Flow ( 3-6 months ) / Blue,Baby Bottle,COD,888,3,3,Medium,Delivered,Normal Delivery
T27980,2026-01-26,Alpana Gogoi,Sarupathar,"Borosilicate glass water bottle with cover (Silicone Sleeve) 750ml for Fridge, Office, Gym & Home - Cool Green",Water Bottle,COD,838,5,1,Medium,Delivered,Call Customer
T27979,2026-01-26,Ankur Bapna,Pune,"Motivational Borosilicate Glass Water Bottle 1 litre, Glass Sipper Bottle with Straw for Fridge, Office, Gym & Travel - Planet Green",Straws,UPI,999,6,1,Low,Returned,Refund Initiated
T27978,2026-01-26,Atharva rane,West Mumbai,"Borosilicate glass water bottle with cover (Silicone Sleeve) 750ml for Fridge, Office, Gym & Home - Grey & Blue",Water Bottle,COD,1658,3,1,Medium,Delivered,Call Customer
T27977,2026-01-26,Alpana Gogoi,Sarupathar,"Borosilicate glass water bottle with cover (Silicone Sleeve) 750ml for Fridge, Office, Gym & Home - Energy Red",Water Bottle,COD,838,2,1,Medium,Delivered,Call Customer
T27976,2026-01-26,Tapaswini pradhan,Noida,"TintCup Borosilicate Glass Coffee Cup (Tumbler) 350 ml with Silicone Lid & Grip, Glass Coffee Mug with lid - Mighty Pink",Coffee Cups,UPI,1468,1,3,Low,Delivered,Normal Delivery
T27975,2026-01-26,Sunny Gogiya,Thane,Set of 3 Borosilicate Glass Lunch Boxes(300 ml) with Bag &Â BottleÂ (750Â ml) - Cool Green,300ml Lunch Box,UPI,2649,4,1,Low,Delivered,Normal Delivery
T27974,2026-01-26,aman raj,Saharsa,"Motivational Borosilicate Glass Water Bottle 1 litre, Glass Sipper Bottle with Straw for Fridge, Office, Gym & Travel - Gravity Gray",Straws,UPI,999,4,1,Low,Delivered,Normal Delivery
T27973,2026-01-26,Saloni Malik,New delhi,"Borosilicate glass water bottle with cover (Silicone Sleeve) 750ml for Fridge, Office, Gym & Home - Cool Green",Water Bottle,UPI,799,2,3,Low,Delivered,Normal Delivery
T27972,2026-01-26,Chaitanya -,Hyderabad,"Motivational Borosilicate Glass Water Bottle 1 litre, Glass Sipper Bottle with Straw for Fridge, Office, Gym & Travel - Lunar Blue & Venus Pink",Straws,UPI,1949,3,2,Low,Delivered,Normal Delivery
T27971,2026-01-26,RAJESH SHASHI NAIR,Ulhasnagar,"Motivational Borosilicate Glass Water Bottle 1 litre, Glass Sipper Bottle with Straw for Fridge, Office, Gym & Travel - Lunar Blue",Straws,COD,1038,0,3,Medium,Delivered,Call Customer
T27970,2026-01-26,Sucheta panandikar,Mumbai,"Borosilicate glass water bottle with cover (Silicone Sleeve) 750ml for Fridge, Office, Gym & Home - Pulse Yellow",Water Bottle,UPI,799,3,1,Low,Delivered,Normal Delivery
T27969,2026-01-26,Hamza kapadia,Mumbai,Glass Up Borosilicate Glass Lunch Box Set of 3 (500ml x 3) with Silicone Sleeve with Canvas Lunch Bag | Microwave Safe & Leak proof Tiffin Box By TintBox,500ml Lunch Box,UPI,2349,2,2,Low,Delivered,Normal Delivery
T27968,2026-01-26,Supriya singh rajput,Gurgaon,GlassUp 500 ml Borosilicate Glass Lunch Box with Glass Lid & Silicone Sleeve - Arctic Blue,500ml Lunch Box,COD,1587,4,1,Medium,Delivered,Call Customer
T27967,2026-01-26,Minaz kazi,MUMBAI,"Customized TintCup Borosilicate Glass Coffee Cup with Silicone Lid & Grip, 350 ml - Dashing Blue",Coffee Cups,UPI,849,3,3,Low,Delivered,Normal Delivery
T27966,2026-01-26,Minaz kazi,MUMBAI,"Customized TintCup Borosilicate Glass Coffee Cup with Silicone Lid & Grip, 350 ml - Dashing Blue",Coffee Cups,UPI,849,4,1,Low,Delivered,Normal Delivery
T27965,2026-01-26,Soumen panda,Bangalore,"Motivational Borosilicate Glass Water Bottle 1 litre, Glass Sipper Bottle with Straw for Fridge, Office, Gym & Travel - Lunar Blue & Venus Pink",Straws,UPI,1949,0,3,Low,Delivered,Normal Delivery
T27964,2026-01-26,Rachana  herur,Bengaluru,Customized 1Â Litre Bottle - Gravity Gray,1L Water Bottle,UPI,1149,4,1,Low,Delivered,Normal Delivery
T27963,2026-01-26,Aanjaneya K,Aluva,"Customized Borosilicate Glass Lunch Box with Silicone Sleeve, 300 ml - Sunrise Orange",300ml Lunch Box,UPI,749,4,1,Low,Delivered,Normal Delivery
T27962,2026-01-26,Sanjay Barua,Navi Mumbai,"Borosilicate glass water bottle with cover (Silicone Sleeve) 750ml for Fridge, Office, Gym & Home - Cool Green",Water Bottle,COD,799,1,2,Medium,Delivered,Call Customer
T27961,2026-01-26,Batul Sayed,Mumbai,125ml Glass Baby Feeding Temperature Sensing Baby Bottle | Color Changing Silicon Sleeve - M Flow ( 3-6 months ) / Blue,Baby Bottle,UPI,849,1,1,Low,Delivered,Normal Delivery
T27960,2026-01-26,Paritosh Singh,Bangalore,"Borosilicate glass water bottle with cover (Silicone Sleeve) 750ml for Fridge, Office, Gym & Home - Power Blue",Water Bottle,UPI,1558,1,2,Low,Delivered,Normal Delivery
T27959,2026-01-26,Vaishnavi Khot,Malkapur,"Borosilicate glass water bottle with cover (Silicone Sleeve) 750ml for Fridge, Office, Gym & Home - Cool Green",Water Bottle,UPI,799,4,3,Low,Delivered,Normal Delivery
T27958,2026-01-26,Jagruti Bhansali,Mumbai,"Borosilicate glass water bottle with cover (Silicone Sleeve) 750ml for Fridge, Office, Gym & Home - Energy Red",Water Bottle,UPI,799,2,3,Low,Delivered,Normal Delivery
T27957,2026-01-26,Rahul Gupta,Delhi,"Borosilicate glass water bottle with cover (Silicone Sleeve) 750ml for Fridge, Office, Gym & Home - Power Blue",Water Bottle,UPI,799,4,3,Low,Delivered,Normal Delivery
T27956,2026-01-26,Suraj -,Gurgaon,"Borosilicate glass water bottle with cover (Silicone Sleeve) 750ml for Fridge, Office, Gym & Home - Cool Green",Water Bottle,UPI,799,2,1,Low,Delivered,Normal Delivery
T27955,2026-01-26,Pratik gurlani,Gandhinagar,"TintCup Borosilicate Glass Coffee Cup (Tumbler) 350 ml with Silicone Lid & Grip, Glass Coffee Mug with lid - Wooden Cork Grip",Coffee Cups,UPI,759,2,2,Low,Delivered,Normal Delivery
T27954,2026-01-26,Karishma Jain,Chennai,"Motivational Borosilicate Glass Water Bottle 1 litre, Glass Sipper Bottle with Straw for Fridge, Office, Gym & Travel - Planet Green & Gravity Gray",Straws,UPI,1949,1,3,Low,Delivered,Normal Delivery
T27953,2026-01-26,Chandran -,Tirupur,"Motivational Borosilicate Glass Water Bottle 1 litre, Glass Sipper Bottle with Straw for Fridge, Office, Gym & Travel - Lunar Blue",Straws,UPI,999,3,2,Low,Delivered,Normal Delivery
T27952,2026-01-26,Kk kalra,Gurgaon,"1Â Litre , Motivational Glass Sipper Bottle - Lunar Blue & Gravity Gray",1L Water Bottle,COD,1988,0,2,Medium,Delivered,Call Customer
T27951,2026-01-26,Srirupa banik,Kolkata,"1Â Litre , Motivational Glass Sipper Bottle - Venus Pink",1L Water Bottle,UPI,999,1,3,Low,Delivered,Normal Delivery
T27950,2026-01-26,Khyati Khyati,PUNE,Set of 2 GlassUp ( 500ml ) Lunch Box - Coral Green,500ml Lunch Box,UPI,1499,1,2,Low,Delivered,Normal Delivery
T27949,2026-01-26,Saurabh chawande,Mumbai,"Borosilicate Glass Water Bottle with Protective Silicone Sleeve, 750 ml - Lightning Grey",Water Bottle,UPI,799,3,1,Low,Delivered,Normal Delivery
T27948,2026-01-26,Sujata Jadhav,Mumbai,"Borosilicate Glass Water Bottle with Protective Silicone Sleeve, 750 ml - Power Blue",Water Bottle,UPI,799,0,2,Low,Delivered,Normal Delivery
T27947,2026-01-26,Aravind -,Bangalore,"TintCup Borosilicate Glass Coffee Cup with Silicone Lid & Grip, 350 ml - Wooden Cork Grip",Coffee Cups,COD,798,4,1,Medium,Delivered,Call Customer
T27946,2026-01-26,Aniruddh Jadhav,Mumbai,"Borosilicate Glass Water Bottle with Protective Silicone Sleeve, 750 ml - Lightning Grey",Water Bottle,COD,838,4,4,Medium,Delivered,Call Customer
T27945,2026-01-26,Ruchi  yadav,Nagpur,"Borosilicate Glass Water Bottle with Protective Silicone Sleeve, 750 ml - Atomic Green",Water Bottle,COD,838,1,3,Medium,Delivered,Normal Delivery
T27944,2026-01-26,Sharada Pamula,Hyderabad,GlassUp 500 ml Borosilicate Glass Lunch Box with Glass Lid & Silicone Sleeve - Marine Grey,500ml Lunch Box,UPI,749,0,1,Low,Delivered,Normal Delivery
T27943,2026-01-26,Sankar prasad nath,Guwahati,"Borosilicate Glass Water Bottle with Protective Silicone Sleeve, 750 ml - Pulse Yellow",Water Bottle,UPI,799,1,1,Low,Delivered,Normal Delivery
T27942,2026-01-26,Aryan kumar,Vadodara,"Borosilicate Glass Water Bottle with Protective Silicone Sleeve, 750 ml - Power Blue",Water Bottle,COD,838,2,2,Medium,Delivered,Call Customer
T27941,2026-01-26,Mohini Chandorkar,Mumbai,"Borosilicate Glass Water Bottle with Protective Silicone Sleeve, 750 ml - Cool Green",Water Bottle,UPI,799,1,2,Low,Delivered,Normal Delivery
T27940,2026-01-26,Ambalika Saha,Bangalore,(Spare) BPA Free Spout Lid for TintBox 750ml Borosilicate Glass Water Bottle,Water Bottle,UPI,420,1,2,Low,Delivered,Normal Delivery
T27939,2026-01-26,Christina linnet,Bengaluru,"1Â Litre , Motivational Glass Sipper Bottle - Planet Green & Gravity Gray",1L Water Bottle,COD,1988,4,2,Medium,Delivered,Normal Delivery
T27938,2026-01-26,Pooja srinivas,Bengaluru,Set of 2 GlassUp ( 500ml ) Lunch Box - Arctic Blue,500ml Lunch Box,COD,4686,4,2,Medium,Delivered,Call Customer
T27937,2026-01-26,Sakhi Polekar,Udupi,"Borosilicate Glass Water Bottle with Protective Silicone Sleeve, 750 ml - Power Blue",Water Bottle,UPI,799,4,3,Low,Delivered,Normal Delivery
T27936,2026-01-26,sridevi j p,Bangalore,"Borosilicate Glass Water Bottle with Protective Silicone Sleeve, 750 ml - Pulse Yellow",Water Bottle,UPI,799,2,3,Low,Delivered,Normal Delivery
T27935,2026-01-26,Ankita .,MUZAFFARNAGAR,"1Â Litre , Motivational Glass Sipper Bottle - Lunar Blue & Venus Pink",1L Water Bottle,UPI,1949,4,2,Low,Delivered,Normal Delivery
T27934,2026-01-26,Rohit Bhardwaj,Ahmedabad,"Borosilicate Glass Water Bottle with Protective Silicone Sleeve, 750 ml - Lightning Grey",Water Bottle,UPI,799,0,2,Low,Delivered,Normal Delivery
T27933,2026-01-26,Monalisa sarma barthakur,Guwahati,"1Â Litre , Motivational Glass Sipper Bottle - Venus Pink",1L Water Bottle,UPI,999,3,3,Low,Delivered,Normal Delivery
T27932,2026-01-26,Koel Chakraborty,Kolkata,"Borosilicate Glass Water Bottle with Protective Silicone Sleeve, 750 ml - Energy Red",Water Bottle,UPI,799,0,3,Low,Delivered,Normal Delivery
T27931,2026-01-26,ANKIT GUPTA,Jamshedpur,"1Â Litre , Motivational Glass Sipper Bottle - Gravity Gray",1L Water Bottle,UPI,999,0,2,Low,Delivered,Normal Delivery
T27930,2026-01-26,Rakhi Gupta,Bangalore,"TintCup Borosilicate Glass Coffee Cup with Silicone Lid & Grip, 350 ml - Blue & Pink",Coffee Cups,UPI,1499,4,2,Low,Delivered,Normal Delivery
T27929,2026-01-26,Sangeeta pal,Delhi,Customized 1Â Litre Bottle - Lunar Blue,1L Water Bottle,UPI,3647,3,3,Low,Delivered,Normal Delivery
T27928,2026-01-26,Rekha kapse,Mumbai,"TintCup Borosilicate Glass Coffee Cup with Silicone Lid & Grip, 350 ml - Mighty Pink",Coffee Cups,COD,1747,3,1,Medium,Delivered,Call Customer
T27927,2026-01-26,Neeraj gupta,Delhi,"Borosilicate Glass Water Bottle with Protective Silicone Sleeve, 750 ml - Lightning Grey",Water Bottle,UPI,799,3,1,Low,Delivered,Normal Delivery
T27926,2026-01-26,Swapna  kunam,Visakhapatnam,"1Â Litre , Motivational Glass Sipper Bottle - Lunar Blue & Venus Pink",1L Water Bottle,UPI,4346,2,2,Low,Delivered,Normal Delivery
T27925,2026-01-26,Rashmi Arora,Noida,"1Â Litre , Motivational Glass Sipper Bottle - Planet Green & Gravity Gray",1L Water Bottle,UPI,1949,4,3,Low,Delivered,Normal Delivery
T27924,2026-01-26,Nikita rohra,Greater thane,"TintCup Borosilicate Glass Coffee Cup with Silicone Lid & Grip, 350 ml - Mighty Pink",Coffee Cups,COD,798,3,1,Medium,Delivered,Call Customer
T27923,2026-01-26,Suzanne chowdhry,Mumbai,"Borosilicate Glass Water Bottle with Protective Silicone Sleeve, 750 ml - Lightning Grey",Water Bottle,UPI,4654,2,3,Low,Delivered,Normal Delivery
T27922,2026-01-26,Mahesh Maheswari,Bhubaneswar,"Borosilicate Glass Water Bottle with Protective Silicone Sleeve, 750 ml - Grey & Blue",Water Bottle,UPI,1619,1,3,Low,Delivered,Normal Delivery
T27921,2026-01-26,Padma T,SECUNDRABAD,GlassUp 500 ml Borosilicate Glass Lunch Box with Glass Lid & Silicone Sleeve - Arctic Blue,500ml Lunch Box,UPI,749,1,3,Low,Delivered,Normal Delivery
T27920,2026-01-26,Harendra  atri,Jattari,"1Â Litre , Motivational Glass Sipper Bottle - Planet Green",1L Water Bottle,COD,1038,2,2,Medium,Returned,Call Customer
T27919,2026-01-26,Vidya Chavanke,Navi Mumbai,Set of 3 Borosilicate Glass Lunch box with Canvas Bag - Blue & Orange & Green,500ml Lunch Box,UPI,3598,2,3,Low,Delivered,Normal Delivery
T27918,2026-01-26,Anjali kumar,Bangalore,"1Â Litre , Motivational Glass Sipper Bottle - Planet Green",1L Water Bottle,COD,1038,4,3,Medium,Delivered,Call Customer
T27917,2026-01-26,Meenal S,Navi mumbai,"Customized TintCup Borosilicate Glass Coffee Cup with Silicone Lid & Grip, 350 ml - Dashing Blue",Coffee Cups,UPI,1748,4,1,Low,Delivered,Normal Delivery
T27916,2026-01-26,Stella Dmello,Bangalore,GlassUp 500 ml Borosilicate Glass Lunch Box with Glass Lid & Silicone Sleeve - Coral Green Duo,500ml Lunch Box,UPI,1499,1,3,Low,Delivered,Normal Delivery
T27915,2026-01-26,Pritam patil,Pune,"Borosilicate Glass Water Bottle with Protective Silicone Sleeve, 750 ml - Lightning Grey",Water Bottle,UPI,799,3,1,Low,Delivered,Normal Delivery
T27914,2026-01-26,Gaurav vinod kadam,PUNE,"Borosilicate Glass Water Bottle with Protective Silicone Sleeve, 750 ml - Power Blue",Water Bottle,UPI,1798,1,2,Low,Delivered,Normal Delivery
T27913,2026-01-26,Sonia Prakash Desai,Bangalore,"Borosilicate Glass Water Bottle with Protective Silicone Sleeve, 750 ml - Cool Green",Water Bottle,UPI,799,3,3,Low,Delivered,Normal Delivery
T27912,2026-01-26,Sarika Mavale,Pune,"Borosilicate Glass Water Bottle with Protective Silicone Sleeve, 750 ml - Atomic Green",Water Bottle,UPI,799,3,2,Low,Delivered,Normal Delivery
T27911,2026-01-26,Shivani kuliyal,Dehradun,"Borosilicate Glass Water Bottle with Protective Silicone Sleeve, 750 ml - Pulse Yellow",Water Bottle,UPI,799,4,3,Low,Returned,Refund Initiated
T27910,2026-01-26,Neelam -,Delhi,"Borosilicate Glass Water Bottle with Protective Silicone Sleeve, 750 ml - Cool Green",Water Bottle,UPI,799,0,3,Low,Delivered,Normal Delivery
T27909,2026-01-26,Saikiran sid,Dharmabad,"Borosilicate Glass Water Bottle with Protective Silicone Sleeve, 750 ml - Power Blue",Water Bottle,UPI,1648,6,1,Low,Delivered,Normal Delivery
T27908,2026-01-26,Zankhana Desai,Mumbai,"Customized Borosilicate Glass Bottle , 750 ml - Power Blue",Water Bottle,UPI,1798,0,3,Low,Delivered,Normal Delivery
T27907,2026-01-26,Charu Joshi,Jodhpur,GlassUp 500 ml Borosilicate Glass Lunch Box with Glass Lid & Silicone Sleeve - Blue-Green-Grey,500ml Lunch Box,UPI,2199,2,3,Low,Delivered,Normal Delivery
T27906,2026-01-26,Krutika kukreja,Mumbai,Set of 3 Borosilicate Glass Lunch Boxes(300 ml) with Bag &Â BottleÂ (750Â ml) - Lightning Grey,300ml Lunch Box,COD,2688,4,4,Medium,Delivered,Call Customer
T27905,2026-01-26,Deepikalakshmi tamilarasu,Chennai,"1Â Litre , Motivational Glass Sipper Bottle - Venus Pink",1L Water Bottle,UPI,999,3,1,Low,Delivered,Normal Delivery
T27904,2026-01-26,Bijaya Nag,Delhi,"Borosilicate Glass Water Bottle with Protective Silicone Sleeve, 750 ml - Cool Green",Water Bottle,UPI,799,0,3,Low,Delivered,Normal Delivery
T27903,2026-01-26,Bhavna chugh,Hyderabad,125ml Glass Baby Feeding Temperature Sensing Baby Bottle | Color Changing Silicon Sleeve - S Flow ( 0-3 months ) / Blue,Baby Bottle,UPI,1748,3,3,Low,Delivered,Normal Delivery
T27902,2026-01-26,Kinnari patel,Vadodara,"1Â Litre , Motivational Glass Sipper Bottle - Planet Green",1L Water Bottle,UPI,999,0,1,Low,Delivered,Normal Delivery
T27901,2026-01-26,Kanchan sethi,Delhi,"1Â Litre , Motivational Glass Sipper Bottle - Planet Green & Gravity Gray",1L Water Bottle,COD,1988,0,2,Medium,Delivered,Call Customer
T27900,2026-01-26,Navneet Bagga,Kharar,Set of 3 Borosilicate Glass Lunch box with Canvas Bag - 3 Blue,500ml Lunch Box,COD,1988,0,1,Medium,Delivered,Call Customer
T27899,2026-01-26,Shashank subramanian,Mumbai,"Customized Borosilicate Glass Bottle , 750 ml - Power Blue",Water Bottle,UPI,1798,4,1,Low,Delivered,Normal Delivery
T27898,2026-01-26,SHIV KUMAR,Hisar,"Borosilicate Glass Water Bottle with Protective Silicone Sleeve, 750 ml - Cool Green",Water Bottle,COD,838,5,1,Medium,Delivered,Call Customer
T27897,2026-01-26,Alok  maurya,Lakhimpur,Baby Bottle Teat - Slow (0-6 months),Baby Bottle,UPI,189,1,1,Low,Delivered,Normal Delivery
T27896,2026-01-26,Rushikesh bhagat,Talegaon Dabhade,"1Â Litre , Motivational Glass Sipper Bottle - Planet Green & Gravity Gray",1L Water Bottle,COD,1988,3,2,Medium,Delivered,Call Customer
T27895,2026-01-26,Shivraj Khade,Mumbai,"1Â Litre , Motivational Glass Sipper Bottle - Venus Pink",1L Water Bottle,COD,2037,4,1,Medium,Delivered,Normal Delivery
T27894,2026-01-26,Sandra Colaco,Panjim,"1Â Litre , Motivational Glass Sipper Bottle - Venus Pink",1L Water Bottle,UPI,999,4,1,Low,Delivered,Normal Delivery
T27893,2026-01-26,Tina narang,Gurgaon,"Borosilicate Glass Water Bottle with Protective Silicone Sleeve, 750 ml - Cool Green",Water Bottle,UPI,799,4,3,Low,Delivered,Normal Delivery
T27892,2026-01-26,Anousha -,Bangalore,"TintCup Borosilicate Glass Coffee Cup with Silicone Lid & Grip, 350 ml - Mighty Pink",Coffee Cups,UPI,759,4,3,Low,Delivered,Normal Delivery
T27891,2026-01-26,AnittaB -,Bangalore,"1Â Litre , Motivational Glass Sipper Bottle - Lunar Blue",1L Water Bottle,COD,1038,4,3,Medium,Delivered,Call Customer
T27890,2026-01-26,Rohit Ahuja,Lucknow,"1Â Litre , Motivational Glass Sipper Bottle - Lunar Blue & Venus Pink",1L Water Bottle,UPI,1949,2,3,Low,Delivered,Normal Delivery
T27889,2026-01-26,Sunita sharma,Navi mumbai,"1Â Litre , Motivational Glass Sipper Bottle - Venus Pink",1L Water Bottle,UPI,999,3,3,Low,Delivered,Normal Delivery
T27888,2026-01-26,Smita sengar,Bangalore,"TintCup Borosilicate Glass Coffee Cup with Silicone Lid & Grip, 350 ml - Dashing Blue",Coffee Cups,UPI,759,4,1,Low,Delivered,Normal Delivery
T27887,2026-01-26,Mamta mahanta,Barkote,"Borosilicate Glass Water Bottle with Protective Silicone Sleeve, 750 ml - Pulse Yellow",Water Bottle,UPI,799,3,1,Low,Delivered,Normal Delivery
T27886,2026-01-26,Ankush  chambyal,Barsar,125ml Glass Baby Feeding Temperature Sensing Baby Bottle | Color Changing Silicon Sleeve - S Flow ( 0-3 months ) / Pink,Baby Bottle,UPI,849,2,3,Low,Delivered,Normal Delivery
T27885,2026-01-26,Sai varma,Hyderabad,250ml Glass Baby Feeding Temperature Sensing Baby Bottle | Color Changing Silicon Sleeve - + Flow ( 10+ months ) / Blue,Baby Bottle,UPI,949,2,2,Low,Delivered,Normal Delivery
T27884,2026-01-26,Sarita chandolia,Kurukshetra,"TintCup Borosilicate Glass Coffee Cup with Silicone Lid & Grip, 350 ml - Mighty Pink",Coffee Cups,UPI,759,3,1,Low,Delivered,Normal Delivery
T27883,2026-01-26,Jayshree negi,Noida,"1Â Litre , Motivational Glass Sipper Bottle - Planet Green",1L Water Bottle,UPI,999,0,3,Low,Delivered,Normal Delivery
T27882,2026-01-26,Ils gambhir,Lucknow,"1Â Litre , Motivational Glass Sipper Bottle - Planet Green & Gravity Gray",1L Water Bottle,COD,1988,1,3,Medium,Delivered,Normal Delivery
T27881,2026-01-26,Chandni chandni,Mohali,"1Â Litre , Motivational Glass Sipper Bottle - Venus Pink",1L Water Bottle,UPI,999,0,2,Low,Delivered,Normal Delivery
T27880,2026-01-26,Shubham keshav bhaltilak,Akola,"1Â Litre , Motivational Glass Sipper Bottle - Gravity Gray",1L Water Bottle,UPI,999,0,2,Low,Delivered,Normal Delivery
T27879,2026-01-26,rishi bhandari,Shimla,"Borosilicate Glass Water Bottle with Protective Silicone Sleeve, 750 ml - Cool Green",Water Bottle,COD,838,0,2,Medium,Delivered,Call Customer
T27878,2026-01-26,gurrevala vinuthna,Adoni,"TintCup Borosilicate Glass Coffee Cup with Silicone Lid & Grip, 350 ml - Dashing Blue",Coffee Cups,COD,1507,4,1,Medium,Delivered,Call Customer
T27877,2026-01-26,Swati Watane,Pune,"TintCup Borosilicate Glass Coffee Cup with Silicone Lid & Grip, 350 ml - Blue & Pink",Coffee Cups,COD,1488,5,1,Medium,Delivered,Call Customer
T27876,2026-01-26,Shahznan wahab,Noida,"TintCup Borosilicate Glass Coffee Cup with Silicone Lid & Grip, 350 ml - Mighty Pink",Coffee Cups,COD,2847,5,1,Medium,Delivered,Call Customer
T27875,2026-01-26,Selvi selvi,Tirupur,"1Â Litre , Motivational Glass Sipper Bottle - Venus Pink",1L Water Bottle,UPI,999,2,2,Low,Delivered,Normal Delivery
T27874,2026-01-26,Mrinalini sahu,Bangalore,"Borosilicate Glass Water Bottle with Protective Silicone Sleeve, 750 ml - Pulse Yellow",Water Bottle,UPI,799,0,3,Low,Delivered,Normal Delivery
T27873,2026-01-26,Saji Mathew,Mumbai,"Borosilicate Glass Water Bottle with Protective Silicone Sleeve, 750 ml - Power Blue",Water Bottle,UPI,799,2,3,Low,Delivered,Normal Delivery
T27872,2026-01-26,Satinder kaur,Mumbai,"TintCup Borosilicate Glass Coffee Cup with Silicone Lid & Grip, 350 ml - Dashing Blue",Coffee Cups,UPI,3027,3,2,Low,Delivered,Normal Delivery
T27871,2026-01-26,Preeti  keswani,Mumbai,"Borosilicate Glass Water Bottle with Protective Silicone Sleeve, 750 ml - Cool Green",Water Bottle,UPI,799,1,2,Low,Delivered,Normal Delivery
T27870,2026-01-26,Rashy kandi,Hingoli,"1Â Litre , Motivational Glass Sipper Bottle - Planet Green",1L Water Bottle,COD,1038,3,3,Medium,Delivered,Call Customer
T27869,2026-01-26,P vivekanand,Bangalore,Pack of 4 Stainless Steel Straws with Silicone Tip and Cleaning Brush - Stainless Steel and Silicone,Straws,UPI,1907,3,2,Low,Delivered,Normal Delivery
T27868,2026-01-26,Swarna chandramowlee,Chennai,"Customized Borosilicate Glass Bottle , 750 ml - Cool Green",Water Bottle,UPI,899,4,1,Low,Delivered,Normal Delivery
T27867,2026-01-26,Qudrat -,West Delhi,"Borosilicate Glass Water Bottle with Protective Silicone Sleeve, 750 ml - Cool Green",Water Bottle,UPI,1648,1,2,Low,Delivered,Normal Delivery
T27866,2026-01-26,vepati sree geetha,Vijayawada,"1Â Litre , Motivational Glass Sipper Bottle - Lunar Blue",1L Water Bottle,COD,1038,3,1,Medium,Delivered,Normal Delivery
T27865,2026-01-26,Medini -,Hassan,"1Â Litre , Motivational Glass Sipper Bottle - Venus Pink",1L Water Bottle,COD,1038,3,1,Medium,Delivered,Normal Delivery
T27864,2026-01-26,Aman Sandhu,Ludhiana,"Borosilicate Glass Water Bottle with Protective Silicone Sleeve, 750 ml - Power Blue",Water Bottle,COD,1837,1,1,Medium,Delivered,Normal Delivery
T27863,2026-01-26,Mayuresh kiran more,SATARA,Customized 1Â Litre Bottle - Gravity Gray,1L Water Bottle,UPI,1149,1,3,Low,Delivered,Normal Delivery
T27862,2026-01-26,Susan -,Ahmedabad,Set of 3 GlassUp ( 500ml ) Lunch Box with Bag,500ml Lunch Box,UPI,3298,3,2,Low,Delivered,Normal Delivery
T27861,2026-01-26,Girish loya,Warangal,"1Â Litre , Motivational Glass Sipper Bottle - Lunar Blue",1L Water Bottle,UPI,999,1,1,Low,Delivered,Normal Delivery
T27860,2026-01-26,Gayatri Sharma,Parbhani,"Borosilicate Glass Water Bottle with Protective Silicone Sleeve, 750 ml - Lightning Grey",Water Bottle,COD,838,3,1,Medium,Delivered,Call Customer
T27859,2026-01-26,Madhura Rahatekar,Pune,"TintCup Borosilicate Glass Coffee Cup with Silicone Lid & Grip, 350 ml - Dashing Blue",Coffee Cups,UPI,759,3,2,Low,Delivered,Normal Delivery
T27858,2026-01-26,Payal -,New Delhi,"Borosilicate Glass Water Bottle with Protective Silicone Sleeve, 750 ml - Lightning Grey",Water Bottle,COD,838,4,1,Medium,Delivered,Normal Delivery
T27857,2026-01-26,Ranja Rakesh,Greater thane,250ml Glass Baby Feeding Temperature Sensing Baby Bottle | Color Changing Silicon Sleeve - M Flow ( 6-10 months ) / Blue,Baby Bottle,COD,988,0,1,Medium,Delivered,Call Customer
T27856,2026-01-26,Milky Mito,Lower Dibang Valley,"Borosilicate Glass Water Bottle with Protective Silicone Sleeve, 750 ml - Cool Green",Water Bottle,COD,2636,3,3,Medium,Delivered,Normal Delivery
T27855,2026-01-26,Shabbir Ahmed,Kolkata,"Borosilicate Glass Water Bottle with Protective Silicone Sleeve, 750 ml - Energy Red",Water Bottle,COD,838,2,3,Medium,Delivered,Normal Delivery
T27854,2026-01-26,Gunjan Dahiya,Gurgaon,"1Â Litre , Motivational Glass Sipper Bottle - Gravity Gray",1L Water Bottle,UPI,999,0,3,Low,Delivered,Normal Delivery
T27853,2026-01-26,Shoeb Hushye,Navi mumbai,"Customized Borosilicate Glass Bottle , 750 ml - Cool Green",Water Bottle,UPI,899,0,2,Low,Delivered,Normal Delivery
T27852,2026-01-26,Rohan E,Thane,"Borosilicate Glass Water Bottle with Protective Silicone Sleeve, 750 ml - Pulse Yellow",Water Bottle,UPI,799,0,2,Low,Delivered,Normal Delivery
T27851,2026-01-26,Mercy darshan,Bengaluru,GlassUp 500 ml Borosilicate Glass Lunch Box with Glass Lid & Silicone Sleeve - Arctic Blue,500ml Lunch Box,UPI,1748,4,1,Low,Delivered,Normal Delivery
T27850,2026-01-26,Harneet anand,Mumbai,"1Â Litre , Motivational Glass Sipper Bottle - Planet Green",1L Water Bottle,UPI,1998,3,3,Low,Delivered,Normal Delivery
T27849,2026-01-26,Simran rathore,Jaipur,Baby Bottle Teat - Medium (6-10 months),Baby Bottle,UPI,1138,4,2,Low,Delivered,Normal Delivery
T27848,2026-01-26,Sudipta acharya,Navi mumbai,"Borosilicate Glass Water Bottle with Protective Silicone Sleeve, 750 ml - Cool Green",Water Bottle,UPI,799,3,3,Low,Delivered,Normal Delivery
T27847,2026-01-25,Aparna purohit,Sangli,125ml Glass Baby Feeding Temperature Sensing Baby Bottle | Color Changing Silicon Sleeve - S Flow ( 0-3 months ) / Blue,Baby Bottle,UPI,1748,4,3,Low,Delivered,Normal Delivery
T27846,2026-01-25,Shashi Bhushan,Ghaziabad,"TintCup Borosilicate Glass Coffee Cup with Silicone Lid & Grip, 350 ml - Dynamic Grey",Coffee Cups,UPI,1468,4,1,Low,Delivered,Normal Delivery
T27845,2026-01-25,Sultan jain,Gurgaon,"Borosilicate Glass Water Bottle with Protective Silicone Sleeve, 750 ml - Pulse Yellow",Water Bottle,COD,1687,2,1,Medium,Delivered,Normal Delivery
T27844,2026-01-25,Manoj joshi,Pune,"1Â Litre , Motivational Glass Sipper Bottle - Lunar Blue & Gravity Gray",1L Water Bottle,UPI,4398,4,1,Low,Delivered,Normal Delivery
T27843,2026-01-25,Rucha Pande,Nagpur,"Customized TintCup Borosilicate Glass Coffee Cup with Silicone Lid & Grip, 350 ml - Dashing Blue",Coffee Cups,UPI,849,1,1,Low,Delivered,Normal Delivery
T27842,2026-01-25,Shivya Baranwal,Varanasi,Set of 2 GlassUp ( 500ml ) Lunch Box - Coral Green,500ml Lunch Box,UPI,2848,2,3,Low,Delivered,Normal Delivery
T27841,2026-01-25,Pronita Devi,Kamrup,125ml Glass Baby Feeding Temperature Sensing Baby Bottle | Color Changing Silicon Sleeve - M Flow ( 3-6 months ) / Blue,Baby Bottle,COD,888,4,1,Medium,Delivered,Call Customer
T27840,2026-01-25,Nishant Bhoj,Nagpur,"Borosilicate Glass Water Bottle with Protective Silicone Sleeve, 750 ml - Cool Green",Water Bottle,COD,838,6,1,Medium,Delivered,Call Customer
T27839,2026-01-25,Meet Vachhani,Morbi,"TintCup Borosilicate Glass Coffee Cup with Silicone Lid & Grip, 350 ml - Java Brown",Coffee Cups,COD,798,0,1,Medium,Delivered,Normal Delivery
T27838,2026-01-25,Rubiya saheb,Honnavar,250ml Glass Baby Feeding Temperature Sensing Baby Bottle | Color Changing Silicon Sleeve - M Flow ( 6-10 months ) / Pink,Baby Bottle,COD,988,1,1,Medium,Delivered,Normal Delivery
T27837,2026-01-25,Anjali bhardwaj,Noida,"1Â Litre , Motivational Glass Sipper Bottle - Planet Green",1L Water Bottle,UPI,1948,1,1,Low,Delivered,Normal Delivery
T27836,2026-01-25,Abhijeet Manwatkar,Shankarpur,"Borosilicate Glass Water Bottle with Protective Silicone Sleeve, 750 ml - Cool Green",Water Bottle,UPI,799,1,1,Low,Delivered,Normal Delivery
T27835,2026-01-25,Harshita doshi,Ahmedabad,125ml Glass Baby Feeding Temperature Sensing Baby Bottle | Color Changing Silicon Sleeve - M Flow ( 3-6 months ) / Blue,Baby Bottle,COD,888,2,1,Medium,Delivered,Call Customer
T27834,2026-01-25,Pratik goel,Rourkela,"1Â Litre , Motivational Glass Sipper Bottle - Venus Pink",1L Water Bottle,COD,1038,4,1,Medium,Delivered,Call Customer
T27833,2026-01-25,Rituraj panday,Siwan,250ml Glass Baby Feeding Temperature Sensing Baby Bottle | Color Changing Silicon Sleeve - M Flow ( 6-10 months ) / Blue,Baby Bottle,COD,988,4,1,Medium,Delivered,Call Customer
T27832,2026-01-25,Garima Sharma,Mumbai,Set of 3 Borosilicate Glass Lunch box with Canvas Bag - Blue & Orange & Green,500ml Lunch Box,COD,1988,6,1,Medium,Delivered,Call Customer
T27831,2026-01-25,Arshpreet kaur,Dasuya,125ml Glass Baby Feeding Temperature Sensing Baby Bottle | Color Changing Silicon Sleeve - M Flow ( 3-6 months ) / Blue,Baby Bottle,UPI,1748,0,3,Low,Delivered,Normal Delivery
T27830,2026-01-25,Archana kumari,Jhansi,250ml Glass Baby Feeding Temperature Sensing Baby Bottle | Color Changing Silicon Sleeve - + Flow ( 10+ months ) / Blue,Baby Bottle,COD,988,5,1,Medium,Delivered,Call Customer
T27829,2026-01-25,Neema kachru,Delhi,"1Â Litre , Motivational Glass Sipper Bottle - Venus Pink",1L Water Bottle,COD,1038,0,1,Medium,Delivered,Call Customer
T27828,2026-01-25,Neema kachru,Delhi,"1Â Litre , Motivational Glass Sipper Bottle - Lunar Blue",1L Water Bottle,COD,1038,1,2,Medium,Delivered,Call Customer
T27827,2026-01-25,Y.Sivaramreddy .,ANANTHAPUR,GlassUp 500 ml Borosilicate Glass Lunch Box with Glass Lid & Silicone Sleeve - Coral Green,500ml Lunch Box,UPI,9343,0,3,Low,Delivered,Normal Delivery
T27826,2026-01-25,Alok bodh,Gurgaon,"Borosilicate Glass Water Bottle with Protective Silicone Sleeve, 750 ml - Power Blue",Water Bottle,COD,838,2,2,Medium,Delivered,Normal Delivery
T27825,2026-01-25,Praveen Wadhwa,Delhi,"Tintbox Cool, Canvas, Eco-Friendly Lunch Bag For Office",Water Bottle,COD,488,4,4,Medium,Delivered,Call Customer
T27824,2026-01-25,Sophia Goyal,GURGAON,"Customized Borosilicate Glass Bottle , 750 ml - Pulse Yellow",Water Bottle,UPI,899,1,3,Low,Delivered,Normal Delivery
T27823,2026-01-25,Shinu P Jacob,Oonukal,"1Â Litre , Motivational Glass Sipper Bottle - Planet Green",1L Water Bottle,UPI,999,0,1,Low,Delivered,Normal Delivery
T27822,2026-01-25,Rachna pal,New Delhi,"TintCup Borosilicate Glass Coffee Cup with Silicone Lid & Grip, 350 ml - Wooden Cork Grip",Coffee Cups,UPI,759,2,1,Low,Delivered,Normal Delivery
T27821,2026-01-25,Abhijit NaikDesai,Mumbai,"Customized Borosilicate Glass Bottle , 750 ml - Pulse Yellow",Water Bottle,UPI,899,2,2,Low,Delivered,Normal Delivery
T27820,2026-01-25,Sophia chrisy,Jamnagar,GlassUp 500 ml Borosilicate Glass Lunch Box with Glass Lid & Silicone Sleeve - Blue-Green-Grey,500ml Lunch Box,UPI,3098,0,2,Low,Delivered,Normal Delivery
T27819,2026-01-25,Amit sheikher,Delhi,"Borosilicate Glass Water Bottle with Protective Silicone Sleeve, 750 ml - Power Blue",Water Bottle,UPI,799,4,2,Low,Delivered,Normal Delivery
T27818,2026-01-25,Alok pagare,Mumbai,"Borosilicate Glass Water Bottle with Protective Silicone Sleeve, 750 ml - Energy Red",Water Bottle,UPI,799,0,2,Low,Delivered,Normal Delivery
T27817,2026-01-25,Hemangi Shenavi,Pune,"Customized Borosilicate Glass Bottle , 750 ml - Pulse Yellow",Water Bottle,UPI,899,1,3,Low,Delivered,Normal Delivery
T27816,2026-01-25,Farheena shaikh,Nagpur,Pack of 4 Stainless Steel Straws with Silicone Tip and Cleaning Brush - Stainless Steel and Silicone,Straws,UPI,349,0,2,Low,Delivered,Normal Delivery
T27815,2026-01-25,Abhay  Panwar,Saharanpur,"Borosilicate Glass Water Bottle with Protective Silicone Sleeve, 750 ml - Energy Red",Water Bottle,COD,838,2,3,Medium,Returned,Send Reminder
T27814,2026-01-25,Shashi shekhar,Sarfabadnoidahub,Set of 3 GlassUp ( 500ml ) Lunch Box with Bag,500ml Lunch Box,UPI,2349,0,3,Low,Delivered,Normal Delivery
T27813,2026-01-25,SHYAM AGGARWAL,Delhi,"1Â Litre , Motivational Glass Sipper Bottle - Lunar Blue & Gravity Gray",1L Water Bottle,UPI,1949,4,3,Low,Delivered,Normal Delivery
T27812,2026-01-25,Ritu panwar,Rajsamand,"Borosilicate Glass Water Bottle with Protective Silicone Sleeve, 750 ml - Power Blue",Water Bottle,COD,838,3,3,Medium,Delivered,Call Customer
T27811,2026-01-25,Amit Bansal,Delhi,"TintCup Borosilicate Glass Coffee Cup with Silicone Lid & Grip, 350 ml - Dashing Blue",Coffee Cups,UPI,3108,0,1,Low,Delivered,Normal Delivery
T27810,2026-01-25,Rushabh patel,Surat,"Borosilicate Glass Water Bottle with Protective Silicone Sleeve, 750 ml - Power Blue",Water Bottle,UPI,799,4,1,Low,Delivered,Normal Delivery
T27809,2026-01-25,Sasmita Pradhan,Delhi,"1Â Litre , Motivational Glass Sipper Bottle - Planet Green",1L Water Bottle,UPI,999,4,2,Low,Delivered,Normal Delivery
T27808,2026-01-25,Shalini behal,Noida,"1Â Litre , Motivational Glass Sipper Bottle - Lunar Blue & Venus Pink",1L Water Bottle,UPI,1949,2,1,Low,Delivered,Normal Delivery
T27807,2026-01-25,Krish  Maniar,Navi mumbai,"TintCup Borosilicate Glass Coffee Cup with Silicone Lid & Grip, 350 ml - Dashing Blue",Coffee Cups,UPI,2177,4,1,Low,Delivered,Normal Delivery
T27806,2026-01-25,Shivangi gupta,Shahjahanpur,250ml Glass Baby Feeding Temperature Sensing Baby Bottle | Color Changing Silicon Sleeve - M Flow ( 6-10 months ) / Pink,Baby Bottle,UPI,949,4,3,Low,Delivered,Normal Delivery
T27805,2026-01-25,Sachin -,Kasganj,125ml Glass Baby Feeding Temperature Sensing Baby Bottle | Color Changing Silicon Sleeve - M Flow ( 3-6 months ) / Blue,Baby Bottle,COD,1077,4,1,Medium,Delivered,Call Customer
T27804,2026-01-25,Harika K,Hyderabad,"1Â Litre , Motivational Glass Sipper Bottle - Lunar Blue & Venus Pink",1L Water Bottle,UPI,1949,4,3,Low,Delivered,Normal Delivery
T27803,2026-01-25,Aditi shukla,Rewa,Pack of 4 Stainless Steel Straws with Silicone Tip and Cleaning Brush - Stainless Steel and Silicone,Straws,COD,1387,1,2,Medium,Delivered,Refund Initiated
T27802,2026-01-25,Pooja -,Mumbai,"1Â Litre , Motivational Glass Sipper Bottle - Lunar Blue",1L Water Bottle,UPI,999,1,2,Low,Delivered,Normal Delivery
T27801,2026-01-25,Shweta Roy,Noida,"1Â Litre , Motivational Glass Sipper Bottle - Planet Green",1L Water Bottle,COD,2037,2,1,Medium,Delivered,Call Customer
T27800,2026-01-25,Chuden bhutia,Kurseong,"1Â Litre , Motivational Glass Sipper Bottle - Lunar Blue",1L Water Bottle,COD,1088,0,1,Medium,Delivered,Call Customer
T27799,2026-01-25,Rai Vandana,Gurgaon,"Borosilicate Glass Water Bottle with Protective Silicone Sleeve, 750 ml - Lightning Grey",Water Bottle,COD,2396,4,4,Medium,Returned,Send Reminder
T27798,2026-01-25,Aashika -,Bangalore,250ml Glass Baby Feeding Temperature Sensing Baby Bottle | Color Changing Silicon Sleeve - + Flow ( 10+ months ) / Pink,Baby Bottle,COD,988,0,2,Medium,Delivered,Call Customer
T27797,2026-01-25,Shruti Vyas,Udaipur,"Customized Borosilicate Glass Bottle , 750 ml - Pulse Yellow",Water Bottle,UPI,1798,0,3,Low,Delivered,Normal Delivery
T27796,2026-01-25,Divya manghani,Surat,"1Â Litre , Motivational Glass Sipper Bottle - Lunar Blue",1L Water Bottle,COD,1038,2,2,Medium,Delivered,Normal Delivery
T27795,2026-01-25,Kashinath y j,Tumkur,"TintCup Borosilicate Glass Coffee Cup with Silicone Lid & Grip, 350 ml - Mighty Pink",Coffee Cups,COD,798,4,3,Medium,Delivered,Call Customer
T27794,2026-01-25,Madhumitha balakumar,Tirunelveli,"Borosilicate Glass Water Bottle with Protective Silicone Sleeve, 750 ml - Grey & Blue",Water Bottle,UPI,3088,4,2,Low,Delivered,Normal Delivery
T27793,2026-01-25,Marie Anne Nair,Mumbai,"Borosilicate Glass Water Bottle with Protective Silicone Sleeve, 750 ml - Pulse Yellow",Water Bottle,COD,838,3,1,Medium,Delivered,Call Customer
T27792,2026-01-25,Gnanda D Patel,Modasa,"Borosilicate Glass Water Bottle with Protective Silicone Sleeve, 750 ml - Power Blue",Water Bottle,COD,838,5,1,Medium,Delivered,Call Customer
T27791,2026-01-25,V Rajagopalan,Bangalore,"1Â Litre , Motivational Glass Sipper Bottle - Planet Green",1L Water Bottle,UPI,999,0,2,Low,Delivered,Normal Delivery
T27790,2026-01-25,Divya tiwari,Gurgaon,"TintCup Borosilicate Glass Coffee Cup with Silicone Lid & Grip, 350 ml - Mighty Pink",Coffee Cups,COD,2396,0,1,Medium,Delivered,Call Customer
T27789,2026-01-25,CS RIDDHITA AGRAWAL,Navi mumbai,"Borosilicate Glass Water Bottle with Protective Silicone Sleeve, 750 ml - Cool Green",Water Bottle,UPI,799,1,2,Low,Delivered,Normal Delivery
T27788,2026-01-25,Amita .,MUMBAI,250ml Glass Baby Feeding Temperature Sensing Baby Bottle | Color Changing Silicon Sleeve - M Flow ( 6-10 months ) / Blue,Baby Bottle,COD,988,3,1,Medium,Delivered,Call Customer
T27787,2026-01-25,Sonali s rao,Mumbai,"Customized Borosilicate Glass Bottle , 750 ml - Energy Red",Water Bottle,UPI,2597,1,2,Low,Delivered,Normal Delivery
T27786,2026-01-25,Pratibha Verma,Delhi,"Borosilicate Glass Water Bottle with Protective Silicone Sleeve, 750 ml - Cool Green",Water Bottle,UPI,799,1,1,Low,Delivered,Normal Delivery
T27785,2026-01-25,Jennifer sherpa,Kalimpong,"Borosilicate Glass Water Bottle with Protective Silicone Sleeve, 750 ml - Power Blue",Water Bottle,UPI,799,1,1,Low,Delivered,Normal Delivery
T27784,2026-01-25,Raveena sachdev,MUMBAI,"Borosilicate Glass Water Bottle with Protective Silicone Sleeve, 750 ml - Power Blue",Water Bottle,UPI,799,2,1,Low,Delivered,Normal Delivery
T27783,2026-01-25,Richa tiwari,Pune,"Customized Borosilicate Glass Bottle , 750 ml - Lightning Grey",Water Bottle,UPI,899,2,3,Low,Delivered,Normal Delivery
T27782,2026-01-25,Jainish Mardhani,Mumbai,"Customized Borosilicate Glass Bottle , 750 ml - Power Blue",Water Bottle,UPI,899,1,3,Low,Delivered,Normal Delivery
T27781,2026-01-25,Supriya singh rajput,Gurgaon,GlassUp 500 ml Borosilicate Glass Lunch Box with Glass Lid & Silicone Sleeve - Coral Green,500ml Lunch Box,COD,1587,3,1,Medium,Delivered,Call Customer
T27780,2026-01-25,Deepak kaura,Ghaziabad,"Borosilicate Glass Water Bottle with Protective Silicone Sleeve, 750 ml - Power Blue",Water Bottle,COD,838,0,3,Medium,Delivered,Call Customer
T27779,2026-01-25,Shajini Banu,CHENNAI,"Borosilicate Glass Water Bottle with Protective Silicone Sleeve, 750 ml - Power Blue",Water Bottle,UPI,799,3,3,Low,Delivered,Normal Delivery
T27778,2026-01-25,Janaxi Sawant,Thane,"TintCup Borosilicate Glass Coffee Cup with Silicone Lid & Grip, 350 ml - Wooden Cork Grip",Coffee Cups,UPI,759,4,3,Low,Delivered,Normal Delivery
T27777,2026-01-25,Nisha rani,Noida,250ml Glass Baby Feeding Temperature Sensing Baby Bottle | Color Changing Silicon Sleeve - M Flow ( 6-10 months ) / Blue,Baby Bottle,UPI,1898,2,4,Low,Returned,Send Reminder
T27776,2026-01-25,Rita De Sa,Dongurli,"1Â Litre , Motivational Glass Sipper Bottle - Planet Green",1L Water Bottle,UPI,999,0,3,Low,Delivered,Normal Delivery
T27775,2026-01-25,Sumitha sriram,Chennai,"Borosilicate Glass Water Bottle with Protective Silicone Sleeve, 750 ml - Lightning Grey",Water Bottle,UPI,6374,0,2,Low,Delivered,Normal Delivery
T27774,2026-01-25,Bishwadeep Bose,Kolkata,"Borosilicate Glass Water Bottle with Protective Silicone Sleeve, 750 ml - Cool Green",Water Bottle,UPI,1648,4,2,Low,Delivered,Normal Delivery
T27773,2026-01-25,Naveeta -,Ghaziabad,"Borosilicate Glass Water Bottle with Protective Silicone Sleeve, 750 ml - Cool Green",Water Bottle,UPI,799,4,3,Low,Delivered,Normal Delivery
T27772,2026-01-25,Manjula  pal,Noida,"Borosilicate Glass Water Bottle with Protective Silicone Sleeve, 750 ml - Cool Green",Water Bottle,UPI,799,1,3,Low,Delivered,Normal Delivery
T27771,2026-01-25,Vijayalakshmi Rajkumar,Bangalore,GlassUp 500 ml Borosilicate Glass Lunch Box with Glass Lid & Silicone Sleeve - Coral Green,500ml Lunch Box,UPI,749,2,2,Low,Delivered,Normal Delivery
T27770,2026-01-25,Shaheen farook,Bangalore,"1Â Litre , Motivational Glass Sipper Bottle - Lunar Blue",1L Water Bottle,COD,1038,2,1,Medium,Delivered,Call Customer
T27769,2026-01-25,Shashank duggu,Hyderabad,"Borosilicate Glass Water Bottle with Protective Silicone Sleeve, 750 ml - Lightning Grey",Water Bottle,COD,838,3,3,Medium,Returned,Send Reminder
T27768,2026-01-25,Swadhin  jena,Bhubaneshwar,250ml Glass Baby Feeding Temperature Sensing Baby Bottle | Color Changing Silicon Sleeve - M Flow ( 6-10 months ) / Blue,Baby Bottle,UPI,949,1,3,Low,Delivered,Normal Delivery
T27767,2026-01-25,Sohrab zafferulla,Bangalore,Customized 1Â Litre Bottle - Planet Green,1L Water Bottle,UPI,1149,1,1,Low,Delivered,Normal Delivery
T27766,2026-01-25,Sharuk Pathan,Thane,"1Â Litre , Motivational Glass Sipper Bottle - Lunar Blue",1L Water Bottle,UPI,1998,1,1,Low,Delivered,Call Customer
T27765,2026-01-25,Shilpa Gangan,Gurgaon,"1Â Litre , Motivational Glass Sipper Bottle - Planet Green",1L Water Bottle,UPI,2848,1,3,Low,Delivered,Normal Delivery
T27764,2026-01-25,Sonal Rastogi,Bangalore,"Borosilicate Glass Water Bottle with Protective Silicone Sleeve, 750 ml - Cool Green",Water Bottle,UPI,799,2,1,Low,Delivered,Normal Delivery
T27763,2026-01-25,Gaddam Srinuvasarao,Guntur,"TintCup Borosilicate Glass Coffee Cup with Silicone Lid & Grip, 350 ml - Mighty Pink",Coffee Cups,COD,798,2,1,Medium,Delivered,Call Customer
T27762,2026-01-25,Benuka Sharma,New Delhi,"Borosilicate Glass Water Bottle with Protective Silicone Sleeve, 750 ml - Energy Red",Water Bottle,UPI,799,1,1,Low,Delivered,Normal Delivery
T27761,2026-01-25,Sapana  shasri,Pune,"Borosilicate Glass Water Bottle with Protective Silicone Sleeve, 750 ml - Pulse Yellow",Water Bottle,UPI,799,3,1,Low,Delivered,Normal Delivery
T27760,2026-01-25,GIRISH H B,Bangalore,"Borosilicate Glass Water Bottle with Protective Silicone Sleeve, 750 ml - Power Blue",Water Bottle,COD,838,0,3,Medium,Delivered,Call Customer
T27759,2026-01-25,Vaibhav deshmukh,PUNE,"Borosilicate Glass Water Bottle with Protective Silicone Sleeve, 750 ml - Lightning Grey",Water Bottle,UPI,799,0,1,Low,Delivered,Normal Delivery
T27758,2026-01-25,Nandan baweja,New delhi,"Customized Borosilicate Glass Bottle , 750 ml - Power Blue",Water Bottle,UPI,1798,3,1,Low,Delivered,Normal Delivery
T27757,2026-01-25,Hariharan  Thirugnanam,BENGALURU,Customized 1Â Litre Bottle - Planet Green,1L Water Bottle,UPI,2298,1,1,Low,Delivered,Normal Delivery
T27756,2026-01-25,Mahesh Ingle,Pune,"Borosilicate Glass Water Bottle with Protective Silicone Sleeve, 750 ml - Energy Red",Water Bottle,COD,838,2,4,Medium,Returned,Call Customer
T27755,2026-01-25,Suhasini  narappanawar,Pune,TintBox Borosilicate Glass Food Container (300ml)-Set ofÂ 3Â withoutÂ Bag - Blue & Orange & Green,Water Bottle Combo,UPI,1699,0,1,Low,Delivered,Normal Delivery
T27754,2026-01-25,Shivam khanna,NEW DELHI,"Borosilicate Glass Water Bottle with Protective Silicone Sleeve, 750 ml - Atomic Green",Water Bottle,UPI,4596,4,3,Low,Delivered,Normal Delivery
T27753,2026-01-25,Aparna  tiwari,Gwalior,"Borosilicate Glass Water Bottle with Protective Silicone Sleeve, 750 ml - Pulse Yellow",Water Bottle,UPI,799,4,1,Low,Delivered,Normal Delivery
T27752,2026-01-25,Alaknanda kathak,Ghaziabad,"Borosilicate Glass Water Bottle with Protective Silicone Sleeve, 750 ml - Cool Green",Water Bottle,UPI,799,3,1,Low,Delivered,Normal Delivery
T27751,2026-01-25,Aditi arora,Navi mumbai,Pack of 4 Stainless Steel Straws with Silicone Tip and Cleaning Brush - Stainless Steel and Silicone,Straws,COD,2437,1,2,Medium,Delivered,Normal Delivery
T27750,2026-01-25,Nishtha patel,Surat,"Borosilicate Glass Water Bottle with Protective Silicone Sleeve, 750 ml - Power Blue",Water Bottle,UPI,3497,0,3,Low,Delivered,Normal Delivery
T27749,2026-01-25,Sayli chikhalikar,Pune,250ml Glass Baby Feeding Temperature Sensing Baby Bottle | Color Changing Silicon Sleeve - + Flow ( 10+ months ) / Blue,Baby Bottle,UPI,1898,1,1,Low,Delivered,Normal Delivery
T27748,2026-01-25,Sachin rajbhar,Mumbai,"TintCup Borosilicate Glass Coffee Cup with Silicone Lid & Grip, 350 ml - Wooden Cork Grip",Coffee Cups,COD,798,0,1,Medium,Delivered,Call Customer
T27747,2026-01-25,Niju philip,Coimbatore,"1Â Litre , Motivational Glass Sipper Bottle - Venus Pink",1L Water Bottle,UPI,999,3,3,Low,Delivered,Normal Delivery
T27746,2026-01-25,Pallavi  bhoge,Mumbai,125ml Glass Baby Feeding Temperature Sensing Baby Bottle | Color Changing Silicon Sleeve - S Flow ( 0-3 months ) / Pink,Baby Bottle,UPI,849,3,3,Low,Delivered,Normal Delivery
T27745,2026-01-25,Dr leah wasker,Mumbai,"1Â Litre , Motivational Glass Sipper Bottle - Lunar Blue",1L Water Bottle,UPI,1998,4,2,Low,Delivered,Normal Delivery
T27744,2026-01-25,Abhishek tikone,Pune,"Borosilicate Glass Water Bottle with Protective Silicone Sleeve, 750 ml - Pulse Yellow",Water Bottle,UPI,799,1,2,Low,Delivered,Normal Delivery
T27743,2026-01-25,Rashmi kumari,Gandhinagar,"TintCup Borosilicate Glass Coffee Cup with Silicone Lid & Grip, 350 ml - Mighty Pink",Coffee Cups,COD,2346,5,1,Medium,Delivered,Call Customer
T27742,2026-01-25,Swagatika Samanta,Bhubaneswar,"Borosilicate Glass Water Bottle with Protective Silicone Sleeve, 750 ml - Lightning Grey",Water Bottle,COD,838,4,1,Medium,Delivered,Call Customer
T27741,2026-01-25,Nikhil joshi,Pune,"1Â Litre , Motivational Glass Sipper Bottle - Gravity Gray",1L Water Bottle,UPI,999,1,2,Low,Delivered,Normal Delivery
T27740,2026-01-25,Nisha Jacob,Bengaluru,GlassUp 500 ml Borosilicate Glass Lunch Box with Glass Lid & Silicone Sleeve - Coral Green,500ml Lunch Box,COD,1587,4,1,Medium,Delivered,Call Customer
T27739,2026-01-25,Shruti  mathrani,Mumbai,"Borosilicate Glass Water Bottle with Protective Silicone Sleeve, 750 ml - Grey & Blue",Water Bottle,COD,1658,5,1,Medium,Delivered,Call Customer
T27738,2026-01-25,Reedhima mishra,Navi Mumbai,"Borosilicate Glass Water Bottle with Protective Silicone Sleeve, 750 ml - Power Blue",Water Bottle,COD,838,2,2,Medium,Delivered,Normal Delivery
T27737,2026-01-25,Shubham Sehrawat,New Delhi,"TintCup Borosilicate Glass Coffee Cup with Silicone Lid & Grip, 350 ml - Wooden Cork Grip",Coffee Cups,UPI,759,2,2,Low,Delivered,Normal Delivery
T27736,2026-01-25,Anupam guharay,Cooch behar,"1Â Litre , Motivational Glass Sipper Bottle - Lunar Blue",1L Water Bottle,UPI,999,2,2,Low,Delivered,Normal Delivery
T27735,2026-01-25,Meghana  khandkar,Pune,"Customized Borosilicate Glass Bottle , 750 ml - Atomic Green",Water Bottle,UPI,899,2,2,Low,Delivered,Normal Delivery
T27734,2026-01-25,Shaefali jain,Pune,"Borosilicate Glass Water Bottle with Protective Silicone Sleeve, 750 ml - Power Blue",Water Bottle,UPI,2756,0,2,Low,Delivered,Normal Delivery
T27733,2026-01-25,Sumedhpatil patil,Daman,"1Â Litre , Motivational Glass Sipper Bottle - Planet Green",1L Water Bottle,UPI,999,2,1,Low,Delivered,Normal Delivery
T27732,2026-01-25,Ajit jain,Guwahati,Customized 1Â Litre Bottle - Gravity Gray,1L Water Bottle,UPI,1149,3,3,Low,Delivered,Normal Delivery
T27731,2026-01-25,Aman singh,Bangalore,"Borosilicate Glass Water Bottle with Protective Silicone Sleeve, 750 ml - Cool Green",Water Bottle,UPI,799,3,2,Low,Delivered,Normal Delivery
T27730,2026-01-25,Geetanjali agrawal,Bhopal,"Borosilicate Glass Water Bottle with Protective Silicone Sleeve, 750 ml - Cool Green",Water Bottle,COD,838,0,1,Medium,Delivered,Call Customer
T27729,2026-01-25,Seema Aggarwal,Yamuna nagar,"1Â Litre , Motivational Glass Sipper Bottle - Lunar Blue",1L Water Bottle,COD,1038,2,1,Medium,Delivered,Call Customer
T27728,2026-01-25,Banagar bhramaramba,RANEBENNUR,"Borosilicate Glass Lunch Box with Silicone Sleeve, 300 ml - Sunrise Orange",300ml Lunch Box,COD,1387,2,3,Medium,Delivered,Call Customer
T27727,2026-01-25,Sayali patgaonkar,Navi mumbai,"Borosilicate Glass Water Bottle with Protective Silicone Sleeve, 750 ml - Cool Green",Water Bottle,UPI,2297,2,3,Low,Delivered,Normal Delivery
T27726,2026-01-25,POONAM JAISWAL,Patna,"Customized Borosilicate Glass Bottle , 750 ml - Power Blue",Water Bottle,UPI,899,4,1,Low,Delivered,Normal Delivery
T27725,2026-01-25,Pankaj  Kumar,Ghaziabad,"Borosilicate Glass Water Bottle with Protective Silicone Sleeve, 750 ml - Lightning Grey",Water Bottle,UPI,799,1,1,Low,Delivered,Normal Delivery
T27724,2026-01-25,Vidya .,Cuddalore,125ml Glass Baby Feeding Temperature Sensing Baby Bottle | Color Changing Silicon Sleeve - M Flow ( 3-6 months ) / Blue,Baby Bottle,COD,888,4,3,Medium,Returned,Send Reminder
T27723,2026-01-25,United9 -,Chennai,"Borosilicate Glass Water Bottle with Protective Silicone Sleeve, 750 ml - Power Blue",Water Bottle,UPI,799,1,3,Low,Delivered,Normal Delivery
T27722,2026-01-25,Supriya katare,Gwalior,Baby Bottle Teat - Plus (10+ months),Baby Bottle,COD,1177,2,1,Medium,Delivered,Call Customer
T27721,2026-01-25,Moncy John,Bangalore,"TintCup Borosilicate Glass Coffee Cup with Silicone Lid & Grip, 350 ml - Mighty Pink",Coffee Cups,COD,798,2,3,Medium,Delivered,Call Customer
T27720,2026-01-25,Mohana vino,CHENNAI,125ml Glass Baby Feeding Temperature Sensing Baby Bottle | Color Changing Silicon Sleeve - M Flow ( 3-6 months ) / Blue,Baby Bottle,COD,888,4,4,Medium,Delivered,Call Customer
T27719,2026-01-25,Renuka more,Navi mumbai,Set of 3 GlassUp ( 500ml ) Lunch Box with Bag,500ml Lunch Box,UPI,4047,4,3,Low,Delivered,Normal Delivery
T27718,2026-01-25,Kanika suri,Pune,"Customized Borosilicate Glass Bottle , 750 ml - Energy Red",Water Bottle,UPI,899,1,2,Low,Delivered,Normal Delivery
T27717,2026-01-25,Manoj rout,Balasore,"1Â Litre , Motivational Glass Sipper Bottle - Gravity Gray",1L Water Bottle,COD,2037,3,1,Medium,Delivered,Call Customer
T27716,2026-01-25,Sonali choudhary,Navi mumbai,"Borosilicate Glass Water Bottle with Protective Silicone Sleeve, 750 ml - Power Blue",Water Bottle,UPI,799,1,2,Low,Delivered,Normal Delivery
T27715,2026-01-25,Kani Periasamy,Ramanathapuram ( dist),250ml Glass Baby Feeding Temperature Sensing Baby Bottle | Color Changing Silicon Sleeve - + Flow ( 10+ months ) / Blue,Baby Bottle,COD,949,4,3,Medium,Delivered,Call Customer
T27714,2026-01-25,Nayan Sandesh Thorat,RAIGAD,Pack of 4 Stainless Steel Straws with Silicone Tip and Cleaning Brush - Stainless Steel and Silicone,Straws,COD,1387,4,3,Medium,Delivered,Call Customer
T27713,2026-01-25,Bhrigu joshi,Bangalore,"TintCup Borosilicate Glass Coffee Cup with Silicone Lid & Grip, 350 ml - Wooden Cork Grip",Coffee Cups,UPI,759,0,3,Low,Delivered,Normal Delivery
T27712,2026-01-25,Himanshu maurya,Pune,"1Â Litre , Motivational Glass Sipper Bottle - Lunar Blue & Venus Pink",1L Water Bottle,UPI,1949,4,3,Low,Delivered,Normal Delivery
T27711,2026-01-24,Shraddha naik,Mumbai,"Borosilicate Glass Water Bottle with Protective Silicone Sleeve, 750 ml - Cool Green",Water Bottle,UPI,799,0,1,Low,Delivered,Normal Delivery
T27710,2026-01-24,Chandni arora,West Delhi,"Borosilicate Glass Water Bottle with Protective Silicone Sleeve, 750 ml - Energy Red",Water Bottle,COD,1687,3,1,Medium,Delivered,Call Customer
T27709,2026-01-24,Abhishek Kaushik,Hyderabad,125ml Glass Baby Feeding Temperature Sensing Baby Bottle | Color Changing Silicon Sleeve - M Flow ( 3-6 months ) / Pink,Baby Bottle,COD,888,1,2,Medium,Delivered,Call Customer
T27708,2026-01-24,ABDUL BASITH. N,Kollam,"Borosilicate Glass Water Bottle with Protective Silicone Sleeve, 750 ml - Pulse Yellow",Water Bottle,UPI,799,1,3,Low,Delivered,Normal Delivery
T27707,2026-01-24,Madhuri  m,Bangalore,"Customized TintCup Borosilicate Glass Coffee Cup with Silicone Lid & Grip, 350 ml - Dynamic Grey",Coffee Cups,UPI,849,0,1,Low,Delivered,Normal Delivery
T27706,2026-01-24,Dhirendra Pratap singh,Gorakhpur,250ml Glass Baby Feeding Temperature Sensing Baby Bottle | Color Changing Silicon Sleeve - M Flow ( 6-10 months ) / Blue,Baby Bottle,COD,988,5,1,Medium,Delivered,Call Customer
T27705,2026-01-24,alok -,Delhi,"TintCup Borosilicate Glass Coffee Cup with Silicone Lid & Grip, 350 ml - Dashing Blue",Coffee Cups,COD,798,1,4,Medium,Delivered,Call Customer
T27704,2026-01-24,DR . SAJAL SHARMA,Yamuna nagar,"1Â Litre , Motivational Glass Sipper Bottle - Lunar Blue",1L Water Bottle,COD,1038,4,2,Medium,Delivered,Call Customer
T27703,2026-01-24,Veena -,Gurgaon,"Borosilicate Glass Water Bottle with Protective Silicone Sleeve, 750 ml - Cool Green",Water Bottle,UPI,799,2,2,Low,Delivered,Normal Delivery
T27702,2026-01-24,Touseef ahmed syed,Hyderabad,"Borosilicate Glass Water Bottle with Protective Silicone Sleeve, 750 ml - Cool Green",Water Bottle,UPI,799,0,1,Low,Delivered,Normal Delivery
T27701,2026-01-24,Ashwin Dalvi,Panaji,TintCup Borosilicate Glass Coffee CupÂ CoupleÂ Combo - Blue & Grey,Coffee Cups,UPI,1418,1,2,Low,Delivered,Normal Delivery
T27700,2026-01-24,Shabana khan,Kolkata,"Borosilicate Glass Water Bottle with Protective Silicone Sleeve, 750 ml - Atomic Green",Water Bottle,UPI,3146,0,2,Low,Delivered,Normal Delivery
T27699,2026-01-24,Rutu dhameliya,SURAT,"1Â Litre , Motivational Glass Sipper Bottle - Venus Pink",1L Water Bottle,COD,1038,0,3,Medium,Delivered,Call Customer
T27698,2026-01-24,Aarati Apte,Sangli,Pack of 4 Stainless Steel Straws with Silicone Tip and Cleaning Brush - Stainless Steel and Silicone,Straws,UPI,349,2,2,Low,Delivered,Normal Delivery
T27697,2026-01-24,Sinetra verghese,MUMBAI,"Borosilicate Glass Water Bottle with Protective Silicone Sleeve, 750 ml - Energy Red",Water Bottle,UPI,3146,4,1,Low,Delivered,Normal Delivery
T27696,2026-01-24,Tania  de souza,Panjim,"1Â Litre , Motivational Glass Sipper Bottle - Venus Pink",1L Water Bottle,UPI,999,0,3,Low,Delivered,Normal Delivery
T27695,2026-01-24,Sumit vardhan,Mumbai,"Borosilicate Glass Water Bottle with Protective Silicone Sleeve, 750 ml - Pulse Yellow",Water Bottle,COD,838,1,2,Medium,Delivered,Normal Delivery
T27694,2026-01-24,Shivani .,HYDERABAD,"Customized Borosilicate Glass Bottle , 750 ml - Energy Red",Water Bottle,UPI,7446,3,1,Low,Delivered,Normal Delivery
T27693,2026-01-24,Lopamudra Satapathy,Bhubaneswar,"TintCup Borosilicate Glass Coffee Cup with Silicone Lid & Grip, 350 ml - Mighty Pink",Coffee Cups,UPI,2307,0,1,Low,Delivered,Call Customer
T27692,2026-01-24,Abhishek  pandey,New Delhi,"Borosilicate Glass Water Bottle with Protective Silicone Sleeve, 750 ml - Cool Green",Water Bottle,UPI,799,0,2,Low,Delivered,Normal Delivery
T27691,2026-01-24,Aarati Apte,Sangli,TintCup Borosilicate Glass Coffee CupÂ CoupleÂ Combo - Blue & Pink,Coffee Cups,UPI,1418,2,1,Low,Delivered,Normal Delivery
T27690,2026-01-24,Kaashvi gupta,Pune,GlassUp 500 ml Borosilicate Glass Lunch Box with Glass Lid & Silicone Sleeve - Arctic Blue,500ml Lunch Box,UPI,749,4,1,Low,Delivered,Normal Delivery
T27689,2026-01-24,Tanya bhartia,Nagpur,"Borosilicate Glass Water Bottle with Protective Silicone Sleeve, 750 ml - Energy Red",Water Bottle,UPI,799,3,1,Low,Delivered,Normal Delivery
T27688,2026-01-24,Seema nagraj,Bangalore,"Borosilicate Glass Water Bottle with Protective Silicone Sleeve, 750 ml - Cool Green",Water Bottle,UPI,799,1,3,Low,Delivered,Normal Delivery
T27687,2026-01-24,Siva shankar,Kuppam,GlassUp 500 ml Borosilicate Glass Lunch Box with Glass Lid & Silicone Sleeve - Coral Green,500ml Lunch Box,UPI,1748,3,1,Low,Delivered,Normal Delivery
T27686,2026-01-24,Jewel Jamatia,Moharchhara,125ml Glass Baby Feeding Temperature Sensing Baby Bottle | Color Changing Silicon Sleeve - S Flow ( 0-3 months ) / Blue,Baby Bottle,COD,749,1,2,Medium,Delivered,Call Customer
T27685,2026-01-24,Riya kansara,Mumbai,"1Â Litre , Motivational Glass Sipper Bottle - Planet Green",1L Water Bottle,UPI,999,4,3,Low,Delivered,Normal Delivery
T27684,2026-01-24,Puja majumder,BANGALORE,250ml Glass Baby Feeding Temperature Sensing Baby Bottle | Color Changing Silicon Sleeve - M Flow ( 6-10 months ) / Blue,Baby Bottle,UPI,849,1,3,Low,Delivered,Normal Delivery
T27683,2026-01-24,manlee wangsu,Tirap,"Borosilicate Glass Water Bottle with Protective Silicone Sleeve, 750 ml - Lightning Grey",Water Bottle,COD,838,5,1,Medium,Delivered,Call Customer
T27682,2026-01-24,Leena Shah,Nashik,"Borosilicate Glass Water Bottle with Protective Silicone Sleeve, 750 ml - Energy Red",Water Bottle,UPI,799,2,1,Low,Delivered,Normal Delivery
T27681,2026-01-24,Ramyasree -,Bangalore,250ml Glass Baby Feeding Temperature Sensing Baby Bottle | Color Changing Silicon Sleeve - M Flow ( 6-10 months ) / Blue,Baby Bottle,COD,1077,2,3,Medium,Delivered,Normal Delivery
T27680,2026-01-24,Mitul bhesaniya,Surat,"1Â Litre , Motivational Glass Sipper Bottle - Gravity Gray",1L Water Bottle,COD,1038,6,1,Medium,Delivered,Call Customer
T27679,2026-01-24,Ekam Sanjeev,GURGAON,250ml Glass Baby Feeding Temperature Sensing Baby Bottle | Color Changing Silicon Sleeve - M Flow ( 6-10 months ) / Pink,Baby Bottle,COD,888,2,3,Medium,Delivered,Call Customer
T27678,2026-01-24,Hina Hina,Lucknow,250ml Glass Baby Feeding Temperature Sensing Baby Bottle | Color Changing Silicon Sleeve - + Flow ( 10+ months ) / Blue,Baby Bottle,UPI,849,2,2,Low,Delivered,Normal Delivery
T27677,2026-01-24,Sneha sanjay,Bangalore,"Borosilicate Glass Water Bottle with Protective Silicone Sleeve, 750 ml - Cool Green",Water Bottle,COD,838,3,4,Medium,Delivered,Call Customer
T27676,2026-01-24,Tanisha agarwal,Nagpur,"1Â Litre , Motivational Glass Sipper Bottle - Venus Pink",1L Water Bottle,COD,1038,4,3,Medium,Delivered,Normal Delivery
T27675,2026-01-24,Techi punia,Itanagar,125ml Glass Baby Feeding Temperature Sensing Baby Bottle | Color Changing Silicon Sleeve - S Flow ( 0-3 months ) / Pink,Baby Bottle,COD,2336,1,1,Medium,Delivered,Normal Delivery
T27674,2026-01-24,HARISH Raghavendran,Chennai,"1Â Litre , Motivational Glass Sipper Bottle - Planet Green",1L Water Bottle,UPI,999,1,3,Low,Delivered,Normal Delivery
T27673,2026-01-24,Ravi kiran,Bangalore,"1Â Litre , Motivational Glass Sipper Bottle - Lunar Blue & Gravity Gray",1L Water Bottle,COD,1988,5,1,Medium,Delivered,Call Customer
T27672,2026-01-24,Clara fernandes,Goa,Baby Bottle Teat - Slow (0-6 months),Baby Bottle,COD,977,2,2,Medium,Delivered,Call Customer
T27671,2026-01-24,aruna -,Tumkur,"1Â Litre , Motivational Glass Sipper Bottle - Venus Pink",1L Water Bottle,UPI,999,2,2,Low,Delivered,Normal Delivery
T27670,2026-01-24,Patnana surya Kiran,Palasa,"1Â Litre , Motivational Glass Sipper Bottle - Lunar Blue",1L Water Bottle,COD,1038,0,4,Medium,Returned,Send Reminder
T27669,2026-01-24,Swathi kemisetti,HYDERABAD,"Borosilicate Glass Water Bottle with Protective Silicone Sleeve, 750 ml - Energy Red",Water Bottle,UPI,2297,4,3,Low,Delivered,Normal Delivery
T27668,2026-01-24,Kanishka birat,Bhopal,Customized 1Â Litre Bottle - Venus Pink,1L Water Bottle,UPI,1149,3,1,Low,Delivered,Normal Delivery
T27667,2026-01-24,Meenakshi anand,Mumbai,"Borosilicate Glass Water Bottle with Protective Silicone Sleeve, 750 ml - Power Blue",Water Bottle,UPI,799,1,1,Low,Delivered,Normal Delivery
T27666,2026-01-24,Suresh JR,Chennai,"TintCup Borosilicate Glass Coffee Cup with Silicone Lid & Grip, 350 ml - Mighty Pink",Coffee Cups,UPI,3006,0,2,Low,Delivered,Normal Delivery
T27665,2026-01-24,Amit Rana,Palampur,125ml Glass Baby Feeding Temperature Sensing Baby Bottle | Color Changing Silicon Sleeve - S Flow ( 0-3 months ) / Blue,Baby Bottle,COD,788,0,1,Medium,Delivered,Call Customer
T27664,2026-01-24,Sreelatha menon,Dombivli East,"Borosilicate Glass Water Bottle with Protective Silicone Sleeve, 750 ml - Power Blue",Water Bottle,UPI,799,1,3,Low,Delivered,Normal Delivery
T27663,2026-01-24,Deepa priya,HYDERABAD,"Borosilicate Glass Water Bottle with Protective Silicone Sleeve, 750 ml - Cool Green",Water Bottle,COD,838,3,2,Medium,Delivered,Normal Delivery
T27662,2026-01-24,Mausam  jatav,Delhi,"Borosilicate Glass Water Bottle with Protective Silicone Sleeve, 750 ml - Power Blue",Water Bottle,UPI,799,0,1,Low,Delivered,Normal Delivery
T27661,2026-01-24,Hema Kohli,Delhi,"1Â Litre , Motivational Glass Sipper Bottle - Gravity Gray",1L Water Bottle,COD,1837,0,1,Medium,Delivered,Normal Delivery
T27660,2026-01-24,Rini tiwary,Bengaluru,GlassUp 500 ml Borosilicate Glass Lunch Box with Glass Lid & Silicone Sleeve - Coral Green,500ml Lunch Box,COD,788,4,1,Medium,Delivered,Call Customer
T27659,2026-01-24,Avinash jain,Vijayapura,"TintCup Borosilicate Glass Coffee Cup with Silicone Lid & Grip, 350 ml - Dashing Blue",Coffee Cups,COD,798,3,1,Medium,Delivered,Call Customer
T27658,2026-01-24,Kushagra Jain,MUMBAI,"Borosilicate Glass Lunch Box with Silicone Sleeve, 300 ml - Oasis Blue",300ml Lunch Box,COD,738,0,3,Medium,Delivered,Normal Delivery
T27657,2026-01-24,Shubhada sameer katdare,Pune maharashtra,GlassUp 500 ml Borosilicate Glass Lunch Box with Glass Lid & Silicone Sleeve - Coral Green,500ml Lunch Box,UPI,1548,3,1,Low,Delivered,Normal Delivery
T27656,2026-01-24,Monica parihar,Ghaziabad,250ml Glass Baby Feeding Temperature Sensing Baby Bottle | Color Changing Silicon Sleeve - M Flow ( 6-10 months ) / Blue,Baby Bottle,UPI,849,1,3,Low,Delivered,Normal Delivery
T27655,2026-01-24,Mehul V Shah,Navi mumbai,"Tintbox Cool, Canvas, Eco-Friendly Lunch Bag For Office",Water Bottle,UPI,449,2,2,Low,Delivered,Normal Delivery
T27654,2026-01-24,Shrachita  Sudhasini,Cuttack,125ml Glass Baby Feeding Temperature Sensing Baby Bottle | Color Changing Silicon Sleeve - S Flow ( 0-3 months ) / Blue,Baby Bottle,UPI,749,0,3,Low,Delivered,Normal Delivery
T27653,2026-01-24,Nidhi kumar,Delhi,"TintCup Borosilicate Glass Coffee Cup with Silicone Lid & Grip, 350 ml - Blue & Pink",Coffee Cups,COD,6583,4,1,Medium,Delivered,Call Customer
T27652,2026-01-24,Ria Madra,Noida,"Borosilicate Glass Water Bottle with Protective Silicone Sleeve, 750 ml - Lightning Grey",Water Bottle,COD,838,1,1,Medium,Delivered,Normal Delivery
T27651,2026-01-24,Nikhil rana,Bangalore,"Borosilicate Glass Lunch Box with Silicone Sleeve, 300 ml - Oasis Blue",300ml Lunch Box,UPI,2097,3,1,Low,Delivered,Normal Delivery
T27650,2026-01-24,Rohit srivastava,New Delhi,"Customized Borosilicate Glass Bottle , 750 ml - Pulse Yellow",Water Bottle,UPI,899,1,3,Low,Delivered,Normal Delivery
T27649,2026-01-24,Hansa dodiya,JUNAGADH,"Borosilicate Glass Water Bottle with Protective Silicone Sleeve, 750 ml - Cool Green",Water Bottle,COD,838,0,1,Medium,Delivered,Normal Delivery
T27648,2026-01-24,Meghana konda,Chennai,"Borosilicate Glass Water Bottle with Protective Silicone Sleeve, 750 ml - Lightning Grey",Water Bottle,UPI,799,3,1,Low,Delivered,Normal Delivery
T27647,2026-01-24,Swapna sreedasyam,Hyderabad,"1Â Litre , Motivational Glass Sipper Bottle - Lunar Blue & Venus Pink",1L Water Bottle,COD,1988,2,2,Medium,Delivered,Call Customer
T27646,2026-01-24,Darshana Kadam,Mumbai,"Borosilicate Glass Water Bottle with Protective Silicone Sleeve, 750 ml - Power Blue",Water Bottle,UPI,799,1,1,Low,Delivered,Normal Delivery
T27645,2026-01-24,Divya P V,Bangalore,"TintCup Borosilicate Glass Coffee Cup with Silicone Lid & Grip, 350 ml - Wooden Cork Grip",Coffee Cups,UPI,759,0,1,Low,Delivered,Normal Delivery
T27644,2026-01-24,Saurav Mhatre,Thane,"Borosilicate Glass Water Bottle with Protective Silicone Sleeve, 750 ml - Cool Green",Water Bottle,COD,838,4,4,Medium,Delivered,Call Customer
T27643,2026-01-24,Anil kharb,Navi mumbai,"TintCup Borosilicate Glass Coffee Cup with Silicone Lid & Grip, 350 ml - Java Brown",Coffee Cups,COD,1447,5,1,Medium,Delivered,Call Customer
T27642,2026-01-24,D mukherjee,Bengaluru,"Customized TintCup Borosilicate Glass Coffee Cup with Silicone Lid & Grip, 350 ml - Mighty Pink",Coffee Cups,UPI,1848,3,1,Low,Delivered,Normal Delivery
T27641,2026-01-24,Tamali nandi,Mumbai,"Borosilicate Glass Water Bottle with Protective Silicone Sleeve, 750 ml - Cool Green",Water Bottle,UPI,799,1,1,Low,Delivered,Normal Delivery
T27640,2026-01-24,Shruti  mathrani,Mumbai,"Borosilicate Glass Water Bottle with Protective Silicone Sleeve, 750 ml - Grey & Blue",Water Bottle,COD,1658,1,2,Medium,Delivered,Call Customer
T27639,2026-01-24,Janki sheth,Secundrabad,250ml Glass Baby Feeding Temperature Sensing Baby Bottle | Color Changing Silicon Sleeve - M Flow ( 6-10 months ) / Blue,Baby Bottle,UPI,849,2,1,Low,Delivered,Normal Delivery
T27638,2026-01-24,Ashha limbachiya,Vadodara,"Borosilicate Glass Water Bottle with Protective Silicone Sleeve, 750 ml - Cool Green",Water Bottle,UPI,799,2,1,Low,Delivered,Normal Delivery
T27637,2026-01-24,Meghrajsinhji devdhara,Bangalore,"TintCup Borosilicate Glass Coffee Cup with Silicone Lid & Grip, 350 ml - Cosmic Purple",Coffee Cups,UPI,759,4,1,Low,Delivered,Normal Delivery
T27636,2026-01-24,Vinod kumar,SOUTH WEST,"Customized Borosilicate Glass Bottle , 750 ml - Lightning Grey",Water Bottle,UPI,899,4,1,Low,Delivered,Normal Delivery
T27635,2026-01-24,Akash sharma,Bangalore,"Borosilicate Glass Water Bottle with Protective Silicone Sleeve, 750 ml - Power Blue",Water Bottle,UPI,799,0,1,Low,Delivered,Normal Delivery
T27634,2026-01-24,Reshma pradeeep  mohinani,Jaipur,"Borosilicate Glass Water Bottle with Protective Silicone Sleeve, 750 ml - Lightning Grey",Water Bottle,UPI,799,0,1,Low,Delivered,Normal Delivery
T27633,2026-01-24,MOHAN AGARWAL,Guwahati,Customized 1Â Litre Bottle - Gravity Gray,1L Water Bottle,UPI,1149,4,1,Low,Delivered,Normal Delivery
T27632,2026-01-24,Hemalatha rankhambe,Sangli,"TintCup Borosilicate Glass Coffee Cup with Silicone Lid & Grip, 350 ml - Mighty Pink",Coffee Cups,UPI,759,4,1,Low,Delivered,Normal Delivery
T27631,2026-01-24,Grenwill Dmello,Mumbai,Customized 1Â Litre Bottle - Lunar Blue,1L Water Bottle,UPI,1149,3,3,Low,Delivered,Normal Delivery
T27630,2026-01-24,SUNIL KUMAR C S,Bangalore,"Customized Borosilicate Glass Lunch Box with Silicone Sleeve, 300 ml - Oasis Blue",300ml Lunch Box,UPI,11692,2,1,Low,Delivered,Normal Delivery
T27629,2026-01-24,Tajinder singh talwar,Lucknow,"TintCup Borosilicate Glass Coffee Cup with Silicone Lid & Grip, 350 ml - Mighty Pink",Coffee Cups,COD,798,5,1,Medium,Delivered,Call Customer
T27628,2026-01-24,Puja Somani,North Dinajpur,Customized 1Â Litre Bottle - Venus Pink,1L Water Bottle,UPI,1149,0,1,Low,Delivered,Normal Delivery
T27627,2026-01-24,Farhat farooq farooq,Srinagar,"TintCup Borosilicate Glass Coffee Cup with Silicone Lid & Grip, 350 ml - Mighty Pink",Coffee Cups,COD,798,6,1,Medium,Delivered,Call Customer
T27626,2026-01-24,Sheeba sumit. zarchobe,Navi mumbai,"Customized TintCup Borosilicate Glass Coffee Cup with Silicone Lid & Grip, 350 ml - Dashing Blue",Coffee Cups,UPI,3097,2,1,Low,Delivered,Normal Delivery
T27625,2026-01-24,Sarita nair,Mumbai,"Customized Borosilicate Glass Bottle , 750 ml - Pulse Yellow",Water Bottle,UPI,899,2,1,Low,Delivered,Normal Delivery
T27624,2026-01-24,Jaya kumari,Chennai,250ml Glass Baby Feeding Temperature Sensing Baby Bottle | Color Changing Silicon Sleeve - + Flow ( 10+ months ) / Blue,Baby Bottle,COD,888,4,4,Medium,Returned,Send Reminder
T27623,2026-01-24,Rashmi koli,Mumbai,"Customized Borosilicate Glass Bottle , 750 ml - Lightning Grey",Water Bottle,UPI,1798,3,1,Low,Delivered,Normal Delivery
T27622,2026-01-24,Shefali shah,MUMBAI,"Borosilicate Glass Water Bottle with Protective Silicone Sleeve, 750 ml - Cool Green",Water Bottle,UPI,1648,1,1,Low,Delivered,Normal Delivery
T27621,2026-01-24,Preeti Negi,Ghaziabad,250ml Glass Baby Feeding Temperature Sensing Baby Bottle | Color Changing Silicon Sleeve - M Flow ( 6-10 months ) / Blue,Baby Bottle,UPI,849,3,1,Low,Delivered,Normal Delivery
T27620,2026-01-24,Chanchal -,Delhi,Customized 1Â Litre Bottle - Planet Green,1L Water Bottle,UPI,1149,3,3,Low,Delivered,Normal Delivery
T27619,2026-01-24,Soman nair,Jaipur,"1Â Litre , Motivational Glass Sipper Bottle - Planet Green",1L Water Bottle,COD,1038,2,2,Medium,Delivered,Call Customer
T27618,2026-01-24,Niharika agarwal,Mumbai,TintBox Borosilicate Glass Food Container (300ml)-Set ofÂ 3Â withoutÂ Bag - Blue & Orange & Green,Water Bottle Combo,UPI,1699,3,1,Low,Delivered,Normal Delivery
T27617,2026-01-24,Megha Khullar,Bangalore,"Customized TintCup Borosilicate Glass Coffee Cup with Silicone Lid & Grip, 350 ml - Dynamic Grey",Coffee Cups,UPI,849,0,4,Low,Returned,Send Reminder
T27616,2026-01-24,Amisha Gupta,Shahjahanpur,125ml Glass Baby Feeding Temperature Sensing Baby Bottle | Color Changing Silicon Sleeve - S Flow ( 0-3 months ) / Blue,Baby Bottle,COD,788,2,1,Medium,Delivered,Normal Delivery
T27615,2026-01-24,Vibha -,Gorakhpur,"Borosilicate Glass Water Bottle with Protective Silicone Sleeve, 750 ml - Atomic Green",Water Bottle,UPI,799,0,1,Low,Delivered,Normal Delivery
T27614,2026-01-24,Nasim sk,Bangalore,Baby Bottle Teat - Medium (6-10 months),Baby Bottle,COD,1077,1,1,Medium,Delivered,Normal Delivery
T27613,2026-01-24,Kokila sri,Chennai,125ml Glass Baby Feeding Temperature Sensing Baby Bottle | Color Changing Silicon Sleeve - M Flow ( 3-6 months ) / Blue,Baby Bottle,COD,788,6,1,Medium,Delivered,Call Customer
T27612,2026-01-24,Dimple solanki,Ahmedabad,"Borosilicate Glass Water Bottle with Protective Silicone Sleeve, 750 ml - Cool Green",Water Bottle,COD,838,2,3,Medium,Delivered,Normal Delivery
T27611,2026-01-24,Mita kals,New Delhi,Set of 3 GlassUp ( 500ml ) Lunch Box - Coral Green & Arctic Blue & Marine Grey,500ml Lunch Box,COD,2238,1,1,Medium,Delivered,Call Customer
T27610,2026-01-24,Sanjay Kanekar,Pune,Set of 3 Borosilicate Glass Lunch box with Canvas Bag - Blue & Orange & Green,500ml Lunch Box,UPI,1949,2,1,Low,Delivered,Normal Delivery
T27609,2026-01-24,Shagun  kundu,Gurgaon,"1Â Litre , Motivational Glass Sipper Bottle - Lunar Blue & Venus Pink",1L Water Bottle,COD,1988,4,4,Medium,Delivered,Call Customer
T27608,2026-01-24,Kalyan singh,Jaipur,250ml Glass Baby Feeding Temperature Sensing Baby Bottle | Color Changing Silicon Sleeve - M Flow ( 6-10 months ) / Blue,Baby Bottle,UPI,849,3,1,Low,Delivered,Normal Delivery
T27607,2026-01-24,Shardul Kulkarni,Navi mumbai,"Borosilicate Glass Water Bottle with Protective Silicone Sleeve, 750 ml - Lightning Grey",Water Bottle,UPI,799,4,1,Low,Delivered,Normal Delivery
T27606,2026-01-24,Veena .,Hyderabad,"Borosilicate Glass Water Bottle with Protective Silicone Sleeve, 750 ml - Grey & Green",Water Bottle,COD,1658,5,1,Medium,Delivered,Call Customer
T27605,2026-01-24,Saravin nallaiyan sengodan,Erode,"1Â Litre , Motivational Glass Sipper Bottle - Lunar Blue",1L Water Bottle,COD,1038,1,3,Medium,Delivered,Call Customer
T27604,2026-01-24,Shikha choudhary,Panipat,Baby Bottle Teat - Slow (0-6 months),Baby Bottle,COD,1826,3,1,Medium,Delivered,Normal Delivery
T27603,2026-01-24,Shikha choudhary,Panipat,125ml Glass Baby Feeding Temperature Sensing Baby Bottle | Color Changing Silicon Sleeve - S Flow ( 0-3 months ) / Pink,Baby Bottle,COD,1687,2,1,Medium,Delivered,Call Customer
T27602,2026-01-24,Reshma jadhav,Pune,Set of 3 GlassUp ( 500ml ) Lunch Box with Bag,500ml Lunch Box,COD,2388,3,1,Medium,Delivered,Normal Delivery
T27601,2026-01-24,Shalini bhakri,Delhi,"TintCup Borosilicate Glass Coffee Cup with Silicone Lid & Grip, 350 ml - Blue & Pink",Coffee Cups,UPI,2918,0,1,Low,Delivered,Normal Delivery
T27600,2026-01-24,piyush rajendra gupta,Amravati,"Borosilicate Glass Water Bottle with Protective Silicone Sleeve, 750 ml - Cool Green",Water Bottle,COD,838,3,1,Medium,Delivered,Call Customer
T27599,2026-01-24,Nagaraj albur,Pune,125ml Glass Baby Feeding Temperature Sensing Baby Bottle | Color Changing Silicon Sleeve - S Flow ( 0-3 months ) / Pink,Baby Bottle,COD,788,0,4,Medium,Returned,Send Reminder
T27598,2026-01-24,Niraj kumar,Gurgaon,"Borosilicate Glass Water Bottle with Protective Silicone Sleeve, 750 ml - Cool Green",Water Bottle,COD,838,3,1,Medium,Delivered,Call Customer
T27597,2026-01-24,Tarana bebo,Vadodara,"Borosilicate Glass Water Bottle with Protective Silicone Sleeve, 750 ml - Cool Green",Water Bottle,COD,2336,6,1,High,Delivered,Call Customer
T27596,2026-01-24,Hemangi chaudhari,Alephata,250ml Glass Baby Feeding Temperature Sensing Baby Bottle | Color Changing Silicon Sleeve - M Flow ( 6-10 months ) / Pink,Baby Bottle,UPI,849,0,1,Low,Delivered,Normal Delivery
T27595,2026-01-24,Harvinder -,Patiala,"Borosilicate Glass Water Bottle with Protective Silicone Sleeve, 750 ml - Grey & Green",Water Bottle,UPI,1619,1,1,Low,Delivered,Normal Delivery
T27594,2026-01-24,Aditee apte,Mumbai,"Borosilicate Glass Water Bottle with Protective Silicone Sleeve, 750 ml - Grey & Green",Water Bottle,UPI,1619,4,1,Low,Delivered,Normal Delivery
T27593,2026-01-24,Deli kambu,Itanagar,"1Â Litre , Motivational Glass Sipper Bottle - Planet Green",1L Water Bottle,COD,1038,5,1,Medium,Delivered,Call Customer
T27592,2026-01-24,Vinod kumar,SOUTH WEST,"Borosilicate Glass Water Bottle with Protective Silicone Sleeve, 750 ml - Lightning Grey",Water Bottle,COD,838,2,1,Medium,Delivered,Call Customer
T27591,2026-01-24,Anurag nigam,Bangalore,Baby Bottle Teat - Slow (0-6 months),Baby Bottle,UPI,1127,3,1,Low,Delivered,Normal Delivery
T27590,2026-01-24,Khushbu kansal,Noida,Baby Bottle Teat - Slow (0-6 months),Baby Bottle,UPI,1038,4,3,Low,Delivered,Normal Delivery
T27589,2026-01-24,Renuka aggarwal,Delhi,250ml Glass Baby Feeding Temperature Sensing Baby Bottle | Color Changing Silicon Sleeve - + Flow ( 10+ months ) / Blue,Baby Bottle,UPI,849,2,1,Low,Delivered,Normal Delivery
T27588,2026-01-24,Nikhil  singh,Noida,"Customized Borosilicate Glass Bottle , 750 ml - Pulse Yellow",Water Bottle,UPI,899,2,1,Low,Delivered,Normal Delivery
T27587,2026-01-24,Harshitha Puradh,Bangalore,GlassUp 500 ml Borosilicate Glass Lunch Box with Glass Lid & Silicone Sleeve - Blue-Green-Grey,500ml Lunch Box,UPI,2199,0,1,Low,Delivered,Normal Delivery
T27586,2026-01-24,Tanmay Nerlekar,Mumbai,"Borosilicate Glass Water Bottle with Protective Silicone Sleeve, 750 ml - Power Blue",Water Bottle,UPI,799,1,3,Low,Delivered,Normal Delivery
T27585,2026-01-24,Priyanka manghwani,Lucknow,125ml Glass Baby Feeding Temperature Sensing Baby Bottle | Color Changing Silicon Sleeve - M Flow ( 3-6 months ) / Pink,Baby Bottle,UPI,3647,1,3,Low,Delivered,Normal Delivery
T27584,2026-01-23,Pavithra Pavi,Chennai,125ml Glass Baby Feeding Temperature Sensing Baby Bottle | Color Changing Silicon Sleeve - M Flow ( 3-6 months ) / Blue,Baby Bottle,COD,788,4,3,Medium,Delivered,Call Customer
T27583,2026-01-23,Amar Kumar,Bangalore,"1Â Litre , Motivational Glass Sipper Bottle - Lunar Blue",1L Water Bottle,UPI,999,1,2,Low,Delivered,Normal Delivery
T27582,2026-01-23,Binu  Philip,Kerala,125ml Glass Baby Feeding Temperature Sensing Baby Bottle | Color Changing Silicon Sleeve - S Flow ( 0-3 months ) / Blue,Baby Bottle,UPI,749,3,1,Low,Delivered,Normal Delivery
T27581,2026-01-23,Pallavi Bhosale,Kolhapur,"Borosilicate Glass Water Bottle with Protective Silicone Sleeve, 750 ml - Lightning Grey",Water Bottle,COD,838,1,3,Medium,Returned,Send Reminder
T27580,2026-01-23,Dr.ankit jain,Surat,"Customized Borosilicate Glass Bottle , 750 ml - Pulse Yellow",Water Bottle,UPI,899,4,1,Low,Delivered,Normal Delivery
T27579,2026-01-23,Hussain baxamusa,Bangalore,"1Â Litre , Motivational Glass Sipper Bottle - Gravity Gray",1L Water Bottle,UPI,999,1,1,Low,Delivered,Normal Delivery
T27578,2026-01-23,Anuksha saxena,LUCKNOW,"Borosilicate Glass Water Bottle with Protective Silicone Sleeve, 750 ml - Cool Green",Water Bottle,COD,838,3,4,Medium,Delivered,Call Customer
T27577,2026-01-23,Neha m,Khammam,"1Â Litre , Motivational Glass Sipper Bottle - Venus Pink",1L Water Bottle,UPI,1798,0,1,Low,Delivered,Normal Delivery
T27576,2026-01-23,Veena arul,COIMBATORE,"Borosilicate Glass Water Bottle with Protective Silicone Sleeve, 750 ml - Atomic Green",Water Bottle,UPI,3117,4,1,Low,Delivered,Normal Delivery
T27575,2026-01-23,Aarzoo ailani,Ulhasnagar,"Borosilicate Glass Water Bottle with Protective Silicone Sleeve, 750 ml - Lightning Grey",Water Bottle,COD,838,0,2,Medium,Delivered,Normal Delivery
T27574,2026-01-23,Prasanna  shetty,Mumbai,"Borosilicate Glass Water Bottle with Protective Silicone Sleeve, 750 ml - Lightning Grey",Water Bottle,UPI,799,0,1,Low,Delivered,Normal Delivery
T27573,2026-01-23,Rasika deochake,Ahmednagar,"Borosilicate Glass Water Bottle with Protective Silicone Sleeve, 750 ml - Cool Green",Water Bottle,UPI,799,0,1,Low,Delivered,Normal Delivery
T27572,2026-01-23,Sonia Bhatia,New delhi,125ml Glass Baby Feeding Temperature Sensing Baby Bottle | Color Changing Silicon Sleeve - S Flow ( 0-3 months ) / Blue,Baby Bottle,COD,788,2,1,Medium,Delivered,Send Reminder
T27571,2026-01-23,Sonia Bhatia,New delhi,125ml Glass Baby Feeding Temperature Sensing Baby Bottle | Color Changing Silicon Sleeve - S Flow ( 0-3 months ) / Blue,Baby Bottle,COD,788,2,4,Medium,Delivered,Call Customer
T27570,2026-01-23,Aparna  Harry,Bangalore,"TintCup Borosilicate Glass Coffee Cup with Silicone Lid & Grip, 350 ml - Dynamic Grey",Coffee Cups,UPI,759,0,1,Low,Delivered,Normal Delivery
T27569,2026-01-23,Chandan  chakraborty,Berhampore,"1Â Litre , Motivational Glass Sipper Bottle - Lunar Blue",1L Water Bottle,UPI,944,4,2,Low,Delivered,Normal Delivery
T27568,2026-01-23,Sejal Phondekar,Pune,250ml Glass Baby Feeding Temperature Sensing Baby Bottle | Color Changing Silicon Sleeve - M Flow ( 6-10 months ) / Blue,Baby Bottle,UPI,849,3,1,Low,Delivered,Normal Delivery
T27567,2026-01-23,Sujay Kulkarni,Pune,"Borosilicate Glass Water Bottle with Protective Silicone Sleeve, 750 ml - Cool Green",Water Bottle,UPI,2648,3,1,Low,Delivered,Normal Delivery
T27566,2026-01-23,Neha kalra,Ludhiana,"1Â Litre , Motivational Glass Sipper Bottle - Venus Pink",1L Water Bottle,COD,1038,1,2,Medium,Delivered,Normal Delivery
T27565,2026-01-23,Aisha salman,Hyderabad,250ml Glass Baby Feeding Temperature Sensing Baby Bottle | Color Changing Silicon Sleeve - M Flow ( 6-10 months ) / Blue,Baby Bottle,UPI,1748,4,3,Low,Delivered,Normal Delivery
T27564,2026-01-23,niranjan kulkarmi,Pune,"Borosilicate Glass Water Bottle with Protective Silicone Sleeve, 750 ml - Cool Green",Water Bottle,UPI,799,2,2,Low,Delivered,Normal Delivery
T27563,2026-01-23,Pooja agrawal,Varanasi,"1Â Litre , Motivational Glass Sipper Bottle - Planet Green",1L Water Bottle,COD,1038,0,2,Medium,Delivered,Normal Delivery
T27562,2026-01-23,Mritunjoy Rabha,Tezpur,"Customized Borosilicate Glass Bottle , 750 ml - Lightning Grey",Water Bottle,UPI,899,1,1,Low,Delivered,Normal Delivery
T27561,2026-01-23,Manjeet -,Ghaziabad,250ml Glass Baby Feeding Temperature Sensing Baby Bottle | Color Changing Silicon Sleeve - M Flow ( 6-10 months ) / Pink,Baby Bottle,COD,888,3,2,Medium,Delivered,Call Customer
T27560,2026-01-23,Ruth das,Marthandam,Baby Bottle Teat - Slow (0-6 months),Baby Bottle,COD,977,2,4,Medium,Returned,Call Customer
T27559,2026-01-23,Priyal Dankhara,Surat,125ml Glass Baby Feeding Temperature Sensing Baby Bottle | Color Changing Silicon Sleeve - M Flow ( 3-6 months ) / Blue,Baby Bottle,UPI,749,2,1,Low,Delivered,Normal Delivery
T27558,2026-01-23,Sarbjit kaur,Mandi gobindgarh,250ml Glass Baby Feeding Temperature Sensing Baby Bottle | Color Changing Silicon Sleeve - + Flow ( 10+ months ) / Blue,Baby Bottle,COD,888,0,2,Medium,Delivered,Call Customer
T27557,2026-01-23,Anjum -,Udupi,"Borosilicate Glass Water Bottle with Protective Silicone Sleeve, 750 ml - Lightning Grey",Water Bottle,COD,838,3,3,Medium,Delivered,Call Customer
T27556,2026-01-23,Karamjeet Kaur Hayer,Ulhasnager,"Borosilicate Glass Water Bottle with Protective Silicone Sleeve, 750 ml - Cool Green",Water Bottle,UPI,1648,4,1,Low,Delivered,Call Customer
T27555,2026-01-23,Anju Gandhi,Kings way camp,"Borosilicate Glass Water Bottle with Protective Silicone Sleeve, 750 ml - Cool Green",Water Bottle,COD,838,2,1,Medium,Delivered,Call Customer
T27554,2026-01-23,Pushpalatha B,Bangalore,125ml Glass Baby Feeding Temperature Sensing Baby Bottle | Color Changing Silicon Sleeve - S Flow ( 0-3 months ) / Blue,Baby Bottle,COD,788,0,2,Medium,Delivered,Call Customer
T27553,2026-01-23,Vachan R,Tumkur,"Customized Borosilicate Glass Bottle , 750 ml - Power Blue",Water Bottle,UPI,899,4,3,Low,Delivered,Normal Delivery
T27552,2026-01-23,Maria -,Mangalore,Baby Bottle Teat - Slow (0-6 months),Baby Bottle,COD,1077,3,3,Medium,Delivered,Refund Initiated
T27551,2026-01-23,Kalpesh prajapati,Ahmedabad,"Borosilicate Glass Water Bottle with Protective Silicone Sleeve, 750 ml - Cool Green",Water Bottle,COD,2386,5,1,Medium,Delivered,Call Customer
T27550,2026-01-23,Sarita Grover,Delhi,"Borosilicate Glass Water Bottle with Protective Silicone Sleeve, 750 ml - Cool Green",Water Bottle,COD,838,2,1,Medium,Delivered,Call Customer
T27549,2026-01-23,Rahul joshi,Mumbai,GlassUp 500 ml Borosilicate Glass Lunch Box with Glass Lid & Silicone Sleeve - Marine Grey,500ml Lunch Box,COD,1587,4,3,Medium,Delivered,Normal Delivery
T27548,2026-01-23,arun grover,Kolkata,"Customized Borosilicate Glass Bottle , 750 ml - Energy Red",Water Bottle,UPI,899,4,2,Low,Delivered,Normal Delivery
T27547,2026-01-23,Ramyareddy reddy,Hyderabad,"1Â Litre , Motivational Glass Sipper Bottle - Planet Green",1L Water Bottle,COD,1038,4,1,Medium,Delivered,Call Customer
T27546,2026-01-23,Garima bhakuni,Delhi,250ml Glass Baby Feeding Temperature Sensing Baby Bottle | Color Changing Silicon Sleeve - M Flow ( 6-10 months ) / Pink,Baby Bottle,UPI,849,2,1,Low,Delivered,Normal Delivery
T27545,2026-01-23,Priya Sharma,Lucknow,"Borosilicate Glass Water Bottle with Protective Silicone Sleeve, 750 ml - Atomic Green",Water Bottle,UPI,799,2,2,Low,Delivered,Normal Delivery
T27544,2026-01-23,Shikita Sangodkar,Nagpur,"1Â Litre , Motivational Glass Sipper Bottle - Gravity Gray",1L Water Bottle,UPI,999,1,2,Low,Delivered,Normal Delivery
T27543,2026-01-23,Ramya yandrapu,Bengaluru,250ml Glass Baby Feeding Temperature Sensing Baby Bottle | Color Changing Silicon Sleeve - M Flow ( 6-10 months ) / Blue,Baby Bottle,UPI,849,3,1,Low,Delivered,Normal Delivery
T27542,2026-01-23,Aparna  Potnis,Pune,"TintCup Borosilicate Glass Coffee Cup with Silicone Lid & Grip, 350 ml - Mighty Pink",Coffee Cups,UPI,1708,0,1,Low,Delivered,Normal Delivery
T27541,2026-01-23,Swetha ravi,Gudiyattam,250ml Glass Baby Feeding Temperature Sensing Baby Bottle | Color Changing Silicon Sleeve - M Flow ( 6-10 months ) / Pink,Baby Bottle,UPI,849,4,3,Low,Delivered,Normal Delivery
T27540,2026-01-23,Aarti kamat,Mumbai,Set of 2 GlassUp ( 500ml ) Lunch Box - Coral Green & Arctic Blue,500ml Lunch Box,UPI,1499,1,1,Low,Delivered,Refund Initiated
T27539,2026-01-23,shilpa -,Bangalore,"Borosilicate Glass Water Bottle with Protective Silicone Sleeve, 750 ml - Cool Green",Water Bottle,UPI,799,0,3,Low,Delivered,Normal Delivery
T27538,2026-01-23,Srijan Soni,Bhopal,Set of 3 Borosilicate Glass Lunch box with Canvas Bag - Blue & Orange & Green,500ml Lunch Box,UPI,1949,1,1,Low,Delivered,Normal Delivery
T27537,2026-01-23,Amita Vivek Kadam,Mumbai,"Borosilicate Glass Water Bottle with Protective Silicone Sleeve, 750 ml - Energy Red",Water Bottle,COD,838,6,1,Medium,Delivered,Call Customer
T27536,2026-01-23,Poonam J. Kambli,Navi Mumbai,"Borosilicate Glass Water Bottle with Protective Silicone Sleeve, 750 ml - Atomic Green",Water Bottle,COD,1687,2,2,Medium,Delivered,Call Customer
T27535,2026-01-23,Padma prabakaran,Bangalore,Customized 1Â Litre Bottle - Planet Green,1L Water Bottle,UPI,1149,4,1,Low,Delivered,Normal Delivery
T27534,2026-01-23,Sunjoy prabakaran,Hyderabad,"Customized Borosilicate Glass Bottle , 750 ml - Lightning Grey",Water Bottle,UPI,899,0,1,Low,Delivered,Normal Delivery
T27533,2026-01-23,Sandhya Taneja,Delhi,"Borosilicate Glass Water Bottle with Protective Silicone Sleeve, 750 ml - Cool Green",Water Bottle,UPI,799,0,1,Low,Delivered,Normal Delivery
T27532,2026-01-23,Sonal begur Ramu,New Delhi,Set of 3 Borosilicate Glass Lunch Boxes(300 ml) with Bag &Â BottleÂ (750Â ml) - Cool Green,300ml Lunch Box,UPI,2649,0,1,Low,Delivered,Normal Delivery
T27531,2026-01-23,Sulekha Samuel,Hyderabad,GlassUp 500 ml Borosilicate Glass Lunch Box with Glass Lid & Silicone Sleeve - Arctic Blue,500ml Lunch Box,COD,2637,0,3,Medium,Delivered,Call Customer
T27530,2026-01-23,Raaji v,Mumbai,"Borosilicate Glass Water Bottle with Protective Silicone Sleeve, 750 ml - Power Blue",Water Bottle,UPI,799,0,2,Low,Delivered,Normal Delivery
T27529,2026-01-23,Bharti dhyani,Chandigarh,"Borosilicate Glass Water Bottle with Protective Silicone Sleeve, 750 ml - Cool Green",Water Bottle,UPI,799,1,2,Low,Delivered,Normal Delivery
T27528,2026-01-23,Khushal nathwani,Bangalore,(Spare) BPA Free Spout Lid for TintBox 750ml Borosilicate Glass Water Bottle,Water Bottle,UPI,210,4,1,Low,Delivered,Normal Delivery
T27527,2026-01-23,Rakesh vichare,Kanjurmarg east,"Borosilicate Glass Water Bottle with Protective Silicone Sleeve, 750 ml - Power Blue",Water Bottle,UPI,799,2,1,Low,Delivered,Normal Delivery
T27526,2026-01-23,Aradhana chaubey,Shivpur,Set of 3 Borosilicate Glass Lunch Boxes(300 ml) with Bag &Â BottleÂ (750Â ml) - Pulse Yellow,300ml Lunch Box,UPI,2649,2,1,Low,Delivered,Normal Delivery
T27525,2026-01-23,Jyoti gutam,Lucknow,"Borosilicate Glass Water Bottle with Protective Silicone Sleeve, 750 ml - Power Blue",Water Bottle,UPI,799,2,3,Low,Delivered,Normal Delivery
T27524,2026-01-23,Seema Aggarwal,Yamuna nagar,"1Â Litre , Motivational Glass Sipper Bottle - Venus Pink",1L Water Bottle,COD,1038,6,1,Medium,Delivered,Call Customer
T27523,2026-01-23,Swara pujari,Pune,Set of 3 GlassUp ( 500ml ) Lunch Box with Bag,500ml Lunch Box,COD,3237,2,1,Medium,Delivered,Normal Delivery
T27522,2026-01-23,Balwant nahta,Chennai,"1Â Litre , Motivational Glass Sipper Bottle - Planet Green",1L Water Bottle,COD,1038,1,1,Medium,Delivered,Call Customer
T27521,2026-01-23,Nafees shaikh,RAIGAD,250ml Glass Baby Feeding Temperature Sensing Baby Bottle | Color Changing Silicon Sleeve - M Flow ( 6-10 months ) / Blue,Baby Bottle,UPI,849,3,2,Low,Delivered,Normal Delivery
T27520,2026-01-23,Parita wanjari,Hyderabad,"Customized Borosilicate Glass Bottle , 750 ml - Cool Green",Water Bottle,UPI,899,4,2,Low,Delivered,Normal Delivery
T27519,2026-01-23,Pratidnya Bhise,"Mumbai, Mira Bhayandar","Customized Borosilicate Glass Bottle , 750 ml - Power Blue",Water Bottle,COD,1798,0,1,Medium,Delivered,Send Reminder
T27518,2026-01-23,Rohan samudra,Pune,"Borosilicate Glass Water Bottle with Protective Silicone Sleeve, 750 ml - Energy Red",Water Bottle,UPI,799,3,1,Low,Delivered,Normal Delivery
T27517,2026-01-23,Naveen  khareliya,NAVI,"1Â Litre , Motivational Glass Sipper Bottle - Lunar Blue & Venus Pink",1L Water Bottle,UPI,1949,2,1,Low,Delivered,Normal Delivery
T27516,2026-01-23,Nidhi gulati,Delhi,"Borosilicate Glass Water Bottle with Protective Silicone Sleeve, 750 ml - Power Blue",Water Bottle,UPI,799,3,2,Low,Delivered,Normal Delivery
T27515,2026-01-23,Ashwini lalitha,Chennai,125ml Glass Baby Feeding Temperature Sensing Baby Bottle | Color Changing Silicon Sleeve - S Flow ( 0-3 months ) / Blue,Baby Bottle,COD,788,4,1,Medium,Delivered,Call Customer
T27514,2026-01-23,Raksha soni,Jaipur,"Customized Borosilicate Glass Bottle , 750 ml - Pulse Yellow",Water Bottle,UPI,899,0,2,Low,Delivered,Normal Delivery
T27513,2026-01-23,Nithesh chowdary m,GUNTUR,"1Â Litre , Motivational Glass Sipper Bottle - Lunar Blue & Venus Pink",1L Water Bottle,COD,1988,0,3,Medium,Delivered,Call Customer
T27512,2026-01-23,Priyanka Jain,Surat,"Borosilicate Glass Water Bottle with Protective Silicone Sleeve, 750 ml - Power Blue",Water Bottle,COD,2437,4,2,Medium,Delivered,Call Customer
T27511,2026-01-23,Dr. Nitin Nelge,Pune,"Customized Borosilicate Glass Bottle , 750 ml - Lightning Grey",Water Bottle,UPI,899,4,2,Low,Delivered,Normal Delivery
T27510,2026-01-23,Mayank saxena,Pune,"Borosilicate Glass Water Bottle with Protective Silicone Sleeve, 750 ml - Grey & Blue",Water Bottle,UPI,3468,2,2,Low,Delivered,Normal Delivery
T27509,2026-01-23,Khan omer,Aurangabad,"1Â Litre , Motivational Glass Sipper Bottle - Planet Green",1L Water Bottle,COD,1747,0,4,Medium,Delivered,Call Customer
T27508,2026-01-23,Sonia Sonia,Zirakpur,"1Â Litre , Motivational Glass Sipper Bottle - Lunar Blue",1L Water Bottle,UPI,999,5,1,Low,Delivered,Call Customer
T27507,2026-01-23,Yashodhara Gajghate,Ghazipur,GlassUp 500 ml Borosilicate Glass Lunch Box with Glass Lid & Silicone Sleeve - Coral Green,500ml Lunch Box,UPI,1448,3,1,Low,Delivered,Normal Delivery
T27506,2026-01-23,Kasturi  Joshi,Borivali west Mumbai,"Borosilicate Glass Water Bottle with Protective Silicone Sleeve, 750 ml - Pulse Yellow",Water Bottle,UPI,1558,1,1,Low,Delivered,Normal Delivery
T27505,2026-01-23,Hetal sharma,Ahmedabad,250ml Glass Baby Feeding Temperature Sensing Baby Bottle | Color Changing Silicon Sleeve - M Flow ( 6-10 months ) / Pink,Baby Bottle,COD,888,1,1,Medium,Delivered,Call Customer
T27504,2026-01-23,Poojaba Rahevar,Rajkot,250ml Glass Baby Feeding Temperature Sensing Baby Bottle | Color Changing Silicon Sleeve - + Flow ( 10+ months ) / Pink,Baby Bottle,UPI,849,4,3,Low,Delivered,Normal Delivery
T27503,2026-01-23,Kanchan shetty,thane west,"1Â Litre , Motivational Glass Sipper Bottle - Lunar Blue & Venus Pink",1L Water Bottle,UPI,2648,2,3,Low,Delivered,Normal Delivery
T27502,2026-01-23,Riyaz ahmed,Gurugram,"TintCup Borosilicate Glass Coffee Cup with Silicone Lid & Grip, 350 ml - Dynamic Grey",Coffee Cups,COD,798,1,3,Medium,Delivered,Call Customer
T27501,2026-01-23,Sayama razvi,CHENNAI,"1Â Litre , Motivational Glass Sipper Bottle - Lunar Blue & Venus Pink",1L Water Bottle,COD,1988,0,1,Medium,Delivered,Call Customer
T27500,2026-01-23,Balaji chaitanya b,Hyderabad,"Borosilicate Glass Lunch Box with Silicone Sleeve, 300 ml - Oasis Blue",300ml Lunch Box,UPI,2447,4,1,Low,Delivered,Normal Delivery
T27499,2026-01-23,Jamil Akhtar,Gaya,"Borosilicate Glass Water Bottle with Protective Silicone Sleeve, 750 ml - Atomic Green",Water Bottle,COD,1687,3,3,Medium,Delivered,Call Customer
T27498,2026-01-23,kiran Shettigar,Mumbai,Set of 3 GlassUp ( 500ml ) Lunch Box - Arctic Blue,500ml Lunch Box,COD,2238,4,2,Medium,Delivered,Call Customer
T27497,2026-01-23,Bijal Shah,Pune,(Spare) BPA Free Spout Lid for TintBox 750ml Borosilicate Glass Water Bottle,Water Bottle,COD,249,3,4,Medium,Delivered,Call Customer
T27496,2026-01-23,Vani Priya,Tirupati,GlassUp 500 ml Borosilicate Glass Lunch Box with Glass Lid & Silicone Sleeve - Coral Green,500ml Lunch Box,COD,1547,4,2,Medium,Delivered,Call Customer
T27495,2026-01-23,Ashutosh Prasad,Doiwala,"Borosilicate Glass Water Bottle with Protective Silicone Sleeve, 750 ml - Atomic Green",Water Bottle,COD,838,4,1,Medium,Delivered,Call Customer
T27494,2026-01-23,swati rajendra gaikwad,Nashik,"1Â Litre , Motivational Glass Sipper Bottle - Venus Pink",1L Water Bottle,UPI,999,4,1,Low,Delivered,Normal Delivery
T27493,2026-01-23,Ashwin Joshi,PUNE,"1Â Litre , Motivational Glass Sipper Bottle - Planet Green & Gravity Gray",1L Water Bottle,UPI,1949,3,1,Low,Delivered,Normal Delivery
T27492,2026-01-23,CITRA JEET,Gangarampur,"1Â Litre , Motivational Glass Sipper Bottle - Planet Green",1L Water Bottle,UPI,999,3,4,Low,Returned,Refund Initiated
T27491,2026-01-23,Smitha Nayak,Udupi,"Borosilicate Glass Water Bottle with Protective Silicone Sleeve, 750 ml - Cool Green",Water Bottle,COD,838,4,4,Medium,Returned,Send Reminder
T27490,2026-01-23,Kirana selvi,Salem,"Customized Borosilicate Glass Bottle , 750 ml - Cool Green",Water Bottle,UPI,1798,1,2,Low,Delivered,Normal Delivery
T27489,2026-01-23,Priyanka maan,PANIPAT,250ml Glass Baby Feeding Temperature Sensing Baby Bottle | Color Changing Silicon Sleeve - M Flow ( 6-10 months ) / Blue,Baby Bottle,COD,2343,2,3,Medium,Delivered,Call Customer
T27488,2026-01-23,Anindita Chattopadhyay,BHOPAL,GlassUp 500 ml Borosilicate Glass Lunch Box with Glass Lid & Silicone Sleeve - Marine Grey,500ml Lunch Box,UPI,1807,2,1,Low,Delivered,Normal Delivery
T27487,2026-01-23,Mithu pandey,GHAZIABAD,"Borosilicate Glass Water Bottle with Protective Silicone Sleeve, 750 ml - Energy Red",Water Bottle,COD,838,2,1,Medium,Delivered,Call Customer
T27486,2026-01-23,Nayan Dhanvijay,Nagpur,"Customized Borosilicate Glass Bottle , 750 ml - Lightning Grey",Water Bottle,UPI,899,3,1,Low,Delivered,Normal Delivery
T27485,2026-01-23,Manju shrimanwar,Nanded,"1Â Litre , Motivational Glass Sipper Bottle - Gravity Gray",1L Water Bottle,COD,1038,3,1,Medium,Delivered,Call Customer
T27484,2026-01-23,Sudeshna Ghosh,Bally,125ml Glass Baby Feeding Temperature Sensing Baby Bottle | Color Changing Silicon Sleeve - S Flow ( 0-3 months ) / Blue,Baby Bottle,UPI,749,1,3,Low,Delivered,Normal Delivery
T27483,2026-01-23,Monica sharma,Gurgaon,"1Â Litre , Motivational Glass Sipper Bottle - Planet Green",1L Water Bottle,UPI,999,2,1,Low,Delivered,Normal Delivery
T27482,2026-01-23,Harshita r,Bangalore,Baby Bottle Teat - Medium (6-10 months),Baby Bottle,UPI,2286,2,1,Low,Delivered,Normal Delivery
T27481,2026-01-23,Arundhati dutta,NAGPUR,"Customized TintCup Borosilicate Glass Coffee Cup with Silicone Lid & Grip, 350 ml - Java Brown",Coffee Cups,UPI,849,4,1,Low,Delivered,Normal Delivery
T27480,2026-01-23,Longshilo  kithan,Dimapur,"Borosilicate Glass Water Bottle with Protective Silicone Sleeve, 750 ml - Grey & Blue",Water Bottle,COD,1658,3,4,Medium,Returned,Send Reminder
T27479,2026-01-23,lakshmi -,Hyderabad,"Borosilicate Glass Water Bottle with Protective Silicone Sleeve, 750 ml - Power Blue",Water Bottle,UPI,799,2,3,Low,Delivered,Normal Delivery
T27478,2026-01-23,Nivedita sharma,Gurgaon,GlassUp 500 ml Borosilicate Glass Lunch Box with Glass Lid & Silicone Sleeve - Coral Green,500ml Lunch Box,UPI,1598,1,1,Low,Delivered,Normal Delivery
T27477,2026-01-23,Soni tanisha,Delhi,"Borosilicate Glass Water Bottle with Protective Silicone Sleeve, 750 ml - Lightning Grey",Water Bottle,UPI,799,1,1,Low,Delivered,Normal Delivery
T27476,2026-01-23,Ritambhara richharia,Ghaziabad,"Customized Borosilicate Glass Bottle , 750 ml - Pulse Yellow",Water Bottle,UPI,899,2,1,Low,Delivered,Normal Delivery
T27475,2026-01-23,Ayesha paes,Mapusa,125ml Glass Baby Feeding Temperature Sensing Baby Bottle | Color Changing Silicon Sleeve - S Flow ( 0-3 months ) / Blue,Baby Bottle,UPI,938,3,2,Low,Delivered,Normal Delivery
T27474,2026-01-23,Shweta Gandhi,Navi mumbai,"TintCup Borosilicate Glass Coffee Cup with Silicone Lid & Grip, 350 ml - Mighty Pink",Coffee Cups,UPI,759,1,1,Low,Delivered,Normal Delivery
T27473,2026-01-23,Ronika Randhawa,Kharar,250ml Glass Baby Feeding Temperature Sensing Baby Bottle | Color Changing Silicon Sleeve - M Flow ( 6-10 months ) / Pink,Baby Bottle,COD,888,4,1,Medium,Delivered,Call Customer
T27472,2026-01-23,Amit shetty,Pune,"Borosilicate Glass Water Bottle with Protective Silicone Sleeve, 750 ml - Cool Green",Water Bottle,COD,838,5,1,Medium,Delivered,Call Customer
T27471,2026-01-23,NINGTHEM -,Guwahati,125ml Glass Baby Feeding Temperature Sensing Baby Bottle | Color Changing Silicon Sleeve - M Flow ( 3-6 months ) / Blue,Baby Bottle,COD,788,1,1,Medium,Delivered,Call Customer
T27470,2026-01-23,Sumit gote gote,PUNE,"1Â Litre , Motivational Glass Sipper Bottle - Gravity Gray",1L Water Bottle,COD,1038,0,4,Medium,Delivered,Call Customer
T27469,2026-01-23,Anees -,COIMBATORE,250ml Glass Baby Feeding Temperature Sensing Baby Bottle | Color Changing Silicon Sleeve - + Flow ( 10+ months ) / Blue,Baby Bottle,COD,888,0,1,Medium,Delivered,Call Customer
T27468,2026-01-23,Santhosh s,Bangalore,"Borosilicate Glass Water Bottle with Protective Silicone Sleeve, 750 ml - Lightning Grey",Water Bottle,UPI,2648,3,1,Low,Delivered,Normal Delivery
T27467,2026-01-23,Yash piyush mehta,Navi Mumbai,"Customized Borosilicate Glass Bottle , 750 ml - Lightning Grey",Water Bottle,UPI,899,2,2,Low,Delivered,Normal Delivery
T27466,2026-01-22,Radhika gohel,Anand,"Borosilicate Glass Water Bottle with Protective Silicone Sleeve, 750 ml - Cool Green",Water Bottle,UPI,799,3,1,Low,Delivered,Normal Delivery
T27465,2026-01-22,Mamta Batra,Surat,"1Â Litre , Motivational Glass Sipper Bottle - Planet Green",1L Water Bottle,COD,1038,3,1,Medium,Delivered,Call Customer
T27464,2026-01-22,Shreyasi Mazumder,Naihati,250ml Glass Baby Feeding Temperature Sensing Baby Bottle | Color Changing Silicon Sleeve - M Flow ( 6-10 months ) / Blue,Baby Bottle,UPI,849,3,1,Low,Delivered,Normal Delivery
T27463,2026-01-22,Seema jain,Delhi,"Borosilicate Glass Lunch Box with Silicone Sleeve, 300 ml - Oasis Blue",300ml Lunch Box,COD,1537,3,3,Medium,Delivered,Call Customer
T27462,2026-01-22,Anees -,COIMBATORE,125ml Glass Baby Feeding Temperature Sensing Baby Bottle | Color Changing Silicon Sleeve - S Flow ( 0-3 months ) / Blue,Baby Bottle,COD,788,4,1,Medium,Delivered,Call Customer
T27461,2026-01-22,Akshat Sharma,Indore,Set of 3 Borosilicate Glass Lunch Boxes(300 ml) with Bag &Â BottleÂ (750Â ml) - Lightning Grey,300ml Lunch Box,COD,2688,4,4,Medium,Delivered,Call Customer
T27460,2026-01-22,Shalini kaushik,Delhi,"1Â Litre , Motivational Glass Sipper Bottle - Planet Green",1L Water Bottle,UPI,999,1,3,Low,Delivered,Normal Delivery
T27459,2026-01-22,Bhavisha Gandhi,Mumbai,"Borosilicate Glass Water Bottle with Protective Silicone Sleeve, 750 ml - Energy Red",Water Bottle,COD,838,0,2,Medium,Delivered,Normal Delivery
T27458,2026-01-22,'- -,Bengaluru,Set of 3 Borosilicate Glass Lunch Boxes(300 ml) with Bag &Â BottleÂ (750Â ml) - Cool Green,300ml Lunch Box,UPI,2649,3,1,Low,Delivered,Normal Delivery
T27457,2026-01-22,Radha madhavi ganjam,Hyderabad,GlassUp 500 ml Borosilicate Glass Lunch Box with Glass Lid & Silicone Sleeve - Blue-Green,500ml Lunch Box,UPI,1499,1,2,Low,Delivered,Refund Initiated
T27456,2026-01-22,Ruma -,Delhi,125ml Glass Baby Feeding Temperature Sensing Baby Bottle | Color Changing Silicon Sleeve - M Flow ( 3-6 months ) / Pink,Baby Bottle,COD,788,0,2,Medium,Delivered,Call Customer
T27455,2026-01-22,Shaalini  gutgutia,Kolkata,"Borosilicate Glass Water Bottle with Protective Silicone Sleeve, 750 ml - Grey & Blue",Water Bottle,COD,1658,5,1,Medium,Delivered,Call Customer
T27454,2026-01-22,Sujita shah,Noida,125ml Glass Baby Feeding Temperature Sensing Baby Bottle | Color Changing Silicon Sleeve - M Flow ( 3-6 months ) / Blue,Baby Bottle,UPI,749,2,1,Low,Delivered,Normal Delivery
T27453,2026-01-22,Eliza Fernandes,Pune,"Customized TintCup Borosilicate Glass Coffee Cup with Silicone Lid & Grip, 350 ml - Mighty Pink",Coffee Cups,UPI,849,4,2,Low,Delivered,Normal Delivery
T27452,2026-01-22,sneha golechha,Parbhani,"Borosilicate Glass Water Bottle with Protective Silicone Sleeve, 750 ml - Cool Green",Water Bottle,UPI,799,0,1,Low,Delivered,Normal Delivery
T27451,2026-01-22,Rashica dharmaraj,Bangalore,"1Â Litre , Motivational Glass Sipper Bottle - Venus Pink",1L Water Bottle,COD,1038,2,3,Medium,Delivered,Normal Delivery
T27450,2026-01-22,renu Dixit,Bhopal,250ml Glass Baby Feeding Temperature Sensing Baby Bottle | Color Changing Silicon Sleeve - + Flow ( 10+ months ) / Blue,Baby Bottle,COD,888,0,2,Medium,Delivered,Call Customer
T27449,2026-01-22,Sugesh shettar,Hospet,"1Â Litre , Motivational Glass Sipper Bottle - Gravity Gray",1L Water Bottle,COD,1038,5,1,Medium,Delivered,Call Customer
T27448,2026-01-22,Vandana Ahirwar,Hyderabad,"Borosilicate Glass Lunch Box with Silicone Sleeve, 300 ml - Oasis Blue",300ml Lunch Box,COD,1537,4,2,Medium,Delivered,Call Customer
T27447,2026-01-22,Srikrishna  bedbak,Delhi,"Customized TintCup Borosilicate Glass Coffee Cup with Silicone Lid & Grip, 350 ml - Mighty Pink",Coffee Cups,UPI,1748,4,1,Low,Delivered,Normal Delivery
T27446,2026-01-22,Saket arora,Jaipur,250ml Glass Baby Feeding Temperature Sensing Baby Bottle | Color Changing Silicon Sleeve - M Flow ( 6-10 months ) / Blue,Baby Bottle,UPI,849,1,1,Low,Delivered,Normal Delivery
T27445,2026-01-22,Beynaz Mistry,MUMBAI,Set of 3 GlassUp ( 500ml ) Lunch Box with Bag,500ml Lunch Box,UPI,2349,3,3,Low,Delivered,Normal Delivery
T27444,2026-01-22,Juni Kar,Thane,125ml Glass Baby Feeding Temperature Sensing Baby Bottle | Color Changing Silicon Sleeve - S Flow ( 0-3 months ) / Pink,Baby Bottle,UPI,749,0,1,Low,Delivered,Normal Delivery
T27443,2026-01-22,syed quratulain,Jammu,125ml Glass Baby Feeding Temperature Sensing Baby Bottle | Color Changing Silicon Sleeve - M Flow ( 3-6 months ) / Pink,Baby Bottle,COD,788,0,3,Medium,Delivered,Call Customer
T27442,2026-01-22,vinie chhabra,Bhopal,Set of 3 Borosilicate Glass Lunch Boxes(300 ml) with Bag &Â BottleÂ (750Â ml) - Cool Green,300ml Lunch Box,COD,2688,6,1,Medium,Delivered,Call Customer
T27441,2026-01-22,'- -,Gwalior,"1Â Litre , Motivational Glass Sipper Bottle - Lunar Blue",1L Water Bottle,COD,1038,2,3,Medium,Delivered,Normal Delivery
T27440,2026-01-22,abhishek bitolia,Gurgaon,"Borosilicate Glass Lunch Box with Silicone Sleeve, 300 ml - Oasis Blue",300ml Lunch Box,COD,738,4,1,Medium,Delivered,Normal Delivery
T27439,2026-01-22,Hitesh jain,Mumbai,"TintCup Borosilicate Glass Coffee Cup with Silicone Lid & Grip, 350 ml - Dynamic Grey",Coffee Cups,UPI,1708,0,1,Low,Delivered,Normal Delivery
T27438,2026-01-22,Raja Harish,Hyderabad,"1Â Litre , Motivational Glass Sipper Bottle - Gravity Gray",1L Water Bottle,COD,1038,4,3,Medium,Delivered,Call Customer
T27437,2026-01-22,Geeta  rammohan,Thane west,TintBox Borosilicate Glass Food Container (300ml)-Set ofÂ 3Â withoutÂ Bag - Blue & Orange & Green,Water Bottle Combo,UPI,1699,0,3,Low,Delivered,Normal Delivery
T27436,2026-01-22,Rahul jain,Chennai,125ml Glass Baby Feeding Temperature Sensing Baby Bottle | Color Changing Silicon Sleeve - M Flow ( 3-6 months ) / Pink,Baby Bottle,COD,1587,1,3,Medium,Returned,Send Reminder
T27435,2026-01-22,Anjali singhal,Delhi,"Borosilicate Glass Water Bottle with Protective Silicone Sleeve, 750 ml - Atomic Green",Water Bottle,COD,1687,3,1,Medium,Delivered,Normal Delivery
T27434,2026-01-22,Preeti kumari,Bangalore,"1Â Litre , Motivational Glass Sipper Bottle - Planet Green",1L Water Bottle,UPI,999,0,1,Low,Delivered,Normal Delivery
T27433,2026-01-22,Anish Mody,Mumbai,"1Â Litre , Motivational Glass Sipper Bottle - Lunar Blue",1L Water Bottle,COD,1038,4,3,Medium,Delivered,Normal Delivery
T27432,2026-01-22,Pooja -,Rohtak,"1Â Litre , Motivational Glass Sipper Bottle - Lunar Blue & Venus Pink",1L Water Bottle,UPI,1949,1,3,Low,Delivered,Normal Delivery
T27431,2026-01-22,Sreedevi logishetty,Hyderabad,"Borosilicate Glass Water Bottle with Protective Silicone Sleeve, 750 ml - Atomic Green",Water Bottle,UPI,799,0,3,Low,Delivered,Normal Delivery
T27430,2026-01-22,Sushmita shete,Thane,"Borosilicate Glass Water Bottle with Protective Silicone Sleeve, 750 ml - Grey & Green",Water Bottle,UPI,2618,2,1,Low,Delivered,Normal Delivery
T27429,2026-01-22,Darpana bhuyan,Bangalore,"Borosilicate Glass Lunch Box with Silicone Sleeve, 300 ml - Sunrise Orange",300ml Lunch Box,COD,1487,3,4,Medium,Delivered,Call Customer
T27428,2026-01-22,Sukriti pathak,Pune,250ml Glass Baby Feeding Temperature Sensing Baby Bottle | Color Changing Silicon Sleeve - + Flow ( 10+ months ) / Pink,Baby Bottle,UPI,849,0,1,Low,Delivered,Normal Delivery
T27427,2026-01-22,Madhu kumthekar,Nanded,125ml Glass Baby Feeding Temperature Sensing Baby Bottle | Color Changing Silicon Sleeve - M Flow ( 3-6 months ) / Blue,Baby Bottle,COD,788,1,1,Medium,Delivered,Call Customer
T27426,2026-01-22,Payal -,Jabalpur,"Borosilicate Glass Water Bottle with Protective Silicone Sleeve, 750 ml - Lightning Grey",Water Bottle,COD,1837,2,1,Medium,Delivered,Call Customer
T27425,2026-01-22,Poonam Kumari,Dadri,"Borosilicate Glass Water Bottle with Protective Silicone Sleeve, 750 ml - Cool Green",Water Bottle,COD,838,5,1,Medium,Delivered,Call Customer
T27424,2026-01-22,Adaphro -,Mumbai,"Borosilicate Glass Water Bottle with Protective Silicone Sleeve, 750 ml - Lightning Grey",Water Bottle,COD,838,1,1,Medium,Delivered,Normal Delivery
T27423,2026-01-22,Alok singh,Delhi,"1Â Litre , Motivational Glass Sipper Bottle - Planet Green",1L Water Bottle,COD,1038,1,4,Medium,Delivered,Call Customer
T27422,2026-01-22,ekta dutt,Mumbai,"1Â Litre , Motivational Glass Sipper Bottle - Lunar Blue",1L Water Bottle,COD,1038,2,1,Medium,Delivered,Call Customer
T27421,2026-01-22,Sakshi Bagri,Bangalore,"Borosilicate Glass Water Bottle with Protective Silicone Sleeve, 750 ml - Energy Red",Water Bottle,UPI,799,1,1,Low,Delivered,Normal Delivery
T27420,2026-01-22,Jyoti singh,Varanasi,Baby Bottle Teat - Plus (10+ months),Baby Bottle,COD,2926,2,1,Medium,Delivered,Call Customer
T27419,2026-01-22,Jinal gala,Vapi,"Borosilicate Glass Water Bottle with Protective Silicone Sleeve, 750 ml - Pulse Yellow",Water Bottle,COD,1637,0,1,Medium,Delivered,Call Customer
T27418,2026-01-22,Naina  rudani,Mumbai,"TintCup Borosilicate Glass Coffee Cup with Silicone Lid & Grip, 350 ml - Cosmic Purple",Coffee Cups,COD,798,2,1,Medium,Delivered,Normal Delivery
T27417,2026-01-22,Namrata Chavan,Mumbai,125ml Glass Baby Feeding Temperature Sensing Baby Bottle | Color Changing Silicon Sleeve - M Flow ( 3-6 months ) / Blue,Baby Bottle,UPI,749,2,1,Low,Delivered,Normal Delivery
T27416,2026-01-22,Pasm lakshman rao,HYDERABAD,"1Â Litre , Motivational Glass Sipper Bottle - Planet Green",1L Water Bottle,UPI,999,3,1,Low,Delivered,Normal Delivery
T27415,2026-01-22,Shazia akhter,Muzaffarnagar,"Borosilicate Glass Water Bottle with Protective Silicone Sleeve, 750 ml - Cool Green",Water Bottle,COD,838,2,3,Medium,Returned,Call Customer
T27414,2026-01-22,Prameela sompalli,Vijayawada,GlassUp 500 ml Borosilicate Glass Lunch Box with Glass Lid & Silicone Sleeve - Marine Grey,500ml Lunch Box,COD,2985,2,4,Medium,Delivered,Call Customer
T27413,2026-01-22,Nazia Firdous,Cuttack,250ml Glass Baby Feeding Temperature Sensing Baby Bottle | Color Changing Silicon Sleeve - + Flow ( 10+ months ) / Pink,Baby Bottle,COD,888,5,1,Medium,Delivered,Call Customer
T27412,2026-01-22,Harishkumar .,TIRUPPUR,"Customized Borosilicate Glass Bottle , 750 ml - Cool Green",Water Bottle,UPI,899,0,3,Low,Delivered,Normal Delivery
T27411,2026-01-22,Achinta rajarathinam,Chennai,"Borosilicate Glass Water Bottle with Protective Silicone Sleeve, 750 ml - Grey & Blue",Water Bottle,COD,1658,3,2,Medium,Delivered,Call Customer
T27410,2026-01-22,Raja Reddy Vittalam,Hyderabad,GlassUp 500 ml Borosilicate Glass Lunch Box with Glass Lid & Silicone Sleeve - Coral Green,500ml Lunch Box,UPI,749,4,1,Low,Delivered,Normal Delivery
T27409,2026-01-22,Smriti tripathi,Vapi,"Borosilicate Glass Water Bottle with Protective Silicone Sleeve, 750 ml - Cool Green",Water Bottle,UPI,799,0,1,Low,Delivered,Normal Delivery
T27408,2026-01-22,Roxanne boga,Mumbai,"1Â Litre , Motivational Glass Sipper Bottle - Gravity Gray",1L Water Bottle,UPI,999,0,1,Low,Delivered,Normal Delivery
T27407,2026-01-22,Sunny Salgaonkar,Bicholim,GlassUp 500 ml Borosilicate Glass Lunch Box with Glass Lid & Silicone Sleeve - Coral Green,500ml Lunch Box,UPI,749,4,2,Low,Delivered,Normal Delivery
T27406,2026-01-22,Shridhar Pasari,Nagpur,"Customized Borosilicate Glass Bottle , 750 ml - Lightning Grey",Water Bottle,UPI,899,2,2,Low,Delivered,Normal Delivery
T27405,2026-01-22,Shailja Gautam,Bangalore,"1Â Litre , Motivational Glass Sipper Bottle - Lunar Blue",1L Water Bottle,UPI,999,1,1,Low,Delivered,Normal Delivery
T27404,2026-01-22,Vandana bharti,New delhi,125ml Glass Baby Feeding Temperature Sensing Baby Bottle | Color Changing Silicon Sleeve - M Flow ( 3-6 months ) / Pink,Baby Bottle,UPI,749,3,1,Low,Delivered,Normal Delivery
T27403,2026-01-22,Zohan Khan,Bangalore,250ml Glass Baby Feeding Temperature Sensing Baby Bottle | Color Changing Silicon Sleeve - M Flow ( 6-10 months ) / Blue,Baby Bottle,UPI,849,1,1,Low,Delivered,Normal Delivery
T27402,2026-01-22,Padmanath nadipalli,Bangalore,GlassUp 500 ml Borosilicate Glass Lunch Box with Glass Lid & Silicone Sleeve - Coral Green,500ml Lunch Box,COD,1637,4,1,Medium,Delivered,Call Customer
T27401,2026-01-22,Pranshu mishra,Jabalpur,250ml Glass Baby Feeding Temperature Sensing Baby Bottle | Color Changing Silicon Sleeve - M Flow ( 6-10 months ) / Pink,Baby Bottle,UPI,849,0,1,Low,Delivered,Normal Delivery
T27400,2026-01-22,Rashmi  patel,Etah,GlassUp 500 ml Borosilicate Glass Lunch Box with Glass Lid & Silicone Sleeve - Coral Green,500ml Lunch Box,COD,1637,6,1,Medium,Delivered,Call Customer
T27399,2026-01-22,Rajesh sahoo,Bangalore,"Tintbox Cool, Canvas, Eco-Friendly Lunch Bag For Office",Water Bottle,UPI,2597,0,1,Low,Delivered,Normal Delivery
T27398,2026-01-22,Smita savale,Hyderabad,"Borosilicate Glass Water Bottle with Protective Silicone Sleeve, 750 ml - Atomic Green",Water Bottle,UPI,799,3,1,Low,Delivered,Normal Delivery
T27397,2026-01-22,Poonam gautam,Meerut,"Borosilicate Glass Water Bottle with Protective Silicone Sleeve, 750 ml - Power Blue",Water Bottle,COD,838,0,1,Medium,Delivered,Call Customer
T27396,2026-01-22,Anousha anousha,Malegaon,"Customized TintCup Borosilicate Glass Coffee Cup with Silicone Lid & Grip, 350 ml - Mighty Pink",Coffee Cups,UPI,849,0,1,Low,Delivered,Normal Delivery
T27395,2026-01-22,Bhavana Shah,Mumbai,"Borosilicate Glass Water Bottle with Protective Silicone Sleeve, 750 ml - Power Blue",Water Bottle,COD,838,3,3,Medium,Delivered,Normal Delivery
T27394,2026-01-22,Aparna -,Bangalore,250ml Glass Baby Feeding Temperature Sensing Baby Bottle | Color Changing Silicon Sleeve - M Flow ( 6-10 months ) / Blue,Baby Bottle,UPI,849,3,1,Low,Delivered,Normal Delivery
T27393,2026-01-22,Leticia Mascarenhas,Panjim,250ml Glass Baby Feeding Temperature Sensing Baby Bottle | Color Changing Silicon Sleeve - M Flow ( 6-10 months ) / Pink,Baby Bottle,COD,888,4,4,Medium,Returned,Send Reminder
T27392,2026-01-22,Priyanka kale,Mumbai,"Borosilicate Glass Water Bottle with Protective Silicone Sleeve, 750 ml - Pulse Yellow",Water Bottle,COD,838,0,4,Medium,Delivered,Call Customer
T27391,2026-01-22,Adarsh khandelwal,Jaipur,"1Â Litre , Motivational Glass Sipper Bottle - Planet Green",1L Water Bottle,COD,1038,0,2,Medium,Delivered,Normal Delivery
T27390,2026-01-22,Shivani gandhi,Vadodara,250ml Glass Baby Feeding Temperature Sensing Baby Bottle | Color Changing Silicon Sleeve - M Flow ( 6-10 months ) / Blue,Baby Bottle,COD,888,4,3,Medium,Delivered,Call Customer
T27389,2026-01-22,Farhat farooq farooq,Srinagar,"TintCup Borosilicate Glass Coffee Cup with Silicone Lid & Grip, 350 ml - Wooden Cork Grip",Coffee Cups,COD,798,5,1,Medium,Delivered,Call Customer
T27388,2026-01-22,Isha bajaj,New Delhi,Set of 2 GlassUp ( 500ml ) Lunch Box - Coral Green & Arctic Blue,500ml Lunch Box,COD,3137,2,1,Medium,Delivered,Normal Delivery
T27387,2026-01-22,Renusree .,Bellary,"Customized TintCup Borosilicate Glass Coffee Cup with Silicone Lid & Grip, 350 ml - Mighty Pink",Coffee Cups,UPI,849,2,1,Low,Delivered,Normal Delivery
T27386,2026-01-22,palak .,HARIDWAR,"1Â Litre , Motivational Glass Sipper Bottle - Lunar Blue",1L Water Bottle,COD,1038,2,3,Medium,Delivered,Normal Delivery
T27385,2026-01-22,Swapnali Binilraj,Boisar,"TintCup Borosilicate Glass Coffee Cup with Silicone Lid & Grip, 350 ml - Wooden Cork Grip",Coffee Cups,UPI,759,5,1,Low,Delivered,Normal Delivery
T27384,2026-01-22,Sandeep kaur,Delhi,Baby Bottle Teat - Slow (0-6 months),Baby Bottle,UPI,1038,4,1,Low,Delivered,Normal Delivery
T27383,2026-01-22,Romila raj,Navi mumbai,"Borosilicate Glass Water Bottle with Protective Silicone Sleeve, 750 ml - Atomic Green",Water Bottle,COD,838,0,1,Medium,Delivered,Call Customer
T27382,2026-01-22,Riya kansara,Mumbai,"1Â Litre , Motivational Glass Sipper Bottle - Venus Pink",1L Water Bottle,UPI,999,4,1,Low,Delivered,Normal Delivery
T27381,2026-01-22,Nitesh jungare,Nagpur,125ml Glass Baby Feeding Temperature Sensing Baby Bottle | Color Changing Silicon Sleeve - M Flow ( 3-6 months ) / Pink,Baby Bottle,COD,788,4,2,Medium,Delivered,Call Customer
T27380,2026-01-22,Aishwarya  phalak,pune,"1Â Litre , Motivational Glass Sipper Bottle - Lunar Blue",1L Water Bottle,UPI,979,2,1,Low,Delivered,Normal Delivery
T27379,2026-01-22,Sanju -,Howrah,"Borosilicate Glass Water Bottle with Protective Silicone Sleeve, 750 ml - Grey & Green",Water Bottle,COD,1658,1,1,Medium,Delivered,Call Customer
T27378,2026-01-22,David Job,NICOBARS,"TintCup Borosilicate Glass Coffee Cup with Silicone Lid & Grip, 350 ml - Mighty Pink",Coffee Cups,UPI,3234,0,1,Low,Delivered,Normal Delivery
T27377,2026-01-22,Lakshmi nazarrth,Mumbai,Set of 3 GlassUp ( 500ml ) Lunch Box - Arctic Blue,500ml Lunch Box,COD,2238,2,2,Medium,Delivered,Normal Delivery
T27376,2026-01-22,Krunal Patel,Himmatnagar,"1Â Litre , Motivational Glass Sipper Bottle - Lunar Blue",1L Water Bottle,UPI,979,1,3,Low,Delivered,Normal Delivery
T27375,2026-01-22,Chatla vineela grace,Dachepalle,"1Â Litre , Motivational Glass Sipper Bottle - Lunar Blue & Venus Pink",1L Water Bottle,COD,1988,1,4,Medium,Delivered,Call Customer
T27374,2026-01-22,Nalini tiwari,Nagpur,"Borosilicate Glass Water Bottle with Protective Silicone Sleeve, 750 ml - Energy Red",Water Bottle,UPI,779,3,2,Low,Delivered,Normal Delivery
T27373,2026-01-22,Rupam dutta,Bina,"Borosilicate Glass Water Bottle with Protective Silicone Sleeve, 750 ml - Cool Green",Water Bottle,UPI,779,0,1,Low,Delivered,Normal Delivery
T27372,2026-01-22,Geetha vaidya,Chennai,Set of 3 GlassUp ( 500ml ) Lunch Box - Arctic Blue,500ml Lunch Box,UPI,2179,1,1,Low,Delivered,Normal Delivery
T27371,2026-01-22,Suchitra parida,Jaleswar,Baby Bottle Teat - Slow (0-6 months),Baby Bottle,UPI,1207,2,3,Low,Delivered,Normal Delivery
T27370,2026-01-22,S tiwari,Sambalpur,250ml Glass Baby Feeding Temperature Sensing Baby Bottle | Color Changing Silicon Sleeve - M Flow ( 6-10 months ) / Blue,Baby Bottle,COD,888,6,1,Medium,Delivered,Call Customer
T27369,2026-01-22,Varda thaker thaker,Bombay,"TintCup Borosilicate Glass Coffee Cup with Silicone Lid & Grip, 350 ml - Blue & Pink",Coffee Cups,COD,1488,3,3,Medium,Returned,Call Customer
T27368,2026-01-22,Anup gharat,Uran,Pack of 4 Stainless Steel Straws with Silicone Tip and Cleaning Brush - Stainless Steel and Silicone,Straws,UPI,329,0,3,Low,Delivered,Normal Delivery
T27367,2026-01-22,PreethiNarendra Preethi Narendra,CHIKKAMAGALURU,GlassUp 500 ml Borosilicate Glass Lunch Box with Glass Lid & Silicone Sleeve - Coral Green,500ml Lunch Box,UPI,749,4,2,Low,Delivered,Normal Delivery
T27366,2026-01-22,Alok  maurya,Lakhimpur,125ml Glass Baby Feeding Temperature Sensing Baby Bottle | Color Changing Silicon Sleeve - S Flow ( 0-3 months ) / Pink,Baby Bottle,UPI,729,2,1,Low,Delivered,Normal Delivery
T27365,2026-01-22,Shailja Sachdeva,Delhi,"Borosilicate Glass Water Bottle with Protective Silicone Sleeve, 750 ml - Atomic Green",Water Bottle,UPI,779,1,2,Low,Delivered,Normal Delivery
T27364,2026-01-22,Ananya  karmakar,Kolkata,"Borosilicate Glass Water Bottle with Protective Silicone Sleeve, 750 ml - Atomic Green",Water Bottle,UPI,779,1,1,Low,Delivered,Normal Delivery
T27363,2026-01-22,Saqlain zs,Bethamangala,250ml Glass Baby Feeding Temperature Sensing Baby Bottle | Color Changing Silicon Sleeve - M Flow ( 6-10 months ) / Blue,Baby Bottle,COD,888,2,2,Medium,Returned,Normal Delivery
T27362,2026-01-22,Jasmeet bhatia,Pune,"Customized TintCup Borosilicate Glass Coffee Cup with Silicone Lid & Grip, 350 ml - Dynamic Grey",Coffee Cups,UPI,849,1,3,Low,Delivered,Normal Delivery
T27361,2026-01-22,Ashank Mishra,Hyderabad,"1Â Litre , Motivational Glass Sipper Bottle - Planet Green",1L Water Bottle,UPI,979,3,1,Low,Delivered,Normal Delivery
T27360,2026-01-22,Divya pandey,Delhi,250ml Glass Baby Feeding Temperature Sensing Baby Bottle | Color Changing Silicon Sleeve - M Flow ( 6-10 months ) / Pink,Baby Bottle,COD,888,0,4,Medium,Delivered,Call Customer
T27359,2026-01-22,Samta Nerurkar,Thane,"Borosilicate Glass Water Bottle with Protective Silicone Sleeve, 750 ml - Power Blue",Water Bottle,UPI,779,3,3,Low,Delivered,Normal Delivery
T27358,2026-01-22,Sonam angmo,Leh,"Customized TintCup Borosilicate Glass Coffee Cup with Silicone Lid & Grip, 350 ml - Mighty Pink",Coffee Cups,UPI,849,1,1,Low,Delivered,Normal Delivery
T27357,2026-01-22,Deep -,Shri govindpur,250ml Glass Baby Feeding Temperature Sensing Baby Bottle | Color Changing Silicon Sleeve - + Flow ( 10+ months ) / Blue,Baby Bottle,COD,888,6,1,Medium,Delivered,Call Customer
T27356,2026-01-22,Rachna roy,Delhi,"Borosilicate Glass Water Bottle with Protective Silicone Sleeve, 750 ml - Cool Green",Water Bottle,COD,838,4,2,Medium,Delivered,Call Customer
T27355,2026-01-22,Geeta seshu,Mumbai,"1Â Litre , Motivational Glass Sipper Bottle - Lunar Blue & Gravity Gray",1L Water Bottle,UPI,1929,0,1,Low,Delivered,Normal Delivery
T27354,2026-01-22,Teja morajkar,Panjim,"Borosilicate Glass Water Bottle with Protective Silicone Sleeve, 750 ml - Cool Green",Water Bottle,COD,838,0,1,Medium,Delivered,Call Customer
T27353,2026-01-22,Angeline  pereira,Arpora,250ml Glass Baby Feeding Temperature Sensing Baby Bottle | Color Changing Silicon Sleeve - M Flow ( 6-10 months ) / Blue,Baby Bottle,COD,1077,2,3,Medium,Delivered,Normal Delivery
T27352,2026-01-22,Atsung Imsong,Mokokchung,"1Â Litre , Motivational Glass Sipper Bottle - Gravity Gray",1L Water Bottle,COD,1038,6,1,Medium,Delivered,Call Customer
T27351,2026-01-22,Remi bora,DIPHU,"1Â Litre , Motivational Glass Sipper Bottle - Lunar Blue",1L Water Bottle,COD,1038,2,1,Medium,Delivered,Call Customer
T27350,2026-01-22,Bishal kenari,Barpeta,"Customized TintCup Borosilicate Glass Coffee Cup with Silicone Lid & Grip, 350 ml - Dashing Blue",Coffee Cups,UPI,849,4,3,Low,Delivered,Normal Delivery
T27349,2026-01-22,ONKAR JAGTAP,Pune,"Borosilicate Glass Water Bottle with Protective Silicone Sleeve, 750 ml - Pulse Yellow",Water Bottle,UPI,779,0,3,Low,Delivered,Normal Delivery
T27348,2026-01-22,Ramprasad mohanan,Pune,"1Â Litre , Motivational Glass Sipper Bottle - Lunar Blue & Gravity Gray",1L Water Bottle,UPI,1929,4,3,Low,Delivered,Normal Delivery
T27347,2026-01-22,Amita Jwala,Mumbai,125ml Glass Baby Feeding Temperature Sensing Baby Bottle | Color Changing Silicon Sleeve - M Flow ( 3-6 months ) / Blue,Baby Bottle,UPI,2297,2,1,Low,Delivered,Normal Delivery
T27346,2026-01-22,Monika sharma,Delhi,250ml Glass Baby Feeding Temperature Sensing Baby Bottle | Color Changing Silicon Sleeve - + Flow ( 10+ months ) / Blue,Baby Bottle,UPI,829,2,1,Low,Delivered,Normal Delivery
T27345,2026-01-22,Neeru Gupta,Delhi,125ml Glass Baby Feeding Temperature Sensing Baby Bottle | Color Changing Silicon Sleeve - M Flow ( 3-6 months ) / Blue,Baby Bottle,COD,788,0,3,Medium,Delivered,Normal Delivery
T27344,2026-01-22,Anil Ignatius,Thiruvananthapuram,"Borosilicate Glass Water Bottle with Protective Silicone Sleeve, 750 ml - Cool Green",Water Bottle,UPI,779,3,2,Low,Delivered,Normal Delivery
T27343,2026-01-22,Purnima maheshwari,Mumbai,GlassUp 500 ml Borosilicate Glass Lunch Box with Glass Lid & Silicone Sleeve - Coral Green,500ml Lunch Box,UPI,1428,1,2,Low,Delivered,Normal Delivery
T27342,2026-01-22,Mariamma Thomas,Bangalore,GlassUp 500 ml Borosilicate Glass Lunch Box with Glass Lid & Silicone Sleeve - Blue-Green-Grey,500ml Lunch Box,UPI,2179,2,1,Low,Delivered,Normal Delivery
T27341,2026-01-22,Dr Ritika sen,Jamshedpur,"Borosilicate Glass Water Bottle with Protective Silicone Sleeve, 750 ml - Lightning Grey",Water Bottle,UPI,779,2,3,Low,Delivered,Normal Delivery
T27340,2026-01-22,SOUMITRA DEBNATH,AGARTALA,Baby Bottle Teat - Slow (0-6 months),Baby Bottle,UPI,1018,3,3,Low,Delivered,Normal Delivery
T27339,2026-01-22,Samprikta ghosal,Delhi,250ml Glass Baby Feeding Temperature Sensing Baby Bottle | Color Changing Silicon Sleeve - M Flow ( 6-10 months ) / Blue,Baby Bottle,UPI,829,3,1,Low,Delivered,Normal Delivery
T27338,2026-01-22,Shalini bansall,Mumbai,250ml Glass Baby Feeding Temperature Sensing Baby Bottle | Color Changing Silicon Sleeve - + Flow ( 10+ months ) / Blue,Baby Bottle,COD,888,4,1,Medium,Delivered,Call Customer
T27337,2026-01-22,Palak Agrawal,Mathura,"1Â Litre , Motivational Glass Sipper Bottle - Venus Pink",1L Water Bottle,UPI,979,4,2,Low,Delivered,Normal Delivery
T27336,2026-01-22,Vasu Chaudhary,Delhi,250ml Glass Baby Feeding Temperature Sensing Baby Bottle | Color Changing Silicon Sleeve - M Flow ( 6-10 months ) / Blue,Baby Bottle,COD,888,1,4,Medium,Returned,Send Reminder
T27335,2026-01-22,Pratibha singh,Varanasi,250ml Glass Baby Feeding Temperature Sensing Baby Bottle | Color Changing Silicon Sleeve - M Flow ( 6-10 months ) / Blue,Baby Bottle,COD,1787,1,2,Medium,Delivered,Normal Delivery
T27334,2026-01-22,Kavita serai,Pune,Customized 1Â Litre Bottle - Venus Pink,1L Water Bottle,UPI,1149,0,1,Low,Delivered,Normal Delivery
T27333,2026-01-22,subrata Saha,Agartala,125ml Glass Baby Feeding Temperature Sensing Baby Bottle | Color Changing Silicon Sleeve - S Flow ( 0-3 months ) / Blue,Baby Bottle,UPI,729,4,2,Low,Delivered,Normal Delivery
T27332,2026-01-22,Richa Jain,Gurgaon,125ml Glass Baby Feeding Temperature Sensing Baby Bottle | Color Changing Silicon Sleeve - S Flow ( 0-3 months ) / Blue,Baby Bottle,COD,788,2,2,Medium,Delivered,Call Customer
T27331,2026-01-22,Komal komal,Delhi,Baby Bottle Teat - Medium (6-10 months),Baby Bottle,COD,1077,4,1,Medium,Delivered,Call Customer
T27330,2026-01-22,Shilpa dedhia,Mumbai,"Borosilicate Glass Water Bottle with Protective Silicone Sleeve, 750 ml - Pulse Yellow",Water Bottle,COD,1687,2,2,Medium,Delivered,Call Customer
T27329,2026-01-21,Swapnila moharana,Bhubaneshwar,"Customized Borosilicate Glass Bottle , 750 ml - Atomic Green",Water Bottle,UPI,899,3,3,Low,Delivered,Normal Delivery
T27328,2026-01-21,Anjum  fakih,Mumbai,Pack of 4 Stainless Steel Straws with Silicone Tip and Cleaning Brush - Stainless Steel and Silicone,Straws,UPI,1178,4,2,Low,Delivered,Normal Delivery
T27327,2026-01-21,Kusum Charan,Delhi,"Borosilicate Glass Water Bottle with Protective Silicone Sleeve, 750 ml - Power Blue",Water Bottle,COD,838,3,1,Medium,Delivered,Call Customer
T27326,2026-01-21,Charu Kaushik,Delhi,Set of 3 Borosilicate Glass Lunch Boxes(300 ml) with Bag &Â BottleÂ (750Â ml) - Energy Red,300ml Lunch Box,UPI,2629,1,1,Low,Delivered,Normal Delivery
T27325,2026-01-21,Anuradha saha,Habra,125ml Glass Baby Feeding Temperature Sensing Baby Bottle | Color Changing Silicon Sleeve - S Flow ( 0-3 months ) / Pink,Baby Bottle,COD,788,1,1,Medium,Delivered,Call Customer
T27324,2026-01-21,Krunal dhoke,Katol,Baby Bottle Teat - Plus (10+ months),Baby Bottle,COD,1266,0,1,Medium,Delivered,Call Customer
T27323,2026-01-21,Bhoomika ravindra,Bengaluru,Pack of 4 Stainless Steel Straws with Silicone Tip and Cleaning Brush - Stainless Steel and Silicone,Straws,UPI,1328,4,2,Low,Delivered,Normal Delivery
T27322,2026-01-21,Sai Swapna Atluri,Vijayawada,"1Â Litre , Motivational Glass Sipper Bottle - Planet Green & Gravity Gray",1L Water Bottle,UPI,3828,3,2,Low,Delivered,Normal Delivery
T27321,2026-01-21,Shruti sehgal,Delhi,"TintCup Borosilicate Glass Coffee Cup with Silicone Lid & Grip, 350 ml - Cosmic Purple",Coffee Cups,UPI,739,2,3,Low,Delivered,Normal Delivery
T27320,2026-01-21,Manish sahdev,New Delhi,"1Â Litre , Motivational Glass Sipper Bottle - Lunar Blue",1L Water Bottle,UPI,979,1,2,Low,Delivered,Normal Delivery
T27319,2026-01-21,PARIMAL MOULIK,Kolkata,"1Â Litre , Motivational Glass Sipper Bottle - Gravity Gray",1L Water Bottle,UPI,979,1,3,Low,Delivered,Normal Delivery
T27318,2026-01-21,Rohini mahale,Sangamner,"Borosilicate Glass Water Bottle with Protective Silicone Sleeve, 750 ml - Cool Green",Water Bottle,COD,838,2,1,Medium,Delivered,Call Customer
T27317,2026-01-21,Vivek -,Jaipur,250ml Glass Baby Feeding Temperature Sensing Baby Bottle | Color Changing Silicon Sleeve - M Flow ( 6-10 months ) / Blue,Baby Bottle,COD,888,3,1,Medium,Delivered,Normal Delivery
T27316,2026-01-21,Monika goel,Delhi,"1Â Litre , Motivational Glass Sipper Bottle - Lunar Blue",1L Water Bottle,COD,1038,3,1,Medium,Delivered,Normal Delivery
T27315,2026-01-21,Jasmeet kaur,Mumbai,"Borosilicate Glass Water Bottle with Protective Silicone Sleeve, 750 ml - Lightning Grey",Water Bottle,UPI,779,4,2,Low,Delivered,Normal Delivery
T27314,2026-01-21,Pritam chandra dey,Kalayni,125ml Glass Baby Feeding Temperature Sensing Baby Bottle | Color Changing Silicon Sleeve - M Flow ( 3-6 months ) / Blue,Baby Bottle,UPI,729,4,1,Low,Delivered,Normal Delivery
T27313,2026-01-21,Meetisha palicha,Pune,"Borosilicate Glass Water Bottle with Protective Silicone Sleeve, 750 ml - Cool Green",Water Bottle,UPI,779,0,2,Low,Delivered,Normal Delivery
T27312,2026-01-21,Alfia taj,Bangalore,"Customized TintCup Borosilicate Glass Coffee Cup with Silicone Lid & Grip, 350 ml - Dynamic Grey",Coffee Cups,UPI,849,1,1,Low,Delivered,Normal Delivery
T27311,2026-01-21,Thasleema -,Mangalore,250ml Glass Baby Feeding Temperature Sensing Baby Bottle | Color Changing Silicon Sleeve - M Flow ( 6-10 months ) / Blue,Baby Bottle,COD,888,4,1,Medium,Delivered,Call Customer
T27310,2026-01-21,Afzal unissa,Secbad,125ml Glass Baby Feeding Temperature Sensing Baby Bottle | Color Changing Silicon Sleeve - S Flow ( 0-3 months ) / Blue,Baby Bottle,COD,788,3,2,Medium,Delivered,Normal Delivery
T27309,2026-01-21,Parul sharma,Delhi,250ml Glass Baby Feeding Temperature Sensing Baby Bottle | Color Changing Silicon Sleeve - + Flow ( 10+ months ) / Blue,Baby Bottle,COD,888,2,1,Medium,Delivered,Call Customer
T27308,2026-01-21,Alfia taj,Bangalore,"TintCup Borosilicate Glass Coffee Cup with Silicone Lid & Grip, 350 ml - Mighty Pink",Coffee Cups,COD,798,3,1,Medium,Delivered,Call Customer
T27307,2026-01-21,monika -,Panchkula,"1Â Litre , Motivational Glass Sipper Bottle - Planet Green",1L Water Bottle,UPI,979,1,2,Low,Delivered,Normal Delivery
T27306,2026-01-21,Vishal  gandecha,Ahmedabad,"Borosilicate Glass Water Bottle with Protective Silicone Sleeve, 750 ml - Cool Green",Water Bottle,UPI,779,5,1,Low,Delivered,Normal Delivery
T27305,2026-01-21,Roshan Sainath Bhoir,Mumbai,"Borosilicate Glass Water Bottle with Protective Silicone Sleeve, 750 ml - Energy Red",Water Bottle,UPI,779,3,2,Low,Delivered,Normal Delivery
T27304,2026-01-21,Krupa patel,Mumbai,Set of 2 GlassUp ( 500ml ) Lunch Box - Marine Grey & Coral Green,500ml Lunch Box,UPI,1479,0,2,Low,Delivered,Normal Delivery
T27303,2026-01-21,sridevi -,Chennai,250ml Glass Baby Feeding Temperature Sensing Baby Bottle | Color Changing Silicon Sleeve - M Flow ( 6-10 months ) / Blue,Baby Bottle,COD,888,1,3,Medium,Delivered,Call Customer
T27302,2026-01-21,Seema jain,Delhi,Pack of 4 Stainless Steel Straws with Silicone Tip and Cleaning Brush - Stainless Steel and Silicone,Straws,COD,1806,2,3,Medium,Delivered,Call Customer
T27301,2026-01-21,Mahesh Pawar,West Delhi,"Borosilicate Glass Water Bottle with Protective Silicone Sleeve, 750 ml - Cool Green",Water Bottle,UPI,779,0,2,Low,Delivered,Normal Delivery
T27300,2026-01-21,Priyanka memane,Pune,"1Â Litre , Motivational Glass Sipper Bottle - Gravity Gray",1L Water Bottle,UPI,979,1,2,Low,Delivered,Normal Delivery
T27299,2026-01-21,Nomesh khatri,Mumbai,"Customized Borosilicate Glass Bottle , 750 ml - Cool Green",Water Bottle,UPI,899,2,2,Low,Delivered,Normal Delivery
T27298,2026-01-21,Priyanka -,Chennai,250ml Glass Baby Feeding Temperature Sensing Baby Bottle | Color Changing Silicon Sleeve - M Flow ( 6-10 months ) / Pink,Baby Bottle,COD,888,0,2,Medium,Delivered,Call Customer
T27297,2026-01-21,Ria  paul,Kolkata,"Borosilicate Glass Water Bottle with Protective Silicone Sleeve, 750 ml - Atomic Green",Water Bottle,UPI,779,0,3,Low,Delivered,Normal Delivery
T27296,2026-01-21,Saumya garg,Delhi,"Borosilicate Glass Water Bottle with Protective Silicone Sleeve, 750 ml - Cool Green",Water Bottle,COD,838,1,2,Medium,Delivered,Normal Delivery
T27295,2026-01-21,Nakshatra  kumar,Delhi,"1Â Litre , Motivational Glass Sipper Bottle - Lunar Blue & Gravity Gray",1L Water Bottle,UPI,1929,4,3,Low,Delivered,Normal Delivery
T27294,2026-01-21,Vishakha Gupta,Bengaluru,"TintCup Borosilicate Glass Coffee Cup with Silicone Lid & Grip, 350 ml - Dynamic Grey",Coffee Cups,UPI,739,0,2,Low,Delivered,Normal Delivery
T27293,2026-01-21,Vaishali ambre ambre,Mumbai,"Customized TintCup Borosilicate Glass Coffee Cup with Silicone Lid & Grip, 350 ml - Dashing Blue",Coffee Cups,UPI,849,0,2,Low,Delivered,Normal Delivery
T27292,2026-01-21,Vishakha Gupta,Bengaluru,"Borosilicate Glass Water Bottle with Protective Silicone Sleeve, 750 ml - Lightning Grey",Water Bottle,UPI,779,2,1,Low,Delivered,Normal Delivery
T27291,2026-01-21,Mansi Dukhande,Thane,"1Â Litre , Motivational Glass Sipper Bottle - Venus Pink",1L Water Bottle,UPI,999,3,1,Low,Delivered,Normal Delivery
T27290,2026-01-21,Manpreet  kaur,Mohali,"1Â Litre , Motivational Glass Sipper Bottle - Planet Green",1L Water Bottle,COD,1038,1,4,Medium,Delivered,Call Customer
T27289,2026-01-21,Moushumi roy,Noida,"1Â Litre , Motivational Glass Sipper Bottle - Venus Pink",1L Water Bottle,COD,1038,1,1,Medium,Delivered,Call Customer
T27288,2026-01-21,Kanika madaan,Pune,"1Â Litre , Motivational Glass Sipper Bottle - Venus Pink",1L Water Bottle,COD,1038,4,2,Medium,Delivered,Call Customer
T27287,2026-01-21,Ankit chopra,New Delhi,"1Â Litre , Motivational Glass Sipper Bottle - Lunar Blue",1L Water Bottle,UPI,979,4,1,Low,Delivered,Normal Delivery
T27286,2026-01-21,SHILPA KESKAR,PUNE,"1Â Litre , Motivational Glass Sipper Bottle - Planet Green",1L Water Bottle,UPI,979,1,3,Low,Delivered,Normal Delivery
T27285,2026-01-21,Chavi jindal,New Delhi,"Borosilicate Glass Water Bottle with Protective Silicone Sleeve, 750 ml - Power Blue",Water Bottle,UPI,779,4,1,Low,Delivered,Normal Delivery
T27284,2026-01-21,Kalyani g,Pune,"Borosilicate Glass Water Bottle with Protective Silicone Sleeve, 750 ml - Power Blue",Water Bottle,UPI,779,2,2,Low,Delivered,Normal Delivery
T27283,2026-01-21,Sankranti bhardwaj,Jaipur,"Borosilicate Glass Water Bottle with Protective Silicone Sleeve, 750 ml - Energy Red",Water Bottle,UPI,779,1,3,Low,Delivered,Normal Delivery
T27282,2026-01-21,sandhya d,Bangalore,"Borosilicate Glass Water Bottle with Protective Silicone Sleeve, 750 ml - Cool Green",Water Bottle,COD,838,4,1,Medium,Delivered,Call Customer
T27281,2026-01-21,Nirmala -,Bangalore,GlassUp 500 ml Borosilicate Glass Lunch Box with Glass Lid & Silicone Sleeve - Coral Green,500ml Lunch Box,UPI,729,1,3,Low,Delivered,Normal Delivery
T27280,2026-01-21,swati -,Delhi,125ml Glass Baby Feeding Temperature Sensing Baby Bottle | Color Changing Silicon Sleeve - S Flow ( 0-3 months ) / Blue,Baby Bottle,COD,788,3,1,Medium,Delivered,Normal Delivery
T27279,2026-01-21,manisha bangar,Bhathe pind,250ml Glass Baby Feeding Temperature Sensing Baby Bottle | Color Changing Silicon Sleeve - M Flow ( 6-10 months ) / Blue,Baby Bottle,COD,888,0,3,Medium,Delivered,Call Customer
T27278,2026-01-21,Chandana -,Bangalore,125ml Glass Baby Feeding Temperature Sensing Baby Bottle | Color Changing Silicon Sleeve - M Flow ( 3-6 months ) / Blue,Baby Bottle,COD,1587,1,2,Medium,Delivered,Call Customer
T27277,2026-01-21,Purva ghotkar,Pune,"1Â Litre , Motivational Glass Sipper Bottle - Gravity Gray",1L Water Bottle,UPI,979,0,3,Low,Delivered,Normal Delivery
T27276,2026-01-21,Madhu Mishra,Delhi,"Borosilicate Glass Water Bottle with Protective Silicone Sleeve, 750 ml - Cool Green",Water Bottle,UPI,779,4,3,Low,Delivered,Normal Delivery
T27275,2026-01-21,Vishakha jangam,Roha,125ml Glass Baby Feeding Temperature Sensing Baby Bottle | Color Changing Silicon Sleeve - M Flow ( 3-6 months ) / Blue,Baby Bottle,UPI,729,0,2,Low,Delivered,Normal Delivery
T27274,2026-01-21,Rhythm aggarwal,Delhi,Set of 2 GlassUp ( 500ml ) Lunch Box - Coral Green & Arctic Blue,500ml Lunch Box,COD,3137,1,3,Medium,Delivered,Call Customer
T27273,2026-01-21,kusum sharma,Jammu,"Borosilicate Glass Water Bottle with Protective Silicone Sleeve, 750 ml - Cool Green",Water Bottle,UPI,779,3,1,Low,Delivered,Normal Delivery
T27272,2026-01-21,Tasneem naik,Panjim,"TintCup Borosilicate Glass Coffee Cup with Silicone Lid & Grip, 350 ml - Dynamic Grey",Coffee Cups,UPI,739,4,3,Low,Delivered,Normal Delivery
T27271,2026-01-21,Anjali sachan sachan,Lucknow,"1Â Litre , Motivational Glass Sipper Bottle - Lunar Blue",1L Water Bottle,UPI,979,1,1,Low,Delivered,Normal Delivery
T27270,2026-01-21,Kavya  dandamudi,Hyderabad,"Borosilicate Glass Water Bottle with Protective Silicone Sleeve, 750 ml - Energy Red",Water Bottle,UPI,779,4,1,Low,Delivered,Normal Delivery
T27269,2026-01-21,Maitri shah,Mumbai,"1Â Litre , Motivational Glass Sipper Bottle - Planet Green",1L Water Bottle,UPI,979,2,2,Low,Delivered,Normal Delivery
T27268,2026-01-21,Priya  chaudhary,Bengaluru,"1Â Litre , Motivational Glass Sipper Bottle - Lunar Blue",1L Water Bottle,COD,1038,0,4,Medium,Delivered,Call Customer
T27267,2026-01-21,Sangeeta Chaudhuri,Delhi,"Borosilicate Glass Water Bottle with Protective Silicone Sleeve, 750 ml - Cool Green",Water Bottle,COD,838,2,4,Medium,Delivered,Call Customer
T27266,2026-01-21,Nakkeeran .,Chennai,"1Â Litre , Motivational Glass Sipper Bottle - Planet Green & Gravity Gray",1L Water Bottle,UPI,2029,1,3,Low,Delivered,Normal Delivery
T27265,2026-01-21,Rakhi verma,Ghaziabad,"1Â Litre , Motivational Glass Sipper Bottle - Gravity Gray",1L Water Bottle,COD,1038,3,1,Medium,Delivered,Call Customer
T27264,2026-01-21,Sanjay ks,Bangalore,"1Â Litre , Motivational Glass Sipper Bottle - Planet Green",1L Water Bottle,UPI,979,4,2,Low,Delivered,Normal Delivery
T27263,2026-01-21,Mohit Choudhary,Barmer,"Borosilicate Glass Water Bottle with Protective Silicone Sleeve, 750 ml - Cool Green",Water Bottle,UPI,779,0,2,Low,Delivered,Normal Delivery
T27262,2026-01-21,Ruchi tiwari,Jabalpur,"Borosilicate Glass Water Bottle with Protective Silicone Sleeve, 750 ml - Grey & Blue",Water Bottle,UPI,3698,4,2,Low,Delivered,Normal Delivery
T27261,2026-01-21,Neena -,Bangalore,"Borosilicate Glass Water Bottle with Protective Silicone Sleeve, 750 ml - Grey & Blue",Water Bottle,UPI,1599,1,2,Low,Delivered,Normal Delivery
T27260,2026-01-21,Himanshu naithani,Noida,Customized 1Â Litre Bottle - Lunar Blue,1L Water Bottle,UPI,1149,4,2,Low,Delivered,Normal Delivery
T27259,2026-01-21,Kavisha angara,Mumbai,250ml Glass Baby Feeding Temperature Sensing Baby Bottle | Color Changing Silicon Sleeve - + Flow ( 10+ months ) / Blue,Baby Bottle,UPI,829,0,3,Low,Delivered,Normal Delivery
T27258,2026-01-21,Harshal Charhate,Indore,Customized 1Â Litre Bottle - Lunar Blue,1L Water Bottle,UPI,1149,1,1,Low,Delivered,Normal Delivery
T27257,2026-01-21,Bhimaji narwane,Tuljapur,(Spare) BPA Free Spout Lid for TintBox 750ml Borosilicate Glass Water Bottle,Water Bottle,UPI,210,4,3,Low,Delivered,Normal Delivery
T27256,2026-01-21,Rachna bhura,JABALPUR,"1Â Litre , Motivational Glass Sipper Bottle - Venus Pink",1L Water Bottle,COD,1038,3,2,Medium,Delivered,Call Customer
T27255,2026-01-21,Chuden bhutia,Kurseong,"Borosilicate Glass Water Bottle with Protective Silicone Sleeve, 750 ml - Power Blue",Water Bottle,COD,838,5,1,Medium,Delivered,Call Customer
T27254,2026-01-21,Thokchom sofiya,Secunderabad,250ml Glass Baby Feeding Temperature Sensing Baby Bottle | Color Changing Silicon Sleeve - + Flow ( 10+ months ) / Pink,Baby Bottle,COD,888,1,1,Medium,Delivered,Call Customer
T27253,2026-01-21,Dikshitha -,Coimbatore,"TintCup Borosilicate Glass Coffee Cup with Silicone Lid & Grip, 350 ml - Dashing Blue",Coffee Cups,UPI,739,1,2,Low,Returned,Refund Initiated
T27252,2026-01-21,Arati bawale,Pune,"Borosilicate Glass Water Bottle with Protective Silicone Sleeve, 750 ml - Cool Green",Water Bottle,COD,838,3,1,Medium,Delivered,Call Customer
T27251,2026-01-21,Gitanjali Doley,Gogamukh,250ml Glass Baby Feeding Temperature Sensing Baby Bottle | Color Changing Silicon Sleeve - M Flow ( 6-10 months ) / Blue,Baby Bottle,UPI,829,2,1,Low,Delivered,Normal Delivery
T27250,2026-01-21,Jenisa pereira,Margao,Baby Bottle Teat - Slow (0-6 months),Baby Bottle,UPI,1018,0,3,Low,Delivered,Normal Delivery
T27249,2026-01-21,Lucy -,Mumbai,"Borosilicate Glass Water Bottle with Protective Silicone Sleeve, 750 ml - Power Blue",Water Bottle,COD,838,2,4,Medium,Delivered,Call Customer
T27248,2026-01-21,Shalini Pahwa,North West Delhi,"1Â Litre , Motivational Glass Sipper Bottle - Venus Pink",1L Water Bottle,UPI,979,4,1,Low,Delivered,Normal Delivery
T27247,2026-01-21,Gurneet  Nayyar,Meerut,"1Â Litre , Motivational Glass Sipper Bottle - Venus Pink",1L Water Bottle,COD,1038,3,3,Medium,Delivered,Call Customer
T27246,2026-01-21,Vriti Trikha,VAPI,"Customized Borosilicate Glass Bottle , 750 ml - Pulse Yellow",Water Bottle,UPI,899,2,2,Low,Delivered,Normal Delivery
T27245,2026-01-21,Pragya pragya,Pune,125ml Glass Baby Feeding Temperature Sensing Baby Bottle | Color Changing Silicon Sleeve - S Flow ( 0-3 months ) / Blue,Baby Bottle,COD,788,1,4,Medium,Delivered,Call Customer
T27244,2026-01-21,Palak  jani,MUMBAI,"1Â Litre , Motivational Glass Sipper Bottle - Venus Pink",1L Water Bottle,UPI,979,4,1,Low,Delivered,Normal Delivery
T27243,2026-01-21,Nandita bansal,Kolkata,"Borosilicate Glass Water Bottle with Protective Silicone Sleeve, 750 ml - Grey & Blue",Water Bottle,COD,1658,4,3,Medium,Delivered,Call Customer
T27242,2026-01-21,Himsi kuchroo,Bangalore,TintBox Borosilicate Glass Food Container (300ml)-Set ofÂ 3Â withoutÂ Bag - Blue & Orange & Green,Water Bottle Combo,UPI,3828,2,2,Low,Delivered,Normal Delivery
T27241,2026-01-21,Pooja Ghai,Gurgaon,"1Â Litre , Motivational Glass Sipper Bottle - Venus Pink",1L Water Bottle,COD,1038,2,4,Medium,Delivered,Call Customer
T27240,2026-01-21,Shaikh Ishrat Jahan,THANE,Baby Bottle Teat - Plus (10+ months),Baby Bottle,UPI,1018,3,2,Low,Delivered,Normal Delivery
T27239,2026-01-21,SAROJINI  Mishra,Bhubaneswar,250ml Glass Baby Feeding Temperature Sensing Baby Bottle | Color Changing Silicon Sleeve - M Flow ( 6-10 months ) / Blue,Baby Bottle,UPI,1728,0,1,Low,Delivered,Normal Delivery
T27238,2026-01-21,R SWAPNA,Patancheru,"Customized TintCup Borosilicate Glass Coffee Cup with Silicone Lid & Grip, 350 ml - Mighty Pink",Coffee Cups,UPI,3827,2,3,Low,Delivered,Normal Delivery
T27237,2026-01-21,Rina Jena,Mumbai,Set of 3 GlassUp ( 500ml ) Lunch Box with Bag,500ml Lunch Box,COD,2388,6,1,Medium,Delivered,Call Customer
T27236,2026-01-21,Pragya Solanki,Gandhidham,"Borosilicate Glass Water Bottle with Protective Silicone Sleeve, 750 ml - Grey & Green",Water Bottle,UPI,1599,2,3,Low,Delivered,Normal Delivery
T27235,2026-01-21,Vishal sharma,Jammu,"Customized TintCup Borosilicate Glass Coffee Cup with Silicone Lid & Grip, 350 ml - Dashing Blue",Coffee Cups,UPI,849,1,1,Low,Delivered,Normal Delivery
T27234,2026-01-21,Usha Kakkar,Pune,GlassUp 500 ml Borosilicate Glass Lunch Box with Glass Lid & Silicone Sleeve - Coral Green,500ml Lunch Box,COD,788,4,4,Medium,Delivered,Call Customer
T27233,2026-01-21,Nishi Thakkar,Vadodara,Set of 2 GlassUp ( 500ml ) Lunch Box - Coral Green & Arctic Blue,500ml Lunch Box,UPI,3097,0,2,Low,Delivered,Normal Delivery
T27232,2026-01-21,Tasneem adamjee,Nasik,"1Â Litre , Motivational Glass Sipper Bottle - Planet Green",1L Water Bottle,COD,1038,1,1,Medium,Delivered,Call Customer
T27231,2026-01-21,Priyank dedhia,Mumbai,"1Â Litre , Motivational Glass Sipper Bottle - Lunar Blue",1L Water Bottle,UPI,979,3,2,Low,Delivered,Normal Delivery
T27230,2026-01-21,Bharti nayak,Indore,125ml Glass Baby Feeding Temperature Sensing Baby Bottle | Color Changing Silicon Sleeve - M Flow ( 3-6 months ) / Pink,Baby Bottle,UPI,729,3,1,Low,Delivered,Normal Delivery
T27229,2026-01-21,shalu yadav,Seoni,250ml Glass Baby Feeding Temperature Sensing Baby Bottle | Color Changing Silicon Sleeve - M Flow ( 6-10 months ) / Pink,Baby Bottle,COD,888,2,1,Medium,Delivered,Call Customer
T27228,2026-01-21,Jyoti salunkhe,Mumbai,"Borosilicate Glass Water Bottle with Protective Silicone Sleeve, 750 ml - Cool Green",Water Bottle,COD,838,2,1,Medium,Delivered,Call Customer
T27227,2026-01-21,Gopi Mistry,Ahmedabad,250ml Glass Baby Feeding Temperature Sensing Baby Bottle | Color Changing Silicon Sleeve - M Flow ( 6-10 months ) / Pink,Baby Bottle,COD,888,3,2,Medium,Delivered,Normal Delivery
T27226,2026-01-21,Alka  chopra,New Delhi,"Borosilicate Glass Water Bottle with Protective Silicone Sleeve, 750 ml - Cool Green",Water Bottle,UPI,779,2,1,Low,Delivered,Normal Delivery
T27225,2026-01-21,Sheshu Ponnala,Hyderabad,"1Â Litre , Motivational Glass Sipper Bottle - Lunar Blue",1L Water Bottle,UPI,979,0,1,Low,Delivered,Normal Delivery
T27224,2026-01-21,Divya Jegadeesh,Virudhunagar,"Borosilicate Glass Water Bottle with Protective Silicone Sleeve, 750 ml - Cool Green",Water Bottle,COD,3185,2,1,Medium,Delivered,Normal Delivery
T27223,2026-01-21,Dhanya Kunda,Hyderabad,"1Â Litre , Motivational Glass Sipper Bottle - Gravity Gray",1L Water Bottle,COD,4686,4,2,Medium,Delivered,Call Customer
T27222,2026-01-21,Pratima prakash shere,Greater thane,"1Â Litre , Motivational Glass Sipper Bottle - Gravity Gray",1L Water Bottle,UPI,979,2,2,Low,Delivered,Normal Delivery
T27221,2026-01-21,Srinivas Srinivas,Khammam,"Borosilicate Glass Water Bottle with Protective Silicone Sleeve, 750 ml - Energy Red",Water Bottle,COD,799,1,2,Medium,Delivered,Call Customer
T27220,2026-01-21,Neha Singh,Perinthalmanna,"Customized Borosilicate Glass Bottle , 750 ml - Lightning Grey",Water Bottle,COD,899,0,3,Medium,Delivered,Call Customer
T27219,2026-01-21,Nalini R,Bangalore,"Borosilicate Glass Water Bottle with Protective Silicone Sleeve, 750 ml - Cool Green",Water Bottle,UPI,779,1,1,Low,Delivered,Normal Delivery
T27218,2026-01-21,Aparajita Singh,Noida,250ml Glass Baby Feeding Temperature Sensing Baby Bottle | Color Changing Silicon Sleeve - + Flow ( 10+ months ) / Pink,Baby Bottle,COD,1787,1,4,Medium,Delivered,Call Customer
T27217,2026-01-21,Saanya  verma,Chandigarh,Set of 2 GlassUp ( 500ml ) Lunch Box - Coral Green & Arctic Blue,500ml Lunch Box,UPI,1479,4,1,Low,Delivered,Normal Delivery
T27216,2026-01-21,Priyanka verma Verma,Bargarh,"Borosilicate Glass Water Bottle with Protective Silicone Sleeve, 750 ml - Pulse Yellow",Water Bottle,UPI,779,0,1,Low,Delivered,Normal Delivery
T27215,2026-01-21,Saranjeet kaur,MUMBAI,"1Â Litre , Motivational Glass Sipper Bottle - Venus Pink",1L Water Bottle,COD,1038,0,1,Medium,Delivered,Call Customer
T27214,2026-01-21,Sapna nair,Mumbai,"TintCup Borosilicate Glass Coffee Cup with Silicone Lid & Grip, 350 ml - Mighty Pink",Coffee Cups,UPI,1448,0,1,Low,Delivered,Normal Delivery
T27213,2026-01-21,Akhil reddy,Hyderabad,Customized 1Â Litre Bottle - Planet Green,1L Water Bottle,UPI,1149,0,3,Low,Delivered,Normal Delivery
T27212,2026-01-21,Punam bhargava,Noida,"Customized Borosilicate Glass Bottle , 750 ml - Pulse Yellow",Water Bottle,UPI,899,0,1,Low,Delivered,Normal Delivery
T27211,2026-01-21,Anshuman bhaskar,Gurgaon,Set of 3 GlassUp ( 500ml ) Lunch Box with Bag,500ml Lunch Box,COD,2388,4,2,Medium,Delivered,Normal Delivery
T27210,2026-01-21,Pinto rita,Mumbai,"Borosilicate Glass Water Bottle with Protective Silicone Sleeve, 750 ml - Cool Green",Water Bottle,COD,838,2,2,Medium,Delivered,Normal Delivery
T27209,2026-01-21,Niveditha bangera,Bangalore,"1Â Litre , Motivational Glass Sipper Bottle - Planet Green & Gravity Gray",1L Water Bottle,COD,1988,1,3,Medium,Delivered,Normal Delivery
T27208,2026-01-21,Ambika Tripura,Agartala,"1Â Litre , Motivational Glass Sipper Bottle Duo - Lunar Blue & Venus Pink",1L Water Bottle,COD,1988,0,1,Medium,Delivered,Call Customer
T27207,2026-01-21,Payal Sevak Dulewale,Pune,"Borosilicate Glass Water Bottle with Protective Silicone Sleeve, 750 ml - Cool Green",Water Bottle,UPI,779,2,1,Low,Delivered,Normal Delivery
T27206,2026-01-21,Ritu gupta,Fatehgarh Sahib,125ml Glass Baby Feeding Temperature Sensing Baby Bottle | Color Changing Silicon Sleeve - S Flow ( 0-3 months ) / Blue,Baby Bottle,COD,788,2,4,Medium,Delivered,Call Customer
T27205,2026-01-21,Santosh pujar,Mandrem,"Borosilicate Glass Water Bottle with Protective Silicone Sleeve, 750 ml - Cool Green",Water Bottle,COD,838,1,1,Medium,Delivered,Call Customer
T27204,2026-01-21,Surbhi sekhri,Delhi,"Borosilicate Glass Water Bottle with Protective Silicone Sleeve, 750 ml - Cool Green",Water Bottle,UPI,779,4,1,Low,Delivered,Normal Delivery
T27203,2026-01-21,M sudha,Hyderabad,"1Â Litre , Motivational Glass Sipper Bottle - Venus Pink",1L Water Bottle,UPI,979,3,1,Low,Delivered,Normal Delivery
T27202,2026-01-21,Rupalee chavan,Mumbai,Customized 1Â Litre Bottle - Gravity Gray,1L Water Bottle,UPI,1149,3,2,Low,Delivered,Normal Delivery
T27201,2026-01-21,Nishant Kulshrestha,Greater Noida,Set of 3 Borosilicate Glass Lunch Boxes(300 ml) with Bag &Â BottleÂ (750Â ml) - Cool Green,300ml Lunch Box,UPI,2649,2,1,Low,Delivered,Normal Delivery
T27200,2026-01-21,Paladiya manish,Surat,"1Â Litre , Motivational Glass Sipper Bottle - Lunar Blue & Gravity Gray",1L Water Bottle,COD,1988,1,3,Medium,Delivered,Normal Delivery
T27199,2026-01-21,Tirthak likhar,Nagpur,"Borosilicate Glass Lunch Box with Silicone Sleeve, 300 ml - Sunrise Orange",300ml Lunch Box,UPI,4086,3,1,Low,Delivered,Normal Delivery
T27198,2026-01-21,Tushar thakare,Nagpur,"Borosilicate Glass Water Bottle with Protective Silicone Sleeve, 750 ml - Pulse Yellow",Water Bottle,UPI,779,2,1,Low,Delivered,Normal Delivery
T27197,2026-01-21,Ashima  sharma,New delhi,"Borosilicate Glass Water Bottle with Protective Silicone Sleeve, 750 ml - Lightning Grey",Water Bottle,COD,838,4,1,Medium,Delivered,Normal Delivery
T27196,2026-01-21,Manjunath MS,Bangalore,Set of 3 Borosilicate Glass Lunch box with Canvas Bag - Blue & Orange & Green,500ml Lunch Box,UPI,1929,3,1,Low,Delivered,Normal Delivery
T27195,2026-01-21,Nishant Jindal,Gurgaon,"Borosilicate Glass Water Bottle with Protective Silicone Sleeve, 750 ml - Cool Green",Water Bottle,UPI,779,2,1,Low,Delivered,Normal Delivery
T27194,2026-01-21,Devanshu kant,Delhi,"Borosilicate Glass Water Bottle with Protective Silicone Sleeve, 750 ml - Power Blue",Water Bottle,UPI,779,2,1,Low,Delivered,Normal Delivery
T27193,2026-01-21,Pooja Bhatkar,Pune,"Borosilicate Glass Water Bottle with Protective Silicone Sleeve, 750 ml - Cool Green",Water Bottle,UPI,779,0,1,Low,Delivered,Normal Delivery
T27192,2026-01-21,Komal Chanana,Delhi,"1Â Litre , Motivational Glass Sipper Bottle - Lunar Blue",1L Water Bottle,UPI,979,4,1,Low,Delivered,Normal Delivery
T27191,2026-01-21,Nirav mewawala,Mumbai,"1Â Litre , Motivational Glass Sipper Bottle - Lunar Blue & Gravity Gray",1L Water Bottle,COD,1988,0,4,Medium,Delivered,Call Customer
T27190,2026-01-21,Nalini tiwari,Nagpur,"Customized TintCup Borosilicate Glass Coffee Cup with Silicone Lid & Grip, 350 ml - Dynamic Grey",Coffee Cups,UPI,1748,1,1,Low,Delivered,Normal Delivery
T27189,2026-01-21,Phasang yakia,Itanagar,"1Â Litre , Motivational Glass Sipper Bottle - Planet Green",1L Water Bottle,COD,1038,0,1,Medium,Delivered,Call Customer
T27188,2026-01-21,Veena harsha,Bangalore South,"Borosilicate Glass Water Bottle with Protective Silicone Sleeve, 750 ml - Power Blue",Water Bottle,COD,838,0,1,Medium,Delivered,Normal Delivery
T27187,2026-01-21,Harini T,Bangalore,"Borosilicate Glass Lunch Box with Silicone Sleeve, 300 ml - Oasis Blue",300ml Lunch Box,UPI,1678,3,1,Low,Delivered,Normal Delivery
T27186,2026-01-21,Varsha namdev,Shivpuri,"Borosilicate Glass Water Bottle with Protective Silicone Sleeve, 750 ml - Cool Green",Water Bottle,UPI,779,2,1,Low,Delivered,Normal Delivery
T27185,2026-01-21,Monika  Kaur,New Delhi,"Borosilicate Glass Water Bottle with Protective Silicone Sleeve, 750 ml - Power Blue",Water Bottle,COD,1287,4,2,Medium,Delivered,Normal Delivery
T27184,2026-01-21,shivani -,Hyderabad,250ml Glass Baby Feeding Temperature Sensing Baby Bottle | Color Changing Silicon Sleeve - + Flow ( 10+ months ) / Blue,Baby Bottle,COD,888,0,2,Medium,Returned,Call Customer
T27183,2026-01-21,Tarushi gulati,Gorakhpur,125ml Glass Baby Feeding Temperature Sensing Baby Bottle | Color Changing Silicon Sleeve - S Flow ( 0-3 months ) / Pink,Baby Bottle,UPI,1528,4,1,Low,Delivered,Normal Delivery
T27182,2026-01-21,Caroline Therese,Siliguri,125ml Glass Baby Feeding Temperature Sensing Baby Bottle | Color Changing Silicon Sleeve - S Flow ( 0-3 months ) / Blue,Baby Bottle,UPI,729,0,1,Low,Delivered,Normal Delivery
T27181,2026-01-21,Disha dwivedi,Farrukhabad,Set of 3 Borosilicate Glass Lunch Boxes(300 ml) with Bag &Â BottleÂ (750Â ml) - Pulse Yellow,300ml Lunch Box,COD,3587,1,2,Medium,Delivered,Normal Delivery
T27180,2026-01-21,Komal komal,Delhi,250ml Glass Baby Feeding Temperature Sensing Baby Bottle | Color Changing Silicon Sleeve - M Flow ( 6-10 months ) / Blue,Baby Bottle,COD,888,0,1,Medium,Delivered,Call Customer
T27179,2026-01-20,Sakshi pahuja,Karnal,Baby Bottle Teat - Slow (0-6 months),Baby Bottle,UPI,1867,3,3,Low,Delivered,Normal Delivery
T27178,2026-01-20,Abdeali shaida,Mumbai,"Borosilicate Glass Water Bottle with Protective Silicone Sleeve, 750 ml - Pulse Yellow",Water Bottle,UPI,779,2,3,Low,Delivered,Normal Delivery
T27177,2026-01-20,Priyaa G,Bangalore,"1Â Litre , Motivational Glass Sipper Bottle - Planet Green",1L Water Bottle,COD,1038,1,1,Medium,Delivered,Call Customer
T27176,2026-01-20,Arpan Sarda,Nagpur,Customized 1Â Litre Bottle - Gravity Gray,1L Water Bottle,UPI,2298,0,2,Low,Delivered,Normal Delivery
T27175,2026-01-20,Rai Vandana,Gurgaon,"Borosilicate Glass Water Bottle with Protective Silicone Sleeve, 750 ml - Pulse Yellow",Water Bottle,COD,838,4,3,Medium,Delivered,Normal Delivery
T27174,2026-01-20,Shweta Sule,Indore,"Borosilicate Glass Water Bottle with Protective Silicone Sleeve, 750 ml - Grey & Blue",Water Bottle,UPI,1599,1,1,Low,Delivered,Normal Delivery
T27173,2026-01-20,Apoorva N J,Bangalore,"Customized TintCup Borosilicate Glass Coffee Cup with Silicone Lid & Grip, 350 ml - Java Brown",Coffee Cups,UPI,849,1,1,Low,Delivered,Normal Delivery
T27172,2026-01-20,Ekta Dhall,Gurgaon,"Borosilicate Glass Water Bottle with Protective Silicone Sleeve, 750 ml - Cool Green",Water Bottle,UPI,779,0,1,Low,Delivered,Normal Delivery
T27171,2026-01-20,Neetu arora,Delhi,"1Â Litre , Motivational Glass Sipper Bottle - Planet Green",1L Water Bottle,UPI,979,1,1,Low,Delivered,Normal Delivery
T27170,2026-01-20,Ekta kapil,New Delhi,"1Â Litre , Motivational Glass Sipper Bottle - Venus Pink",1L Water Bottle,COD,1837,4,2,Medium,Delivered,Call Customer
T27169,2026-01-20,Vrushali Raut,Mumbai,"Customized TintCup Borosilicate Glass Coffee Cup with Silicone Lid & Grip, 350 ml - Mighty Pink",Coffee Cups,UPI,849,1,1,Low,Delivered,Normal Delivery
T27168,2026-01-20,Gilbert dsouza,Palghar,"1Â Litre , Motivational Glass Sipper Bottle - Lunar Blue",1L Water Bottle,UPI,979,4,1,Low,Delivered,Normal Delivery
T27167,2026-01-20,Suresh Kumar,Vijayawada,"1Â Litre , Motivational Glass Sipper Bottle - Planet Green",1L Water Bottle,UPI,979,0,3,Low,Delivered,Normal Delivery
T27166,2026-01-20,Sunila ambre,Mumbai,"Borosilicate Glass Water Bottle with Protective Silicone Sleeve, 750 ml - Lightning Grey",Water Bottle,UPI,779,2,1,Low,Delivered,Normal Delivery
T27165,2026-01-20,Rupal shah,Pune,"1Â Litre , Motivational Glass Sipper Bottle - Gravity Gray",1L Water Bottle,COD,1038,1,1,Medium,Delivered,Normal Delivery
T27164,2026-01-20,Sunny Suresh Salgaonkar,Bicholim,Customized 1Â Litre Bottle - Planet Green,1L Water Bottle,UPI,1149,2,3,Low,Delivered,Normal Delivery
T27163,2026-01-20,Pratima Mishra,New delhi,"Borosilicate Glass Water Bottle with Protective Silicone Sleeve, 750 ml - Cool Green",Water Bottle,COD,838,4,1,Medium,Delivered,Normal Delivery
T27162,2026-01-20,AnuradhaVS AnuradhaVS,UDUPI,Set of 3 Borosilicate Glass Lunch box with Canvas Bag - Blue & Orange & Green,500ml Lunch Box,UPI,1929,1,1,Low,Delivered,Normal Delivery
T27161,2026-01-20,Suman sharma,Greater thane,Customized 1Â Litre Bottle - Lunar Blue,1L Water Bottle,UPI,2298,3,2,Low,Delivered,Normal Delivery
T27160,2026-01-20,Francis Dias,South Goa,"1Â Litre , Motivational Glass Sipper Bottle - Venus Pink",1L Water Bottle,UPI,979,2,3,Low,Delivered,Normal Delivery
T27159,2026-01-20,Dipti choudhary,KANCHIPURAM,125ml Glass Baby Feeding Temperature Sensing Baby Bottle | Color Changing Silicon Sleeve - M Flow ( 3-6 months ) / Blue,Baby Bottle,UPI,729,1,3,Low,Delivered,Normal Delivery
T27158,2026-01-20,Sudha priyadarshan,Bangalore,"Borosilicate Glass Water Bottle with Protective Silicone Sleeve, 750 ml - Power Blue",Water Bottle,UPI,779,2,1,Low,Delivered,Normal Delivery
T27157,2026-01-20,Archana sridhar,Chennai,"Customized TintCup Borosilicate Glass Coffee Cup with Silicone Lid & Grip, 350 ml - Mighty Pink",Coffee Cups,UPI,849,1,1,Low,Delivered,Normal Delivery
T27156,2026-01-20,Vairavan Subramanian,Chennai,"1Â Litre , Motivational Glass Sipper Bottle - Lunar Blue",1L Water Bottle,UPI,979,0,3,Low,Delivered,Normal Delivery
T27155,2026-01-20,Shraddha jain,Mandsaur,250ml Glass Baby Feeding Temperature Sensing Baby Bottle | Color Changing Silicon Sleeve - M Flow ( 6-10 months ) / Blue,Baby Bottle,UPI,829,2,3,Low,Delivered,Normal Delivery
T27154,2026-01-20,Prasad Karunakar,Chennai,Baby Bottle Teat - Slow (0-6 months),Baby Bottle,UPI,918,3,2,Low,Delivered,Normal Delivery
T27153,2026-01-20,Hem partap,New Delhi,Set of 3 GlassUp ( 500ml ) Lunch Box with Bag,500ml Lunch Box,UPI,2329,3,1,Low,Delivered,Normal Delivery
T27152,2026-01-20,Sheetal sagar,Bangalore,125ml Glass Baby Feeding Temperature Sensing Baby Bottle | Color Changing Silicon Sleeve - S Flow ( 0-3 months ) / Pink,Baby Bottle,COD,788,4,4,Medium,Returned,Send Reminder
T27151,2026-01-20,Prashee .,GHAZIABAD,125ml Glass Baby Feeding Temperature Sensing Baby Bottle | Color Changing Silicon Sleeve - S Flow ( 0-3 months ) / Pink,Baby Bottle,UPI,1528,1,1,Low,Delivered,Normal Delivery
T27150,2026-01-20,Chaitanya  medarametla,Hyderabad,Set of 3 Borosilicate Glass Lunch Boxes(300 ml) with Bag &Â BottleÂ (750Â ml) - Energy Red,300ml Lunch Box,COD,2688,2,1,Medium,Delivered,Call Customer
T27149,2026-01-20,Niranjan Patel,Banaskantha,"1Â Litre , Motivational Glass Sipper Bottle - Gravity Gray",1L Water Bottle,COD,1038,4,2,Medium,Delivered,Call Customer
T27148,2026-01-20,Prachi satish,Mumbai,(Spare) BPA Free Spout Lid for TintBox 750ml Borosilicate Glass Water Bottle,Water Bottle,UPI,210,2,2,Low,Delivered,Normal Delivery
T27147,2026-01-20,Falguni Parekh,Mumbai,"Tintbox Cool, Canvas, Eco-Friendly Lunch Bag For Office",Water Bottle,UPI,3475,1,1,Low,Delivered,Normal Delivery
T27146,2026-01-20,Pravin Yadav,Surat,250ml Glass Baby Feeding Temperature Sensing Baby Bottle | Color Changing Silicon Sleeve - M Flow ( 6-10 months ) / Blue,Baby Bottle,COD,1787,6,1,Medium,Delivered,Call Customer
T27145,2026-01-20,Sneha Sayed,Mumbai,"Borosilicate Glass Lunch Box with Silicone Sleeve, 300 ml - Sunrise Orange",300ml Lunch Box,UPI,7868,3,1,Low,Delivered,Normal Delivery
T27144,2026-01-20,Bhairavi bhoir,Thane,125ml Glass Baby Feeding Temperature Sensing Baby Bottle | Color Changing Silicon Sleeve - M Flow ( 3-6 months ) / Pink,Baby Bottle,COD,788,6,1,Medium,Delivered,Call Customer
T27143,2026-01-20,Sisam -,BHADRAK,"1Â Litre , Motivational Glass Sipper Bottle - Lunar Blue",1L Water Bottle,COD,1038,6,1,Medium,Delivered,Call Customer
T27142,2026-01-20,Simran nag,Delhi,"Borosilicate Glass Water Bottle with Protective Silicone Sleeve, 750 ml - Energy Red",Water Bottle,COD,838,0,2,Medium,Delivered,Call Customer
T27141,2026-01-20,Aruna patel,Mumbai,TintBox Borosilicate Glass Food Container (300ml)-Set ofÂ 3Â withoutÂ Bag - 3 Blue,Water Bottle Combo,COD,1738,3,1,Medium,Delivered,Call Customer
T27140,2026-01-20,Dinesh tanwani,Kolkata,Customized 1Â Litre Bottle - Gravity Gray,1L Water Bottle,UPI,1149,4,1,Low,Delivered,Normal Delivery
T27139,2026-01-20,Ganesh saste,Mumbai,"1Â Litre , Motivational Glass Sipper Bottle - Planet Green",1L Water Bottle,UPI,979,0,1,Low,Delivered,Normal Delivery
T27138,2026-01-20,Rittisha gurung,Dehradun,250ml Glass Baby Feeding Temperature Sensing Baby Bottle | Color Changing Silicon Sleeve - M Flow ( 6-10 months ) / Blue,Baby Bottle,COD,888,4,3,Medium,Delivered,Normal Delivery
T27137,2026-01-20,Janis khurana,Panipat,Set of 2 GlassUp ( 500ml ) Lunch Box - Coral Green & Arctic Blue,500ml Lunch Box,UPI,1479,1,2,Low,Delivered,Normal Delivery
T27136,2026-01-20,Dipriya hagjer,Haflong,Baby Bottle Teat - Slow (0-6 months),Baby Bottle,UPI,1018,0,1,Low,Delivered,Normal Delivery
T27135,2026-01-20,Kadambini singh,Ghaziabad,"Borosilicate Glass Water Bottle with Protective Silicone Sleeve, 750 ml - Cool Green",Water Bottle,COD,1687,4,1,Medium,Delivered,Call Customer
T27134,2026-01-20,Smriti koilary,Navi Mumbai,GlassUp 500 ml Borosilicate Glass Lunch Box with Glass Lid & Silicone Sleeve - Arctic Blue,500ml Lunch Box,UPI,1578,1,1,Low,Delivered,Normal Delivery
T27133,2026-01-20,Pooja panchamiya,Pune,"1Â Litre , Motivational Glass Sipper Bottle - Venus Pink",1L Water Bottle,COD,1038,3,1,Medium,Delivered,Call Customer
T27132,2026-01-20,Shiney chib,Nagpur,Customized 1Â Litre Bottle - Venus Pink,1L Water Bottle,UPI,1149,1,2,Low,Delivered,Normal Delivery
T27131,2026-01-20,Gopika Gopinathan,Hyderabad,"Customized TintCup Borosilicate Glass Coffee Cup with Silicone Lid & Grip, 350 ml - Dynamic Grey",Coffee Cups,UPI,849,2,1,Low,Delivered,Normal Delivery
T27130,2026-01-20,Anjali Chaudhary,Lucknow,125ml Glass Baby Feeding Temperature Sensing Baby Bottle | Color Changing Silicon Sleeve - S Flow ( 0-3 months ) / Blue,Baby Bottle,UPI,749,1,1,Low,Delivered,Normal Delivery
T27129,2026-01-20,Simran Kour,Jammu,250ml Glass Baby Feeding Temperature Sensing Baby Bottle | Color Changing Silicon Sleeve - M Flow ( 6-10 months ) / Blue,Baby Bottle,COD,888,1,1,Medium,Delivered,Call Customer
T27128,2026-01-20,Rosyla Saini,Hyderabad,Baby Bottle Teat - Slow (0-6 months),Baby Bottle,COD,1166,5,1,Medium,Delivered,Call Customer
T27127,2026-01-20,Pavithra acharya,Bengaluru,"TintCup Borosilicate Glass Coffee Cup with Silicone Lid & Grip, 350 ml - Java Brown",Coffee Cups,UPI,739,2,1,Low,Delivered,Normal Delivery
T27126,2026-01-20,pooja abbi,Faridabad,"Borosilicate Glass Water Bottle with Protective Silicone Sleeve, 750 ml - Power Blue",Water Bottle,UPI,779,4,1,Low,Delivered,Normal Delivery
T27125,2026-01-20,Anushree kothari,MUMBAI,250ml Glass Baby Feeding Temperature Sensing Baby Bottle | Color Changing Silicon Sleeve - M Flow ( 6-10 months ) / Pink,Baby Bottle,UPI,829,4,1,Low,Delivered,Normal Delivery
T27124,2026-01-20,Nair bindu,Navi Mumbai,GlassUp 500 ml Borosilicate Glass Lunch Box with Glass Lid & Silicone Sleeve - Coral Green,500ml Lunch Box,UPI,729,1,1,Low,Delivered,Normal Delivery
T27123,2026-01-20,Rosyla Saini,Hyderabad,250ml Glass Baby Feeding Temperature Sensing Baby Bottle | Color Changing Silicon Sleeve - M Flow ( 6-10 months ) / Blue,Baby Bottle,UPI,879,2,1,Low,Delivered,Normal Delivery
T27122,2026-01-20,Reen verma,Mumbai,"Borosilicate Glass Water Bottle with Protective Silicone Sleeve, 750 ml - Cool Green",Water Bottle,UPI,779,2,1,Low,Delivered,Normal Delivery
T27121,2026-01-20,Sharan Bhogal,Ahmed Nagar,125ml Glass Baby Feeding Temperature Sensing Baby Bottle | Color Changing Silicon Sleeve - M Flow ( 3-6 months ) / Pink,Baby Bottle,COD,788,3,3,Medium,Delivered,Call Customer
T27120,2026-01-20,abhineet singh,West Delhi,250ml Glass Baby Feeding Temperature Sensing Baby Bottle | Color Changing Silicon Sleeve - + Flow ( 10+ months ) / Blue,Baby Bottle,COD,888,4,1,Medium,Delivered,Call Customer
T27119,2026-01-20,Bharati sangle,Mumbai,"1Â Litre , Motivational Glass Sipper Bottle - Lunar Blue",1L Water Bottle,UPI,979,0,1,Low,Delivered,Normal Delivery
T27118,2026-01-20,Arpita kaushik,Gurugram,125ml Glass Baby Feeding Temperature Sensing Baby Bottle | Color Changing Silicon Sleeve - S Flow ( 0-3 months ) / Pink,Baby Bottle,UPI,729,4,1,Low,Delivered,Normal Delivery
T27117,2026-01-20,Richa .,RUPNAGAR,TintBox Borosilicate Glass Food Container (300ml)-Set ofÂ 3Â withoutÂ Bag - Blue & Orange & Green,Water Bottle Combo,COD,1738,4,1,Medium,Delivered,Normal Delivery
T27116,2026-01-20,Sangeeta sharma,Delhi,"1Â Litre , Motivational Glass Sipper Bottle - Lunar Blue & Gravity Gray",1L Water Bottle,COD,1988,3,1,Medium,Delivered,Call Customer
T27115,2026-01-20,Apurva lohia,Noida,125ml Glass Baby Feeding Temperature Sensing Baby Bottle | Color Changing Silicon Sleeve - S Flow ( 0-3 months ) / Pink,Baby Bottle,UPI,1528,0,1,Low,Delivered,Normal Delivery
T27114,2026-01-20,Captain dr n mythili,ERODE,GlassUp 500 ml Borosilicate Glass Lunch Box with Glass Lid & Silicone Sleeve - Arctic Blue,500ml Lunch Box,UPI,1528,3,1,Low,Delivered,Normal Delivery
T27113,2026-01-20,Rohini mittal,New Delhi,125ml Glass Baby Feeding Temperature Sensing Baby Bottle | Color Changing Silicon Sleeve - S Flow ( 0-3 months ) / Blue,Baby Bottle,COD,788,0,2,Medium,Delivered,Normal Delivery
T27112,2026-01-20,Grace Guite,South West Delhi,250ml Glass Baby Feeding Temperature Sensing Baby Bottle | Color Changing Silicon Sleeve - M Flow ( 6-10 months ) / Blue,Baby Bottle,UPI,829,1,1,Low,Delivered,Normal Delivery
T27111,2026-01-20,Ashwin kumar,Bangalore,"Borosilicate Glass Water Bottle with Protective Silicone Sleeve, 750 ml - Pulse Yellow",Water Bottle,COD,4575,0,1,Medium,Delivered,Normal Delivery
T27110,2026-01-20,Anureet Jhajj,Noida,"Borosilicate Glass Water Bottle with Protective Silicone Sleeve, 750 ml - Cool Green",Water Bottle,UPI,779,3,1,Low,Delivered,Normal Delivery
T27109,2026-01-20,Chandrika kawalkar,Mumbai,"Borosilicate Glass Water Bottle with Protective Silicone Sleeve, 750 ml - Cool Green",Water Bottle,UPI,779,4,3,Low,Delivered,Normal Delivery
T27108,2026-01-20,Rashmi kulkarni,Bengaluru,"1Â Litre , Motivational Glass Sipper Bottle - Venus Pink",1L Water Bottle,UPI,979,0,2,Low,Delivered,Normal Delivery
T27107,2026-01-20,Sanghamitra  roychowdhury,Pune,"Customized Borosilicate Glass Bottle , 750 ml - Cool Green",Water Bottle,UPI,899,0,3,Low,Delivered,Normal Delivery
T27106,2026-01-20,Heeral gala,Jalgaon,125ml Glass Baby Feeding Temperature Sensing Baby Bottle | Color Changing Silicon Sleeve - M Flow ( 3-6 months ) / Pink,Baby Bottle,COD,788,2,4,Medium,Delivered,Call Customer
T27105,2026-01-20,Madhumita  Dogra,New Delhi,250ml Glass Baby Feeding Temperature Sensing Baby Bottle | Color Changing Silicon Sleeve - M Flow ( 6-10 months ) / Blue,Baby Bottle,UPI,829,4,1,Low,Delivered,Normal Delivery
T27104,2026-01-20,Sushma sawant,PUNE,"Borosilicate Glass Water Bottle with Protective Silicone Sleeve, 750 ml - Power Blue",Water Bottle,UPI,4726,1,1,Low,Delivered,Normal Delivery
T27103,2026-01-20,Amrapalli karan,Kolkata,"Borosilicate Glass Water Bottle with Protective Silicone Sleeve, 750 ml - Cool Green",Water Bottle,UPI,779,3,1,Low,Delivered,Normal Delivery
T27102,2026-01-20,Dr.rachana punjabi,Mumbai,"TintCup Borosilicate Glass Coffee Cup with Silicone Lid & Grip, 350 ml - Dashing Blue",Coffee Cups,UPI,2387,1,1,Low,Delivered,Normal Delivery
T27101,2026-01-20,Sayli thakur,Greater thane,"Borosilicate Glass Water Bottle with Protective Silicone Sleeve, 750 ml - Cool Green",Water Bottle,UPI,779,4,1,Low,Delivered,Normal Delivery
T27100,2026-01-20,Priyanka Mangalarap,Ahmednagar,"Borosilicate Glass Water Bottle with Protective Silicone Sleeve, 750 ml - Cool Green",Water Bottle,UPI,779,0,2,Low,Delivered,Normal Delivery
T27099,2026-01-20,Nivedita govekar,Nasik,Set of 3 GlassUp ( 500ml ) Lunch Box - Coral Green & Arctic Blue & Marine Grey,500ml Lunch Box,COD,2238,0,2,Medium,Returned,Call Customer
T27098,2026-01-20,Alpana anand,Mumbai,"1Â Litre , Motivational Glass Sipper Bottle - Lunar Blue",1L Water Bottle,UPI,979,4,1,Low,Delivered,Normal Delivery
T27097,2026-01-20,anupama chaudhary,Delhi,"Borosilicate Glass Water Bottle with Protective Silicone Sleeve, 750 ml - Cool Green",Water Bottle,UPI,779,0,2,Low,Delivered,Normal Delivery
T27096,2026-01-20,himja chirag parmar,Surendranagar,"Borosilicate Glass Water Bottle with Protective Silicone Sleeve, 750 ml - Cool Green",Water Bottle,UPI,779,0,2,Low,Delivered,Normal Delivery
T27095,2026-01-20,Shrisha Hardar,BANGALORE,Pack of 4 Stainless Steel Straws with Silicone Tip and Cleaning Brush - Stainless Steel and Silicone,Straws,UPI,1038,0,1,Low,Delivered,Normal Delivery
T27094,2026-01-20,Avanti protective services pvt ltd,Nashik,"1Â Litre , Motivational Glass Sipper Bottle - Lunar Blue",1L Water Bottle,UPI,979,3,1,Low,Delivered,Normal Delivery
T27093,2026-01-20,Lovee mehrotra,Lucknow,"1Â Litre , Motivational Glass Sipper Bottle - Lunar Blue",1L Water Bottle,COD,4686,3,1,Medium,Delivered,Normal Delivery
T27092,2026-01-20,Alokesh ghosh,Serampur Uttarpara,Baby Bottle Teat - Medium (6-10 months),Baby Bottle,UPI,1767,2,1,Low,Delivered,Normal Delivery
T27091,2026-01-20,Riya Naskar,Kolkata,125ml Glass Baby Feeding Temperature Sensing Baby Bottle | Color Changing Silicon Sleeve - S Flow ( 0-3 months ) / Pink,Baby Bottle,COD,788,1,1,Medium,Delivered,Normal Delivery
T27090,2026-01-20,Kavitha Murthy,Thanjavur,125ml Glass Baby Feeding Temperature Sensing Baby Bottle | Color Changing Silicon Sleeve - S Flow ( 0-3 months ) / Blue,Baby Bottle,UPI,729,4,1,Low,Delivered,Normal Delivery
T27089,2026-01-20,charanjit Dhiura,Mohali,"1Â Litre , Motivational Glass Sipper Bottle - Planet Green & Gravity Gray",1L Water Bottle,COD,1988,4,2,Medium,Delivered,Call Customer
T27088,2026-01-20,Madhur atre,Panchkula,"1Â Litre , Motivational Glass Sipper Bottle - Gravity Gray",1L Water Bottle,UPI,979,4,1,Low,Delivered,Normal Delivery
T27087,2026-01-20,Ils gambhir,Lucknow,"1Â Litre , Motivational Glass Sipper Bottle - Planet Green",1L Water Bottle,COD,3437,2,2,Medium,Delivered,Call Customer
T27086,2026-01-20,Nandish Sheth,Mahuva,"1Â Litre , Motivational Glass Sipper Bottle - Gravity Gray",1L Water Bottle,UPI,979,3,1,Low,Delivered,Normal Delivery
T27085,2026-01-20,Khilounee parekh,Ahmedabad,125ml Glass Baby Feeding Temperature Sensing Baby Bottle | Color Changing Silicon Sleeve - S Flow ( 0-3 months ) / Pink,Baby Bottle,UPI,729,2,1,Low,Delivered,Normal Delivery
T27084,2026-01-20,Asha .b .r sujith,Bengaluru,"TintCup Borosilicate Glass Coffee Cup with Silicone Lid & Grip, 350 ml - Mighty Pink",Coffee Cups,COD,1507,4,1,Medium,Delivered,Normal Delivery
T27083,2026-01-20,Tina singla,Gurgaon,"Borosilicate Glass Water Bottle with Protective Silicone Sleeve, 750 ml - Cool Green",Water Bottle,UPI,779,1,3,Low,Delivered,Normal Delivery
T27082,2026-01-20,Devendra kumar  sharma,Dadri,"1Â Litre , Motivational Glass Sipper Bottle - Venus Pink",1L Water Bottle,COD,1038,0,4,Medium,Returned,Call Customer
T27081,2026-01-20,Apurva sonparote,Pune,"1Â Litre , Motivational Glass Sipper Bottle - Planet Green",1L Water Bottle,UPI,979,3,1,Low,Delivered,Normal Delivery
T27080,2026-01-20,Manoj kumar,Visakhapatnam,"Borosilicate Glass Water Bottle with Protective Silicone Sleeve, 750 ml - Power Blue",Water Bottle,UPI,779,3,1,Low,Delivered,Normal Delivery
T27079,2026-01-20,malini kunnath,Kolenchery,"Borosilicate Glass Water Bottle with Protective Silicone Sleeve, 750 ml - Power Blue",Water Bottle,UPI,779,2,3,Low,Delivered,Normal Delivery
T27078,2026-01-20,Ashutosh Tiwari,Gurgaon,"Customized TintCup Borosilicate Glass Coffee Cup with Silicone Lid & Grip, 350 ml - Dashing Blue",Coffee Cups,UPI,849,3,2,Low,Delivered,Normal Delivery
T27077,2026-01-20,Sanjana shukla,Ghaziabad,250ml Glass Baby Feeding Temperature Sensing Baby Bottle | Color Changing Silicon Sleeve - M Flow ( 6-10 months ) / Pink,Baby Bottle,COD,888,4,4,Medium,Delivered,Call Customer
T27076,2026-01-20,Roshani gokulka,Chennai,"Borosilicate Glass Lunch Box with Silicone Sleeve, 300 ml - Sunrise Orange",300ml Lunch Box,UPI,2327,4,1,Low,Delivered,Normal Delivery
T27075,2026-01-20,Ruchi khanna,Pune,TintBox Borosilicate Glass Food Container (300ml)-Set ofÂ 3Â withoutÂ Bag - Blue & Orange & Green,Water Bottle Combo,COD,2347,2,3,Medium,Delivered,Normal Delivery
T27074,2026-01-20,Arjun Tusshar More,Pune,"1Â Litre , Motivational Glass Sipper Bottle - Planet Green",1L Water Bottle,UPI,979,4,1,Low,Delivered,Normal Delivery
T27073,2026-01-20,Zainab  siddiqui,Lucknow,"1Â Litre , Motivational Glass Sipper Bottle - Venus Pink",1L Water Bottle,UPI,979,1,1,Low,Delivered,Normal Delivery
T27072,2026-01-20,Prisha Khedekar,Bhayander East,125ml Glass Baby Feeding Temperature Sensing Baby Bottle | Color Changing Silicon Sleeve - S Flow ( 0-3 months ) / Blue,Baby Bottle,UPI,749,2,1,Low,Delivered,Normal Delivery
T27071,2026-01-20,Vaishnavi Shigvan,Mumbai,"TintCup Borosilicate Glass Coffee Cup with Silicone Lid & Grip, 350 ml - Dynamic Grey",Coffee Cups,UPI,739,1,1,Low,Delivered,Normal Delivery
T27070,2026-01-20,Shweta  Khanna,New delhi,125ml Glass Baby Feeding Temperature Sensing Baby Bottle | Color Changing Silicon Sleeve - M Flow ( 3-6 months ) / Pink,Baby Bottle,COD,788,0,1,Medium,Delivered,Call Customer
T27069,2026-01-20,Anshul Jayee,Indore,"Borosilicate Glass Water Bottle with Protective Silicone Sleeve, 750 ml - Atomic Green",Water Bottle,COD,838,1,4,Medium,Returned,Send Reminder
T27068,2026-01-20,Sadia Hussain,Lucknow,"TintCup Borosilicate Glass Coffee Cup with Silicone Lid & Grip, 350 ml - Blue & Pink",Coffee Cups,COD,1488,0,1,Medium,Delivered,Call Customer
T27067,2026-01-20,Anamika bhatt,Chandigarh,"1Â Litre , Motivational Glass Sipper Bottle - Gravity Gray",1L Water Bottle,UPI,979,0,1,Low,Delivered,Normal Delivery
T27066,2026-01-20,Minal Phatak,Mumbai,"1Â Litre , Motivational Glass Sipper Bottle - Planet Green",1L Water Bottle,UPI,979,1,1,Low,Delivered,Normal Delivery
T27065,2026-01-20,Chandra kumar s,Bangalore,"Customized TintCup Borosilicate Glass Coffee Cup with Silicone Lid & Grip, 350 ml - Mighty Pink",Coffee Cups,UPI,849,2,3,Low,Delivered,Normal Delivery
T27064,2026-01-20,Gauri desai,Mumbai,"Borosilicate Glass Water Bottle with Protective Silicone Sleeve, 750 ml - Cool Green",Water Bottle,COD,838,5,1,Medium,Delivered,Call Customer
T27063,2026-01-20,Ramesh N.G,Bengaluru,Customized 1Â Litre Bottle - Planet Green,1L Water Bottle,UPI,6172,4,1,Low,Delivered,Normal Delivery
T27062,2026-01-19,Mitesh band,Mumbai,"Borosilicate Glass Water Bottle with Protective Silicone Sleeve, 750 ml - Grey & Blue",Water Bottle,UPI,1599,4,1,Low,Delivered,Normal Delivery
T27061,2026-01-19,Ayesha malkani,Mumbai,125ml Glass Baby Feeding Temperature Sensing Baby Bottle | Color Changing Silicon Sleeve - S Flow ( 0-3 months ) / Pink,Baby Bottle,COD,788,0,1,Medium,Delivered,Normal Delivery
T27060,2026-01-19,Neha Sawant,Thane,"Borosilicate Glass Water Bottle with Protective Silicone Sleeve, 750 ml - Atomic Green",Water Bottle,COD,838,0,1,Medium,Delivered,Call Customer
T27059,2026-01-19,Niteah singh,Greater Noida,"1Â Litre , Motivational Glass Sipper Bottle - Lunar Blue",1L Water Bottle,COD,1038,2,1,Medium,Delivered,Call Customer
T27058,2026-01-19,Kitty khera,Gurgaon,Set of 3 Borosilicate Glass Lunch box with Canvas Bag - Blue & Orange & Green,500ml Lunch Box,COD,1988,3,1,Medium,Delivered,Normal Delivery
T27057,2026-01-19,Kitty khera,Gurgaon,Set of 3 GlassUp ( 500ml ) Lunch Box - Coral Green & Arctic Blue & Marine Grey,500ml Lunch Box,COD,2238,1,1,Medium,Delivered,Call Customer
T27056,2026-01-19,Harshita kaushik,Jaunpur,125ml Glass Baby Feeding Temperature Sensing Baby Bottle | Color Changing Silicon Sleeve - M Flow ( 3-6 months ) / Blue,Baby Bottle,UPI,729,0,3,Low,Delivered,Normal Delivery
T27055,2026-01-19,Sara azmi,Aurangabad,250ml Glass Baby Feeding Temperature Sensing Baby Bottle | Color Changing Silicon Sleeve - + Flow ( 10+ months ) / Blue,Baby Bottle,COD,888,4,4,Medium,Delivered,Call Customer
T27054,2026-01-19,Sneha gangadharan,Pune,"Customized Borosilicate Glass Bottle , 750 ml - Lightning Grey",Water Bottle,UPI,1748,2,3,Low,Delivered,Normal Delivery
T27053,2026-01-19,Susma beria,Tinsukia,250ml Glass Baby Feeding Temperature Sensing Baby Bottle | Color Changing Silicon Sleeve - M Flow ( 6-10 months ) / Blue,Baby Bottle,COD,888,1,1,Medium,Delivered,Call Customer
T27052,2026-01-19,Susma beria,Tinsukia,250ml Glass Baby Feeding Temperature Sensing Baby Bottle | Color Changing Silicon Sleeve - M Flow ( 6-10 months ) / Blue,Baby Bottle,COD,1077,2,3,Medium,Delivered,Call Customer
T27051,2026-01-19,Nupur Khandelwal,Indore,"Borosilicate Glass Water Bottle with Protective Silicone Sleeve, 750 ml - Atomic Green",Water Bottle,UPI,799,1,1,Low,Delivered,Call Customer
T27050,2026-01-19,Anjali Maurya,Mumbai,"Borosilicate Glass Water Bottle with Protective Silicone Sleeve, 750 ml - Pulse Yellow",Water Bottle,UPI,799,1,1,Low,Delivered,Normal Delivery
T27049,2026-01-19,Desale Dipak,Amalner,"1Â Litre , Motivational Glass Sipper Bottle - Gravity Gray",1L Water Bottle,UPI,979,0,1,Low,Delivered,Normal Delivery
T27048,2026-01-19,Pali suri,Delhi,"1Â Litre , Motivational Glass Sipper Bottle - Lunar Blue",1L Water Bottle,COD,1038,2,2,Medium,Delivered,Call Customer
T27047,2026-01-19,Gayatri Sareen,Bhopal,"Customized Borosilicate Glass Bottle , 750 ml - Lightning Grey",Water Bottle,COD,899,2,2,Medium,Delivered,Call Customer
T27046,2026-01-19,Sivakumari -,Hyderabad,"1Â Litre , Motivational Glass Sipper Bottle - Lunar Blue",1L Water Bottle,UPI,979,4,1,Low,Delivered,Normal Delivery
T27045,2026-01-19,Aatish barnwal,Bangalore,"1Â Litre , Motivational Glass Sipper Bottle - Lunar Blue",1L Water Bottle,UPI,979,4,1,Low,Delivered,Normal Delivery
T27044,2026-01-19,Anitha ravindrakumar,Bengaluru,"1Â Litre , Motivational Glass Sipper Bottle - Planet Green",1L Water Bottle,UPI,979,0,1,Low,Delivered,Normal Delivery
T27043,2026-01-19,Anuradha Suri,Delhi,Customized 1Â Litre Bottle - Lunar Blue,1L Water Bottle,UPI,1149,0,2,Low,Delivered,Normal Delivery
T27042,2026-01-19,Amit godbole,Thane,"Borosilicate Glass Water Bottle with Protective Silicone Sleeve, 750 ml - Pulse Yellow",Water Bottle,UPI,779,3,1,Low,Delivered,Normal Delivery
T27041,2026-01-19,Chander Ainani,Ahmedabad,"1Â Litre , Motivational Glass Sipper Bottle - Lunar Blue & Gravity Gray",1L Water Bottle,UPI,2828,5,1,Low,Delivered,Normal Delivery
T27040,2026-01-19,Alka wadhwa,Bangalore,"TintCup Borosilicate Glass Coffee Cup with Silicone Lid & Grip, 350 ml - Mighty Pink",Coffee Cups,COD,798,4,1,Medium,Delivered,Call Customer
T27039,2026-01-19,Vipul Gawad,Mumbai,"Borosilicate Glass Water Bottle with Protective Silicone Sleeve, 750 ml - Power Blue",Water Bottle,UPI,779,1,1,Low,Delivered,Normal Delivery
T27038,2026-01-19,Aravind P,Muvattupuzha,250ml Glass Baby Feeding Temperature Sensing Baby Bottle | Color Changing Silicon Sleeve - M Flow ( 6-10 months ) / Pink,Baby Bottle,UPI,829,2,1,Low,Delivered,Normal Delivery
T27037,2026-01-19,Shamseena -,Nilambur,125ml Glass Baby Feeding Temperature Sensing Baby Bottle | Color Changing Silicon Sleeve - S Flow ( 0-3 months ) / Pink,Baby Bottle,UPI,729,0,1,Low,Delivered,Normal Delivery
T27036,2026-01-19,janamdreddy -,Hyderabad,"1Â Litre , Motivational Glass Sipper Bottle - Lunar Blue",1L Water Bottle,COD,1038,2,1,Medium,Delivered,Call Customer
T27035,2026-01-19,Ruma narang,Dehradun,"Borosilicate Glass Bottle Duo with Protective Silicone Sleeve, 750 ml - Grey & Blue",Water Bottle Combo,COD,2277,2,3,Medium,Delivered,Normal Delivery
T27034,2026-01-19,Adrit Singh,Mumbai,"Borosilicate Glass Water Bottle with Protective Silicone Sleeve, 750 ml - Pulse Yellow",Water Bottle,UPI,779,3,1,Low,Delivered,Normal Delivery
T27033,2026-01-19,Jayashree menon,Mumbai,Set of 3 Borosilicate Glass Lunch box with Canvas Bag - 1 Blue 2 Green,500ml Lunch Box,UPI,1929,4,1,Low,Delivered,Normal Delivery
T27032,2026-01-19,Ashay ashok ayare,Mumbai,Customized 1Â Litre Bottle - Planet Green,1L Water Bottle,UPI,1149,0,2,Low,Delivered,Normal Delivery
T27031,2026-01-19,Goutham Diddi,Hyderabad,"Borosilicate Glass Water Bottle with Protective Silicone Sleeve, 750 ml - Cool Green",Water Bottle,COD,838,2,4,Medium,Delivered,Call Customer
T27030,2026-01-19,Vivek P,Chennai,250ml Glass Baby Feeding Temperature Sensing Baby Bottle | Color Changing Silicon Sleeve - + Flow ( 10+ months ) / Blue,Baby Bottle,UPI,849,0,2,Low,Delivered,Normal Delivery
T27029,2026-01-19,Suman negi,Ahmedabad,"1Â Litre , Motivational Glass Sipper Bottle - Venus Pink",1L Water Bottle,UPI,979,1,1,Low,Delivered,Normal Delivery
T27028,2026-01-19,Vidya  shinde,Ghatkopar West,"Borosilicate Glass Water Bottle with Protective Silicone Sleeve, 750 ml - Power Blue",Water Bottle,UPI,779,3,1,Low,Delivered,Normal Delivery
T27027,2026-01-19,Shoma m.sangma,Tura,"Borosilicate Glass Water Bottle with Protective Silicone Sleeve, 750 ml - Energy Red",Water Bottle,COD,838,1,2,Medium,Returned,Call Customer
T27026,2026-01-19,Shweta jha,Noida,125ml Glass Baby Feeding Temperature Sensing Baby Bottle | Color Changing Silicon Sleeve - M Flow ( 3-6 months ) / Pink,Baby Bottle,COD,788,0,1,Medium,Delivered,Call Customer
T27025,2026-01-19,Azar -,Jayankondam,125ml Glass Baby Feeding Temperature Sensing Baby Bottle | Color Changing Silicon Sleeve - S Flow ( 0-3 months ) / Blue,Baby Bottle,UPI,729,0,1,Low,Delivered,Normal Delivery
T27024,2026-01-19,Milan preet  bhatia,Mohali,"1Â Litre , Motivational Glass Sipper Bottle - Planet Green & Gravity Gray",1L Water Bottle,COD,1988,4,2,Medium,Delivered,Call Customer
T27023,2026-01-19,Niranjan A,Hyderabad,"1Â Litre , Motivational Glass Sipper Bottle - Planet Green & Gravity Gray",1L Water Bottle,UPI,1929,2,1,Low,Delivered,Normal Delivery
T27022,2026-01-19,Anupam sabat,Bangalore,"1Â Litre , Motivational Glass Sipper Bottle - Lunar Blue",1L Water Bottle,UPI,979,2,1,Low,Delivered,Normal Delivery
T27021,2026-01-19,Sanjana shetty,Shimoga,"1Â Litre , Motivational Glass Sipper Bottle - Lunar Blue",1L Water Bottle,UPI,979,1,1,Low,Delivered,Normal Delivery
T27020,2026-01-19,Mishka mehta,Noida,125ml Glass Baby Feeding Temperature Sensing Baby Bottle | Color Changing Silicon Sleeve - S Flow ( 0-3 months ) / Pink,Baby Bottle,COD,788,3,2,Medium,Delivered,Call Customer
T27019,2026-01-19,Sarsing phangcho,jengkha,"1Â Litre , Motivational Glass Sipper Bottle - Planet Green",1L Water Bottle,COD,983,6,1,Medium,Delivered,Call Customer
T27018,2026-01-19,Sanchay Kapoor,Delhi,125ml Glass Baby Feeding Temperature Sensing Baby Bottle | Color Changing Silicon Sleeve - S Flow ( 0-3 months ) / Blue,Baby Bottle,COD,1587,2,4,Medium,Delivered,Call Customer
T27017,2026-01-19,Sriraksha U N,Bangalore,125ml Glass Baby Feeding Temperature Sensing Baby Bottle | Color Changing Silicon Sleeve - M Flow ( 3-6 months ) / Blue,Baby Bottle,UPI,1107,4,1,Low,Delivered,Normal Delivery
T27016,2026-01-19,Amir gojree,Srinagar,"1Â Litre , Motivational Glass Sipper Bottle - Planet Green",1L Water Bottle,COD,1038,1,4,Medium,Delivered,Call Customer
T27015,2026-01-19,Rajashree Kimtee,Hyderabad,Customized 1Â Litre Bottle - Lunar Blue,1L Water Bottle,UPI,2298,1,2,Low,Delivered,Normal Delivery
T27014,2026-01-19,sahil jain,Jaipur,"1Â Litre , Motivational Glass Sipper Bottle - Lunar Blue",1L Water Bottle,UPI,979,4,1,Low,Delivered,Normal Delivery
T27013,2026-01-19,Oneil Lewis,Bengaluru,"Borosilicate Glass Water Bottle with Protective Silicone Sleeve, 750 ml - Lightning Grey",Water Bottle,UPI,799,3,1,Low,Delivered,Normal Delivery
T27012,2026-01-19,Khushbu govilkar,Navi Mumbai,"1Â Litre , Motivational Glass Sipper Bottle - Planet Green & Gravity Gray",1L Water Bottle,COD,1988,4,4,Medium,Returned,Send Reminder
T27011,2026-01-19,ganavi -,Bangalore,"1Â Litre , Motivational Glass Sipper Bottle - Planet Green & Gravity Gray",1L Water Bottle,UPI,2538,3,2,Low,Delivered,Normal Delivery
T27010,2026-01-19,seema Hanamashetti,Bangalore,Set of 3 Borosilicate Glass Lunch Boxes(300 ml) with Bag &Â BottleÂ (750Â ml) - Energy Red,300ml Lunch Box,UPI,2629,4,1,Low,Delivered,Normal Delivery
T27009,2026-01-19,Asaduddin -,Hyderabad,"Borosilicate Glass Water Bottle with Protective Silicone Sleeve, 750 ml - Grey & Blue",Water Bottle,UPI,1599,4,1,Low,Delivered,Normal Delivery
T27008,2026-01-19,Ashok kumar,Bangalore,"1Â Litre , Motivational Glass Sipper Bottle - Venus Pink",1L Water Bottle,UPI,3177,0,1,Low,Delivered,Normal Delivery
T27007,2026-01-19,Deepal chokshi,Ahmedabad,Set of 3 Borosilicate Glass Lunch box with Canvas Bag - Blue & Orange & Green,500ml Lunch Box,COD,1988,1,1,Medium,Delivered,Normal Delivery
T27006,2026-01-19,Fuzail Shaik,Rayachoty,125ml Glass Baby Feeding Temperature Sensing Baby Bottle | Color Changing Silicon Sleeve - M Flow ( 3-6 months ) / Blue,Baby Bottle,UPI,749,4,1,Low,Delivered,Call Customer
T27005,2026-01-19,Kavisha gupta,new delhi,"Borosilicate Glass Water Bottle with Protective Silicone Sleeve, 750 ml - Power Blue",Water Bottle,COD,1687,4,2,Medium,Delivered,Call Customer
T27004,2026-01-19,Pooja Kannurkar,Pune,125ml Glass Baby Feeding Temperature Sensing Baby Bottle | Color Changing Silicon Sleeve - S Flow ( 0-3 months ) / Blue,Baby Bottle,UPI,729,2,3,Low,Delivered,Normal Delivery
T27003,2026-01-19,Supritha gowda,Mysore,"Borosilicate Glass Lunch Box with Silicone Sleeve, 300 ml - Forest Green",300ml Lunch Box,COD,1737,1,1,Medium,Delivered,Normal Delivery
T27002,2026-01-19,Kiran patil,Karad,"Borosilicate Glass Water Bottle with Protective Silicone Sleeve, 750 ml - Lightning Grey",Water Bottle,UPI,779,2,1,Low,Delivered,Normal Delivery
T27001,2026-01-19,Preeti Kataria,Mumbai,"1Â Litre , Motivational Glass Sipper Bottle - Lunar Blue & Gravity Gray",1L Water Bottle,COD,1988,1,1,Medium,Delivered,Normal Delivery
T27000,2026-01-19,Ashish Bhanushali,Mumbai,"Borosilicate Glass Lunch Box with Silicone Sleeve, 300 ml - Oasis Blue",300ml Lunch Box,UPI,2248,2,2,Low,Delivered,Normal Delivery
T26999,2026-01-19,Ayesha Shaikh,Mumbai,"1Â Litre , Motivational Glass Sipper Bottle - Planet Green",1L Water Bottle,COD,1038,4,1,Medium,Delivered,Call Customer
T26998,2026-01-19,Safa Fathima,Bangalore,"TintCup Borosilicate Glass Coffee Cup with Silicone Lid & Grip, 350 ml - Java Brown",Coffee Cups,UPI,739,4,1,Low,Delivered,Normal Delivery
T26997,2026-01-19,Khadeejath shirin,KASARAGOD,125ml Glass Baby Feeding Temperature Sensing Baby Bottle | Color Changing Silicon Sleeve - S Flow ( 0-3 months ) / Pink,Baby Bottle,COD,788,0,1,Medium,Delivered,Call Customer
T26996,2026-01-19,Sumaiya sayed,Karwar,"Customized Borosilicate Glass Bottle , 750 ml - Energy Red",Water Bottle,UPI,899,2,3,Low,Delivered,Normal Delivery
T26995,2026-01-19,Rangoli kalekar,Dombivli,"Borosilicate Glass Water Bottle with Protective Silicone Sleeve, 750 ml - Cool Green",Water Bottle,UPI,779,3,1,Low,Delivered,Normal Delivery
T26994,2026-01-19,Kunika patidar,Indore,"Borosilicate Glass Water Bottle with Protective Silicone Sleeve, 750 ml - Lightning Grey",Water Bottle,COD,838,0,3,Medium,Delivered,Normal Delivery
T26993,2026-01-19,Tishya madan,Gurgaon,125ml Glass Baby Feeding Temperature Sensing Baby Bottle | Color Changing Silicon Sleeve - M Flow ( 3-6 months ) / Blue,Baby Bottle,UPI,729,2,1,Low,Delivered,Normal Delivery
T26992,2026-01-19,Dr krishna nandan  sharma,Varanasi,250ml Glass Baby Feeding Temperature Sensing Baby Bottle | Color Changing Silicon Sleeve - M Flow ( 6-10 months ) / Blue,Baby Bottle,COD,888,2,1,Medium,Delivered,Call Customer
T26991,2026-01-19,Siddharth Singh,South West Delhi,"Customized Borosilicate Glass Bottle , 750 ml - Pulse Yellow",Water Bottle,UPI,899,0,1,Low,Delivered,Normal Delivery
T26990,2026-01-19,Darpan bisht,Haldwani,"Customized Borosilicate Glass Bottle , 750 ml - Atomic Green",Water Bottle,UPI,899,4,3,Low,Delivered,Normal Delivery
T26989,2026-01-19,Vidhi shah,Vadodara,TintBox Borosilicate Glass Food Container (300ml)-Set ofÂ 3Â withoutÂ Bag - Blue & Orange & Green,Water Bottle Combo,COD,1738,2,1,Medium,Delivered,Call Customer
T26988,2026-01-19,Mrunali Ghosale,Ratnagiri,125ml Glass Baby Feeding Temperature Sensing Baby Bottle | Color Changing Silicon Sleeve - M Flow ( 3-6 months ) / Pink,Baby Bottle,COD,788,4,1,Medium,Delivered,Call Customer
T26987,2026-01-19,Komal raghani,Kolkata,Set of 3 Borosilicate Glass Lunch Boxes(300 ml) with Bag &Â BottleÂ (750Â ml) - Cool Green,300ml Lunch Box,COD,3838,0,1,Medium,Delivered,Call Customer
T26986,2026-01-19,Shubhi sharma,Bengaluru,"1Â Litre , Motivational Glass Sipper Bottle - Lunar Blue & Gravity Gray",1L Water Bottle,UPI,2767,4,1,Low,Delivered,Normal Delivery
T26985,2026-01-19,swapnil markandey,Surat,"1Â Litre , Motivational Glass Sipper Bottle - Planet Green",1L Water Bottle,COD,1038,1,3,Medium,Delivered,Normal Delivery
T26984,2026-01-19,sharayu bhosale,Mumbai,"Borosilicate Glass Water Bottle with Protective Silicone Sleeve, 750 ml - Grey & Green",Water Bottle,UPI,1599,3,1,Low,Delivered,Normal Delivery
T26983,2026-01-19,Anushka Dodhiwala,Bangalore,"1Â Litre , Motivational Glass Sipper Bottle - Planet Green & Gravity Gray",1L Water Bottle,UPI,1929,2,1,Low,Delivered,Normal Delivery
T26982,2026-01-19,soniya Raheja,Delhi,"Borosilicate Glass Water Bottle with Protective Silicone Sleeve, 750 ml - Power Blue",Water Bottle,COD,1687,3,4,Medium,Delivered,Call Customer
T26981,2026-01-19,Chandna dubey dubey,Indore,Set of 2 GlassUp ( 500ml ) Lunch Box - Coral Green & Arctic Blue,500ml Lunch Box,UPI,1479,4,1,Low,Delivered,Normal Delivery
T26980,2026-01-19,Vyshnavi krishnan,Chennai,"Borosilicate Glass Water Bottle with Protective Silicone Sleeve, 750 ml - Grey & Blue",Water Bottle,UPI,1599,2,1,Low,Delivered,Normal Delivery
T26979,2026-01-19,Deepa singh,Navi Mumbai,250ml Glass Baby Feeding Temperature Sensing Baby Bottle | Color Changing Silicon Sleeve - + Flow ( 10+ months ) / Pink,Baby Bottle,UPI,829,4,3,Low,Delivered,Normal Delivery
T26978,2026-01-19,Sindhu -,Hyderabad,Glass Baby Feeding Temperature Sensing Baby Bottle | Color Changing Silicon Sleeve - 125ml (0-6 months) / Pink / Small,Baby Bottle,UPI,1528,1,1,Low,Delivered,Normal Delivery
T26977,2026-01-19,Khyati shah,Mumbai,"1Â Litre , Motivational Glass Sipper Bottle - Lunar Blue & Venus Pink",1L Water Bottle,UPI,1929,0,1,Low,Delivered,Normal Delivery
T26976,2026-01-19,Manisha koira ramesh,Bangalore Rural,125ml Glass Baby Feeding Temperature Sensing Baby Bottle | Color Changing Silicon Sleeve - M Flow ( 3-6 months ) / Pink,Baby Bottle,UPI,1956,2,2,Low,Delivered,Normal Delivery
T26975,2026-01-19,Jisha francis,Mumbai,"Borosilicate Glass Water Bottle with Protective Silicone Sleeve, 750 ml - Pulse Yellow",Water Bottle,UPI,779,1,1,Low,Delivered,Normal Delivery
T26974,2026-01-19,Mayur shah,Mumbai,"Borosilicate Glass Water Bottle with Protective Silicone Sleeve, 750 ml - Cool Green",Water Bottle,UPI,779,1,1,Low,Delivered,Normal Delivery
T26973,2026-01-19,Amit ganasva,Vadodara,"1Â Litre , Motivational Glass Sipper Bottle - Planet Green",1L Water Bottle,UPI,979,2,1,Low,Delivered,Normal Delivery
T26972,2026-01-19,Nikhil Gosar,Mumbai,250ml Glass Baby Feeding Temperature Sensing Baby Bottle | Color Changing Silicon Sleeve - + Flow ( 10+ months ) / Blue,Baby Bottle,COD,888,4,2,Medium,Delivered,Normal Delivery
T26971,2026-01-19,Imranullah as,Bangalore,"Borosilicate Glass Water Bottle with Protective Silicone Sleeve, 750 ml - Lightning Grey",Water Bottle,UPI,1578,1,3,Low,Delivered,Normal Delivery
T26970,2026-01-19,Rahul nikkam,BANGALORE,"Borosilicate Glass Bottle Duo with Protective Silicone Sleeve, 750 ml - Grey & Green",Water Bottle Combo,UPI,4617,3,2,Low,Delivered,Normal Delivery
T26969,2026-01-19,Nekong perme maga,Papum Pare,125ml Glass Baby Feeding Temperature Sensing Baby Bottle | Color Changing Silicon Sleeve - S Flow ( 0-3 months ) / Pink,Baby Bottle,COD,2336,1,1,Medium,Delivered,Normal Delivery
T26968,2026-01-19,Padmaja joshi,New Delhi,250ml Glass Baby Feeding Temperature Sensing Baby Bottle | Color Changing Silicon Sleeve - M Flow ( 6-10 months ) / Pink,Baby Bottle,UPI,1728,4,1,Low,Delivered,Normal Delivery
T26967,2026-01-19,Paridhi  goyal,Kolkata,"Borosilicate Glass Water Bottle with Protective Silicone Sleeve, 750 ml - Grey & Blue",Water Bottle,COD,1658,4,4,Medium,Delivered,Call Customer
T26966,2026-01-19,Paridhi goyal,Kolkata,"Borosilicate Glass Water Bottle with Protective Silicone Sleeve, 750 ml - Grey & Blue",Water Bottle,COD,1658,3,1,Medium,Delivered,Call Customer
T26965,2026-01-19,Amanpreet kaur,Ambala City,"TintCup Borosilicate Glass Coffee Cup with Silicone Lid & Grip, 350 ml - Mighty Pink",Coffee Cups,UPI,739,1,1,Low,Delivered,Normal Delivery
T26964,2026-01-19,Jagaddish Chinda,Bangalore,"Borosilicate Glass Water Bottle with Protective Silicone Sleeve, 750 ml - Cool Green",Water Bottle,COD,838,4,4,Medium,Delivered,Call Customer
T26963,2026-01-19,Topi Boje,Itanagar,250ml Glass Baby Feeding Temperature Sensing Baby Bottle | Color Changing Silicon Sleeve - + Flow ( 10+ months ) / Blue,Baby Bottle,COD,888,5,1,Medium,Delivered,Call Customer
T26962,2026-01-19,Jayasree K,Bangalore,GlassUp 500 ml Borosilicate Glass Lunch Box with Glass Lid & Silicone Sleeve - Coral Green,500ml Lunch Box,COD,788,2,1,Medium,Delivered,Call Customer
T26961,2026-01-19,Mythili Kumar,Bangalore,GlassUp 500 ml Borosilicate Glass Lunch Box with Glass Lid & Silicone Sleeve - Arctic Blue,500ml Lunch Box,UPI,729,0,1,Low,Delivered,Normal Delivery
T26960,2026-01-19,Yamuna choudhary,Churu,250ml Glass Baby Feeding Temperature Sensing Baby Bottle | Color Changing Silicon Sleeve - + Flow ( 10+ months ) / Pink,Baby Bottle,COD,1787,0,2,Medium,Delivered,Call Customer
T26959,2026-01-19,manshom -,Mon,250ml Glass Baby Feeding Temperature Sensing Baby Bottle | Color Changing Silicon Sleeve - + Flow ( 10+ months ) / Pink,Baby Bottle,COD,888,0,1,Medium,Delivered,Call Customer
T26958,2026-01-19,Rajeev Kumar,Ghaziabad,Customized 1Â Litre Bottle - Planet Green,1L Water Bottle,UPI,2418,1,1,Low,Delivered,Normal Delivery
T26957,2026-01-19,Bharat Takhtani,Amravati,Customized 1Â Litre Bottle - Gravity Gray,1L Water Bottle,UPI,1149,3,1,Low,Delivered,Normal Delivery
T26956,2026-01-19,Rahima khan,Bangalore,125ml Glass Baby Feeding Temperature Sensing Baby Bottle | Color Changing Silicon Sleeve - M Flow ( 3-6 months ) / Pink,Baby Bottle,UPI,918,4,1,Low,Delivered,Normal Delivery
T26955,2026-01-19,Vivek  dhamija,Panipat,"Borosilicate Glass Lunch Box with Silicone Sleeve, 300 ml - Sunrise Orange",300ml Lunch Box,COD,738,2,1,Medium,Delivered,Call Customer
T26954,2026-01-19,Riya B Rajkonwar,Digboi,Customized 1Â Litre Bottle - Venus Pink,1L Water Bottle,UPI,1149,2,1,Low,Delivered,Normal Delivery
T26953,2026-01-19,Rushabh Shah,Mumbai,"1Â Litre , Motivational Glass Sipper Bottle - Planet Green",1L Water Bottle,UPI,979,1,1,Low,Delivered,Normal Delivery
T26952,2026-01-19,viren vaze,Mumbai,"Borosilicate Glass Water Bottle with Protective Silicone Sleeve, 750 ml - Cool Green",Water Bottle,COD,838,0,4,Medium,Delivered,Call Customer
T26951,2026-01-19,Tangam hundoo,Pune,"Customized TintCup Borosilicate Glass Coffee Cup with Silicone Lid & Grip, 350 ml - Dashing Blue",Coffee Cups,UPI,849,1,1,Low,Delivered,Normal Delivery
T26950,2026-01-18,vineet thakkar,Mumbai,"Borosilicate Glass Water Bottle with Protective Silicone Sleeve, 750 ml - Cool Green",Water Bottle,UPI,779,3,2,Low,Delivered,Normal Delivery
T26949,2026-01-18,Saurabh mundepi,Noida,250ml Glass Baby Feeding Temperature Sensing Baby Bottle | Color Changing Silicon Sleeve - M Flow ( 6-10 months ) / Blue,Baby Bottle,UPI,829,3,1,Low,Delivered,Normal Delivery
T26948,2026-01-18,Urvashi mishra,SOUTH WEST,250ml Glass Baby Feeding Temperature Sensing Baby Bottle | Color Changing Silicon Sleeve - M Flow ( 6-10 months ) / Blue,Baby Bottle,UPI,829,4,1,Low,Delivered,Normal Delivery
T26947,2026-01-18,munawarkhan khan,Bengaluru,125ml Glass Baby Feeding Temperature Sensing Baby Bottle | Color Changing Silicon Sleeve - S Flow ( 0-3 months ) / Pink,Baby Bottle,UPI,749,4,1,Low,Delivered,Call Customer
T26946,2026-01-18,Vijay jain,Mumbai Maharashtra India,"Borosilicate Glass Water Bottle with Protective Silicone Sleeve, 750 ml - Lightning Grey",Water Bottle,UPI,779,3,2,Low,Delivered,Normal Delivery
T26945,2026-01-18,Priyank trivedi,Aurangabad,125ml Glass Baby Feeding Temperature Sensing Baby Bottle | Color Changing Silicon Sleeve - S Flow ( 0-3 months ) / Blue,Baby Bottle,UPI,729,3,1,Low,Delivered,Normal Delivery
T26944,2026-01-18,Priyank trivedi,Aurangabad,250ml Glass Baby Feeding Temperature Sensing Baby Bottle | Color Changing Silicon Sleeve - M Flow ( 6-10 months ) / Blue,Baby Bottle,UPI,829,3,1,Low,Delivered,Normal Delivery
T26943,2026-01-18,Ruchi Naidu,Bangalore,"Borosilicate Glass Water Bottle with Protective Silicone Sleeve, 750 ml - Lightning Grey",Water Bottle,UPI,1628,1,1,Low,Delivered,Normal Delivery
T26942,2026-01-18,Mekala chakravarthi,Tenali,125ml Glass Baby Feeding Temperature Sensing Baby Bottle | Color Changing Silicon Sleeve - M Flow ( 3-6 months ) / Pink,Baby Bottle,COD,788,3,2,Medium,Returned,Call Customer
T26941,2026-01-18,Sanjiivani G Khannaa,Delhi,250ml Glass Baby Feeding Temperature Sensing Baby Bottle | Color Changing Silicon Sleeve - M Flow ( 6-10 months ) / Blue,Baby Bottle,UPI,829,2,1,Low,Delivered,Normal Delivery
T26940,2026-01-18,Kanchan kalghatgi,Bangalore,"Borosilicate Glass Water Bottle with Protective Silicone Sleeve, 750 ml - Lightning Grey",Water Bottle,UPI,779,0,2,Low,Delivered,Normal Delivery
T26939,2026-01-18,Binita pradhan,Balasore,125ml Glass Baby Feeding Temperature Sensing Baby Bottle | Color Changing Silicon Sleeve - S Flow ( 0-3 months ) / Blue,Baby Bottle,COD,1587,3,1,Medium,Delivered,Call Customer
T26938,2026-01-18,huma siddiqui,Karhal,125ml Glass Baby Feeding Temperature Sensing Baby Bottle | Color Changing Silicon Sleeve - M Flow ( 3-6 months ) / Pink,Baby Bottle,COD,788,5,1,Medium,Delivered,Call Customer
T26937,2026-01-18,Mitali Chauhan,Sumerpur,125ml Glass Baby Feeding Temperature Sensing Baby Bottle | Color Changing Silicon Sleeve - S Flow ( 0-3 months ) / Pink,Baby Bottle,UPI,729,0,1,Low,Delivered,Normal Delivery
T26936,2026-01-18,Aditya thakur,EAST,"Borosilicate Glass Water Bottle with Protective Silicone Sleeve, 750 ml - Lightning Grey",Water Bottle,UPI,1128,1,2,Low,Delivered,Normal Delivery
T26935,2026-01-18,Balbhadrasinh G Jadeja,Surat,"Borosilicate Glass Water Bottle with Protective Silicone Sleeve, 750 ml - Cool Green",Water Bottle,UPI,2277,0,1,Low,Delivered,Normal Delivery
T26934,2026-01-18,Prabhakaran etraj,Annur,"1Â Litre , Motivational Glass Sipper Bottle - Lunar Blue",1L Water Bottle,UPI,979,1,1,Low,Delivered,Normal Delivery
T26933,2026-01-18,Simmi verma,ghaziabad,"Borosilicate Glass Water Bottle with Protective Silicone Sleeve, 750 ml - Power Blue",Water Bottle,COD,838,2,3,Medium,Returned,Call Customer
T26932,2026-01-18,Vipul mahuvakar,Mumbai,"Customized Borosilicate Glass Bottle , 750 ml - Lightning Grey",Water Bottle,UPI,1798,1,1,Low,Delivered,Normal Delivery
T26931,2026-01-18,immanuel -,Sriperumbudur,Customized 1Â Litre Bottle - Gravity Gray,1L Water Bottle,UPI,1149,1,3,Low,Delivered,Normal Delivery
T26930,2026-01-18,Sonali behera,Khorda,"Borosilicate Glass Water Bottle with Protective Silicone Sleeve, 750 ml - Power Blue",Water Bottle,UPI,1628,4,3,Low,Delivered,Normal Delivery
T26929,2026-01-18,Manoj kumar,Thane west,"Tintbox Cool, Canvas, Eco-Friendly Lunch Bag For Office",Water Bottle,UPI,429,3,2,Low,Delivered,Normal Delivery
T26928,2026-01-18,Surekha -,Hyderabad,125ml Glass Baby Feeding Temperature Sensing Baby Bottle | Color Changing Silicon Sleeve - S Flow ( 0-3 months ) / Blue,Baby Bottle,UPI,729,3,1,Low,Delivered,Normal Delivery
T26927,2026-01-18,Sneha jha,Bangalore,"TintCup Borosilicate Glass Coffee Cup with Silicone Lid & Grip, 350 ml - Java Brown",Coffee Cups,UPI,1448,2,1,Low,Delivered,Normal Delivery
T26926,2026-01-18,Mohit Jain,Mumbai,TintBox Borosilicate Glass Food Container (300ml)-Set ofÂ 3Â withoutÂ Bag - Blue & Orange & Green,Water Bottle Combo,UPI,1679,2,3,Low,Delivered,Normal Delivery
T26925,2026-01-18,Nitin narang,Ahmedabad,"Borosilicate Glass Water Bottle with Protective Silicone Sleeve, 750 ml - Energy Red",Water Bottle,UPI,779,3,3,Low,Delivered,Normal Delivery
T26924,2026-01-18,Yash Patel,Godhra,"Borosilicate Glass Water Bottle with Protective Silicone Sleeve, 750 ml - Atomic Green",Water Bottle,UPI,779,4,2,Low,Delivered,Normal Delivery
T26923,2026-01-18,Shruti  mathrani,Mumbai,"Borosilicate Glass Water Bottle with Protective Silicone Sleeve, 750 ml - Cool Green",Water Bottle,UPI,779,3,3,Low,Delivered,Normal Delivery
T26922,2026-01-18,Harish unni,Vadodara,"Tintbox Cool, Canvas, Eco-Friendly Lunch Bag For Office",Water Bottle,UPI,429,4,2,Low,Delivered,Normal Delivery
T26921,2026-01-18,Ayushi Saraf,Pimpri Chinchwad,"Borosilicate Glass Water Bottle with Protective Silicone Sleeve, 750 ml - Pulse Yellow",Water Bottle,UPI,799,2,3,Low,Delivered,Normal Delivery
T26920,2026-01-18,Sushil agarkar,Greater thane,Set of 2 GlassUp ( 500ml ) Lunch Box - Coral Green & Arctic Blue,500ml Lunch Box,UPI,1479,0,3,Low,Delivered,Normal Delivery
T26919,2026-01-18,Vedant Kulkarni,Pune,"Borosilicate Glass Water Bottle with Protective Silicone Sleeve, 750 ml - Energy Red",Water Bottle,UPI,779,2,3,Low,Delivered,Normal Delivery
T26918,2026-01-18,Neeraj Kumar,New Delhi,"Borosilicate Glass Water Bottle with Protective Silicone Sleeve, 750 ml - Energy Red",Water Bottle,UPI,779,2,1,Low,Delivered,Normal Delivery
T26917,2026-01-18,Riyaz ahmed,Gurugram,Set of 3 Borosilicate Glass Lunch Boxes(300 ml) with Bag &Â BottleÂ (750Â ml) - Cool Green,300ml Lunch Box,COD,2988,1,2,Medium,Delivered,Call Customer
T26916,2026-01-18,Dhruv Purohit,Mumbai,"TintCup Borosilicate Glass Coffee Cup with Silicone Lid & Grip, 350 ml - Java Brown",Coffee Cups,UPI,1787,1,1,Low,Delivered,Normal Delivery
T26915,2026-01-18,Prithwijit ghosh,Faridabad,"Borosilicate Glass Water Bottle with Protective Silicone Sleeve, 750 ml - Energy Red",Water Bottle,UPI,1628,1,3,Low,Delivered,Normal Delivery
T26914,2026-01-18,Ekta kapil,New Delhi,"Borosilicate Glass Water Bottle with Protective Silicone Sleeve, 750 ml - Pulse Yellow",Water Bottle,COD,838,1,3,Medium,Delivered,Call Customer
T26913,2026-01-18,Priyal Sawant,Mumbai,"Borosilicate Glass Water Bottle with Protective Silicone Sleeve, 750 ml - Cool Green",Water Bottle,UPI,779,4,2,Low,Delivered,Normal Delivery
T26912,2026-01-18,Anuj khilwani,Bhusawal,"1Â Litre , Motivational Glass Sipper Bottle - Lunar Blue",1L Water Bottle,COD,1038,3,1,Medium,Delivered,Call Customer
T26911,2026-01-18,Sasikala jagadeeswaran,Kangayam,"Borosilicate Glass Water Bottle with Protective Silicone Sleeve, 750 ml - Lightning Grey",Water Bottle,UPI,779,0,2,Low,Delivered,Normal Delivery
T26910,2026-01-18,Shikha pahwa,Delhi,125ml Glass Baby Feeding Temperature Sensing Baby Bottle | Color Changing Silicon Sleeve - M Flow ( 3-6 months ) / Blue,Baby Bottle,UPI,729,2,2,Low,Delivered,Normal Delivery
T26909,2026-01-18,Vishal  sharma,Thane,Set of 3 Borosilicate Glass Lunch box with Canvas Bag - Blue & Orange & Green,500ml Lunch Box,UPI,1929,4,1,Low,Delivered,Normal Delivery
T26908,2026-01-18,Ajinkya Kadale,Navi mumbai,"Borosilicate Glass Water Bottle with Protective Silicone Sleeve, 750 ml - Atomic Green",Water Bottle,COD,838,0,1,Medium,Delivered,Call Customer
T26907,2026-01-18,Nayana soni,Mumbai,"Customized Borosilicate Glass Bottle , 750 ml - Atomic Green",Water Bottle,UPI,899,4,1,Low,Delivered,Normal Delivery
T26906,2026-01-18,Bagavathi -,Chennai,"Customized Borosilicate Glass Bottle , 750 ml - Energy Red",Water Bottle,UPI,899,4,1,Low,Delivered,Normal Delivery
T26905,2026-01-18,syed shamsudin Babar,Hyderabad,GlassUp 500 ml Borosilicate Glass Lunch Box with Glass Lid & Silicone Sleeve - Coral Green,500ml Lunch Box,COD,2336,2,4,Medium,Delivered,Call Customer
T26904,2026-01-18,Aarti ohri,Gurgaon,250ml Glass Baby Feeding Temperature Sensing Baby Bottle | Color Changing Silicon Sleeve - M Flow ( 6-10 months ) / Pink,Baby Bottle,UPI,829,3,3,Low,Delivered,Normal Delivery
T26903,2026-01-18,Aditya Sharma,Thane,Set of 3 Borosilicate Glass Lunch box with Canvas Bag - Blue & Orange & Green,500ml Lunch Box,UPI,1929,1,2,Low,Delivered,Normal Delivery
T26902,2026-01-18,Komal raina,Kathua,250ml Glass Baby Feeding Temperature Sensing Baby Bottle | Color Changing Silicon Sleeve - M Flow ( 6-10 months ) / Blue,Baby Bottle,UPI,829,3,1,Low,Delivered,Normal Delivery
T26901,2026-01-18,Rekha seervi,Hyderabad,"Borosilicate Glass Water Bottle with Protective Silicone Sleeve, 750 ml - Atomic Green",Water Bottle,COD,838,5,1,Medium,Delivered,Call Customer
T26900,2026-01-18,Shabina andrabi,Mumbai,250ml Glass Baby Feeding Temperature Sensing Baby Bottle | Color Changing Silicon Sleeve - M Flow ( 6-10 months ) / Blue,Baby Bottle,COD,888,2,2,Medium,Delivered,Normal Delivery
T26899,2026-01-18,Amritpal Kaur,Zirakpur,"Borosilicate Glass Water Bottle with Protective Silicone Sleeve, 750 ml - Cool Green",Water Bottle,COD,838,2,1,Medium,Delivered,Call Customer
T26898,2026-01-18,Ivy poddar,Pune,250ml Glass Baby Feeding Temperature Sensing Baby Bottle | Color Changing Silicon Sleeve - M Flow ( 6-10 months ) / Pink,Baby Bottle,UPI,829,2,3,Low,Delivered,Normal Delivery
T26897,2026-01-18,Shivani Mamane,Bidar,"Borosilicate Glass Water Bottle with Protective Silicone Sleeve, 750 ml - Cool Green",Water Bottle,UPI,779,0,3,Low,Delivered,Normal Delivery
T26896,2026-01-18,Narayan lasankute,Bhusawal,"Borosilicate Glass Water Bottle with Protective Silicone Sleeve, 750 ml - Grey & Green",Water Bottle,COD,1658,3,3,Medium,Delivered,Call Customer
T26895,2026-01-18,Pooja gawde,Mumbai,GlassUp 500 ml Borosilicate Glass Lunch Box with Glass Lid & Silicone Sleeve - Arctic Blue,500ml Lunch Box,UPI,2227,3,3,Low,Delivered,Refund Initiated
T26894,2026-01-18,Vinayak dalvi,Mumbai,"Tintbox Cool, Canvas, Eco-Friendly Lunch Bag For Office",Water Bottle,UPI,429,4,2,Low,Delivered,Normal Delivery
T26893,2026-01-18,Gunjan malhotra,Gurgaon,Pack of 4 Stainless Steel Straws with Silicone Tip and Cleaning Brush - Stainless Steel and Silicone,Straws,UPI,3054,4,1,Low,Returned,Refund Initiated
T26892,2026-01-18,Ramya  jayaram,Coimbatore,TintCup Borosilicate Glass Coffee CupÂ CoupleÂ Combo - Blue & Grey,Coffee Cups,UPI,3028,4,2,Low,Delivered,Normal Delivery
T26891,2026-01-18,C Swati Chimkode,Bengaluru,250ml Glass Baby Feeding Temperature Sensing Baby Bottle | Color Changing Silicon Sleeve - M Flow ( 6-10 months ) / Pink,Baby Bottle,UPI,829,2,1,Low,Delivered,Normal Delivery
T26890,2026-01-18,Pragati  tripathi,Lucknow,250ml Glass Baby Feeding Temperature Sensing Baby Bottle | Color Changing Silicon Sleeve - + Flow ( 10+ months ) / Blue,Baby Bottle,UPI,829,3,1,Low,Delivered,Normal Delivery
T26889,2026-01-18,Kajal thallapalli,Mumbai,125ml Glass Baby Feeding Temperature Sensing Baby Bottle | Color Changing Silicon Sleeve - M Flow ( 3-6 months ) / Pink,Baby Bottle,UPI,729,2,3,Low,Delivered,Normal Delivery
T26888,2026-01-18,Khushpreet kaur sidhu,Mohali,250ml Glass Baby Feeding Temperature Sensing Baby Bottle | Color Changing Silicon Sleeve - M Flow ( 6-10 months ) / Blue,Baby Bottle,COD,888,0,1,Medium,Delivered,Call Customer
T26887,2026-01-18,Mamta -,Ambala,Set of 3 GlassUp ( 500ml ) Lunch Box with Bag,500ml Lunch Box,UPI,2229,4,3,Low,Delivered,Normal Delivery
T26886,2026-01-18,Siba Ranjan  Jena,Gunupur,"Borosilicate Glass Water Bottle with Protective Silicone Sleeve, 750 ml - Power Blue",Water Bottle,UPI,779,2,1,Low,Delivered,Normal Delivery
T26885,2026-01-18,Madhuri katekar,Pune,125ml Glass Baby Feeding Temperature Sensing Baby Bottle | Color Changing Silicon Sleeve - M Flow ( 3-6 months ) / Pink,Baby Bottle,UPI,729,2,3,Low,Delivered,Normal Delivery
T26884,2026-01-18,Rhea ann,Srinagar,"1Â Litre , Motivational Glass Sipper Bottle - Gravity Gray",1L Water Bottle,UPI,979,0,2,Low,Delivered,Normal Delivery
T26883,2026-01-18,Anal mehta,Mumbai,"Borosilicate Glass Water Bottle with Protective Silicone Sleeve, 750 ml - Energy Red",Water Bottle,COD,838,1,1,Medium,Delivered,Call Customer
T26882,2026-01-18,Vaibhavi datar,Pune,"Customized Borosilicate Glass Bottle , 750 ml - Energy Red",Water Bottle,UPI,2876,3,1,Low,Delivered,Normal Delivery
T26881,2026-01-18,Anuradha manivannan,Karnataka,"Borosilicate Glass Water Bottle with Protective Silicone Sleeve, 750 ml - Grey & Blue",Water Bottle,UPI,3068,1,2,Low,Delivered,Normal Delivery
T26880,2026-01-18,Eram Shaikh,Navi Mumbai,125ml Glass Baby Feeding Temperature Sensing Baby Bottle | Color Changing Silicon Sleeve - S Flow ( 0-3 months ) / Pink,Baby Bottle,UPI,729,4,3,Low,Delivered,Normal Delivery
T26879,2026-01-18,Anika kaundal,Gwalior,250ml Glass Baby Feeding Temperature Sensing Baby Bottle | Color Changing Silicon Sleeve - M Flow ( 6-10 months ) / Pink,Baby Bottle,COD,888,2,2,Medium,Delivered,Normal Delivery
T26878,2026-01-18,harshna pujara,Mumbai,Set of 3 GlassUp ( 500ml ) Lunch Box - Coral Green & Arctic Blue & Marine Grey,500ml Lunch Box,COD,2238,0,4,Medium,Delivered,Call Customer
T26877,2026-01-18,Mitali Chauhan,Sheoganj,250ml Glass Baby Feeding Temperature Sensing Baby Bottle | Color Changing Silicon Sleeve - M Flow ( 6-10 months ) / Pink,Baby Bottle,COD,849,0,1,High,Delivered,Call Customer
T26876,2026-01-18,Srushti gupta,Bangalore,"TintCup Borosilicate Glass Coffee Cup with Silicone Lid & Grip, 350 ml - Cosmic Purple",Coffee Cups,UPI,739,3,2,Low,Delivered,Normal Delivery
T26875,2026-01-18,Shweta katti,Hubli,"Customized TintCup Borosilicate Glass Coffee Cup with Silicone Lid & Grip, 350 ml - Dashing Blue",Coffee Cups,UPI,829,1,1,Low,Delivered,Normal Delivery
T26874,2026-01-18,Sharada shrestha,Baddi,250ml Glass Baby Feeding Temperature Sensing Baby Bottle | Color Changing Silicon Sleeve - M Flow ( 6-10 months ) / Blue,Baby Bottle,COD,888,3,2,Medium,Delivered,Call Customer
T26873,2026-01-18,Parimal tewari,Navi mumbai,(Spare) BPA Free Spout Lid for TintBox 750ml Borosilicate Glass Water Bottle,Water Bottle,UPI,190,2,3,Low,Delivered,Normal Delivery
T26872,2026-01-18,Anuradha Vempati,Hyderabad,GlassUp 500 ml Borosilicate Glass Lunch Box with Glass Lid & Silicone Sleeve - Blue-Green,500ml Lunch Box,COD,1538,3,1,Medium,Delivered,Normal Delivery
T26871,2026-01-18,Ashokraj Pattar,Bijapur,250ml Glass Baby Feeding Temperature Sensing Baby Bottle | Color Changing Silicon Sleeve - M Flow ( 6-10 months ) / Blue,Baby Bottle,COD,888,0,2,Medium,Delivered,Normal Delivery
T26870,2026-01-18,Parimal Tewari,Navi mumbai,"Borosilicate Glass Water Bottle with Protective Silicone Sleeve, 750 ml - Energy Red",Water Bottle,UPI,779,0,2,Low,Delivered,Normal Delivery
T26869,2026-01-18,Madhulika -,Hyderabad,Set of 2 GlassUp ( 500ml ) Lunch Box - Coral Green & Arctic Blue,500ml Lunch Box,UPI,1479,4,1,Low,Delivered,Normal Delivery
T26868,2026-01-18,Vaibhav Jain,Ghaziabad,"Customized Borosilicate Glass Bottle , 750 ml - Cool Green",Water Bottle,UPI,879,4,1,Low,Delivered,Normal Delivery
T26867,2026-01-18,Nishant rai,New Delhi,"Borosilicate Glass Water Bottle with Protective Silicone Sleeve, 750 ml - Power Blue",Water Bottle,UPI,779,2,1,Low,Delivered,Normal Delivery
T26866,2026-01-18,Kutubkhan yusuf mistry,Bhavnagar,"1Â Litre , Motivational Glass Sipper Bottle - Planet Green & Gravity Gray",1L Water Bottle,COD,7735,1,4,Medium,Delivered,Call Customer
T26865,2026-01-18,Geethu krishna,Ernakulam,Stainless Steel Straws- PackÂ ofÂ 4 - Stainless Steel and Silicone,Straws,UPI,1128,3,1,Low,Delivered,Normal Delivery
T26864,2026-01-18,Aanchal -,Delhi,"Borosilicate Glass Water Bottle with Protective Silicone Sleeve, 750 ml - Energy Red",Water Bottle,COD,838,2,1,Medium,Delivered,Normal Delivery
T26863,2026-01-18,Aniket jain,New Delhi,125ml Glass Baby Feeding Temperature Sensing Baby Bottle | Color Changing Silicon Sleeve - M Flow ( 3-6 months ) / Blue,Baby Bottle,COD,788,4,4,Medium,Delivered,Call Customer
T26862,2026-01-18,Pooja samani,Mumbai,"TintCup Borosilicate Glass Coffee Cup with Silicone Lid & Grip, 350 ml - Cosmic Purple",Coffee Cups,COD,1507,3,1,Medium,Delivered,Normal Delivery
T26861,2026-01-18,Vaishali bankar,Thane,"TintCup Borosilicate Glass Coffee Cup with Silicone Lid & Grip, 350 ml - Mighty Pink",Coffee Cups,COD,798,4,1,Medium,Delivered,Normal Delivery
T26860,2026-01-18,Pooja samani,Mumbai,"Borosilicate Glass Water Bottle with Protective Silicone Sleeve, 750 ml - Grey & Blue",Water Bottle,UPI,1599,3,1,Low,Delivered,Normal Delivery
T26859,2026-01-18,Hasim Khatri,Mumbai,TintCup Borosilicate Glass Coffee CupÂ CoupleÂ Combo - Blue & Grey,Coffee Cups,COD,2337,1,1,Medium,Delivered,Call Customer
T26858,2026-01-18,Jency james,BHOPAL,250ml Glass Baby Feeding Temperature Sensing Baby Bottle | Color Changing Silicon Sleeve - M Flow ( 6-10 months ) / Blue,Baby Bottle,UPI,829,2,1,Low,Delivered,Normal Delivery
T26857,2026-01-18,Mintu -,Hajo,"Borosilicate Glass Water Bottle with Protective Silicone Sleeve, 750 ml - Cool Green",Water Bottle,COD,838,3,3,Medium,Delivered,Call Customer
T26856,2026-01-17,Apeksha jain,Bangalore,"Customized TintCup Borosilicate Glass Coffee Cup with Silicone Lid & Grip, 350 ml - Mighty Pink",Coffee Cups,UPI,829,0,1,Low,Delivered,Normal Delivery
T26855,2026-01-17,Puja Jha,Kolkata,125ml Glass Baby Feeding Temperature Sensing Baby Bottle | Color Changing Silicon Sleeve - M Flow ( 3-6 months ) / Blue,Baby Bottle,UPI,729,0,1,Low,Delivered,Normal Delivery
T26854,2026-01-17,Alison Almeida,Sawantwadi,"Borosilicate Glass Water Bottle with Protective Silicone Sleeve, 750 ml - Grey & Blue",Water Bottle,UPI,3306,3,1,Low,Delivered,Normal Delivery
T26853,2026-01-17,Kamaljeet kaur,Chandigarh,"TintCup Borosilicate Glass Coffee Cup with Silicone Lid & Grip, 350 ml - Wooden Cork Grip",Coffee Cups,UPI,739,3,3,Low,Delivered,Normal Delivery
T26852,2026-01-17,Deeksha bhatia,Noida,"Borosilicate Glass Water Bottle with Protective Silicone Sleeve, 750 ml - Cool Green",Water Bottle,UPI,779,3,1,Low,Delivered,Normal Delivery
T26851,2026-01-17,Ved -,Vadodara,"Customized Borosilicate Glass Bottle , 750 ml - Power Blue",Water Bottle,UPI,879,0,1,Low,Delivered,Normal Delivery
T26850,2026-01-17,Siya pathak,Bangalore,"TintCup Borosilicate Glass Coffee Cup with Silicone Lid & Grip, 350 ml - Mighty Pink",Coffee Cups,UPI,739,0,3,Low,Delivered,Normal Delivery
T26849,2026-01-17,Kajal Juneja,West Delhi,250ml Glass Baby Feeding Temperature Sensing Baby Bottle | Color Changing Silicon Sleeve - M Flow ( 6-10 months ) / Pink,Baby Bottle,UPI,829,3,1,Low,Delivered,Normal Delivery
T26848,2026-01-17,Sahina Yeasmin,Kolkata,250ml Glass Baby Feeding Temperature Sensing Baby Bottle | Color Changing Silicon Sleeve - M Flow ( 6-10 months ) / Blue,Baby Bottle,COD,888,6,1,Medium,Delivered,Call Customer
T26847,2026-01-17,Sanju Makwana,Sihor rajiv nagar,125ml Glass Baby Feeding Temperature Sensing Baby Bottle | Color Changing Silicon Sleeve - M Flow ( 3-6 months ) / Blue,Baby Bottle,COD,788,4,2,Medium,Returned,Call Customer
T26846,2026-01-17,Drishya M,Guruvayoor,250ml Glass Baby Feeding Temperature Sensing Baby Bottle | Color Changing Silicon Sleeve - + Flow ( 10+ months ) / Blue,Baby Bottle,UPI,829,4,1,Low,Delivered,Normal Delivery
T26845,2026-01-17,Pritesh desai,Mumbai,"Borosilicate Glass Water Bottle with Protective Silicone Sleeve, 750 ml - Pulse Yellow",Water Bottle,UPI,779,1,3,Low,Delivered,Normal Delivery
T26844,2026-01-17,Shanthi guruswamy,Hyderabad,TintBox Borosilicate Glass Food Container (300ml)-Set ofÂ 3Â withoutÂ Bag - Blue & Orange & Green,Water Bottle Combo,UPI,1679,2,2,Low,Delivered,Normal Delivery
T26843,2026-01-17,Sanskar chauhan,BULANDSHAHR,Baby Bottle Teat - Slow (0-6 months),Baby Bottle,UPI,169,4,1,Low,Delivered,Normal Delivery
T26842,2026-01-17,deepti Kharbanda,Mumbai,"Customized TintCup Borosilicate Glass Coffee Cup with Silicone Lid & Grip, 350 ml - Java Brown",Coffee Cups,UPI,1728,0,1,Low,Delivered,Normal Delivery
T26841,2026-01-17,Sushmita  Ravi Shankar,Bengaluru,"Customized Borosilicate Glass Bottle , 750 ml - Atomic Green",Water Bottle,UPI,879,4,3,Low,Delivered,Normal Delivery
T26840,2026-01-17,Sumit gote gote,PUNE,"1Â Litre , Motivational Glass Sipper Bottle - Gravity Gray",1L Water Bottle,COD,1038,1,4,Medium,Returned,Call Customer
T26839,2026-01-17,Shilpa Yadav,Pune,"Borosilicate Glass Water Bottle with Protective Silicone Sleeve, 750 ml - Pulse Yellow",Water Bottle,UPI,779,1,3,Low,Delivered,Normal Delivery
T26838,2026-01-17,kamal -,Delhi,GlassUp 500 ml Borosilicate Glass Lunch Box with Glass Lid & Silicone Sleeve - Arctic Blue,500ml Lunch Box,COD,1787,2,3,Medium,Delivered,Call Customer
T26837,2026-01-17,Amar manglani,Burhar,GlassUp 500 ml Borosilicate Glass Lunch Box with Glass Lid & Silicone Sleeve - Arctic Blue,500ml Lunch Box,UPI,729,4,1,Low,Delivered,Normal Delivery
T26836,2026-01-17,Rohith thammaiah,Bangalore,"Borosilicate Glass Lunch Box with Silicone Sleeve, 300 ml - Oasis Blue",300ml Lunch Box,UPI,1478,0,3,Low,Delivered,Normal Delivery
T26835,2026-01-17,Namit  sood,Bengaluru,GlassUp 500 ml Borosilicate Glass Lunch Box with Glass Lid & Silicone Sleeve - Blue-Green-Grey,500ml Lunch Box,UPI,2179,0,3,Low,Delivered,Normal Delivery
T26834,2026-01-17,Sweta Mishra,Faridabad,"Customized TintCup Borosilicate Glass Coffee Cup with Silicone Lid & Grip, 350 ml - Dynamic Grey",Coffee Cups,UPI,829,3,2,Low,Delivered,Normal Delivery
T26833,2026-01-17,Suvi Hiwale,Mumbai,"Borosilicate Glass Water Bottle with Protective Silicone Sleeve, 750 ml - Cool Green",Water Bottle,UPI,779,0,3,Low,Delivered,Normal Delivery
T26832,2026-01-17,Shraddha suhas  lad,Mumbai,Stainless Steel Straws- PackÂ ofÂ 4 - Stainless Steel and Silicone,Straws,UPI,988,2,1,Low,Delivered,Normal Delivery
T26831,2026-01-17,Kanika chhabra,Bangalore,"1Â Litre , Motivational Glass Sipper Bottle - Lunar Blue",1L Water Bottle,UPI,979,2,1,Low,Delivered,Normal Delivery
T26830,2026-01-17,Vaibhav Balkawade,Pune,"Borosilicate Glass Water Bottle with Protective Silicone Sleeve, 750 ml - Cool Green",Water Bottle,UPI,1787,0,1,Low,Delivered,Normal Delivery
T26829,2026-01-17,Kalpana sathish,Chennai,"1Â Litre , Motivational Glass Sipper Bottle - Lunar Blue & Gravity Gray",1L Water Bottle,COD,7735,0,3,Medium,Delivered,Call Customer
T26828,2026-01-17,Jatin bathija,Mumbai,"1Â Litre , Motivational Glass Sipper Bottle - Lunar Blue & Gravity Gray",1L Water Bottle,UPI,1929,3,1,Low,Delivered,Normal Delivery
T26827,2026-01-17,Jaya sundrani,Pune,"Borosilicate Glass Water Bottle with Protective Silicone Sleeve, 750 ml - Cool Green",Water Bottle,UPI,779,0,1,Low,Delivered,Normal Delivery
T26826,2026-01-17,Vickram singh,Nagpur,"1Â Litre , Motivational Glass Sipper Bottle - Lunar Blue & Venus Pink",1L Water Bottle,COD,1988,5,1,Medium,Delivered,Call Customer
T26825,2026-01-17,Monali shriyan,Gurgaon,Set of 3 Borosilicate Glass Lunch box with Canvas Bag - Blue & Orange & Green,500ml Lunch Box,UPI,1929,3,1,Low,Delivered,Normal Delivery
T26824,2026-01-17,Ruchi Zantye,Mumbai,Set of 3 GlassUp ( 500ml ) Lunch Box - Coral Green & Arctic Blue & Marine Grey,500ml Lunch Box,UPI,2179,3,1,Low,Delivered,Normal Delivery
T26823,2026-01-17,Priyanshi Rathore,Delhi,250ml Glass Baby Feeding Temperature Sensing Baby Bottle | Color Changing Silicon Sleeve - M Flow ( 6-10 months ) / Pink,Baby Bottle,COD,888,0,2,Medium,Delivered,Call Customer
T26822,2026-01-17,Pooja bhonsley,Bangalore,"Customized TintCup Borosilicate Glass Coffee Cup with Silicone Lid & Grip, 350 ml - Dynamic Grey",Coffee Cups,UPI,829,1,1,Low,Delivered,Normal Delivery
T26821,2026-01-17,Tadar Yakum,Itanagar,Baby Bottle Teat - Medium (6-10 months),Baby Bottle,COD,977,1,2,Medium,Delivered,Call Customer
T26820,2026-01-17,Priyanka Dubey,Hyderabad,"Customized Borosilicate Glass Bottle , 750 ml - Cool Green",Water Bottle,UPI,879,3,1,Low,Delivered,Normal Delivery
T26819,2026-01-17,Vaibhav kabra,Mumbai,"Customized Borosilicate Glass Bottle , 750 ml - Lightning Grey",Water Bottle,UPI,879,0,1,Low,Delivered,Normal Delivery
T26818,2026-01-17,Sreejaya -,Bangalore,GlassUp 500 ml Borosilicate Glass Lunch Box with Glass Lid & Silicone Sleeve - Marine Grey,500ml Lunch Box,UPI,2277,1,1,Low,Delivered,Normal Delivery
T26817,2026-01-17,Dias -,Panjim,GlassUp 500 ml Borosilicate Glass Lunch Box with Glass Lid & Silicone Sleeve - Arctic Blue,500ml Lunch Box,UPI,729,0,1,Low,Delivered,Normal Delivery
T26816,2026-01-17,Suman  bishnoi,Chandigarh,"Borosilicate Glass Bottle with Protective Silicone Sleeve, 750 ml - Pulse Yellow",Water Bottle,UPI,779,0,1,Low,Delivered,Normal Delivery
T26815,2026-01-17,Rachna Sharma,Mumbai,GlassUp 500 ml Borosilicate Glass Lunch Box with Glass Lid & Silicone Sleeve - Coral Green,500ml Lunch Box,UPI,1528,0,1,Low,Delivered,Normal Delivery
T26814,2026-01-17,BUSHRA TABASSUM,Nagpur,TintBox Borosilicate Glass Food Container (300ml)-Set ofÂ 3Â withoutÂ Bag - Blue & Orange & Green,Water Bottle Combo,COD,1738,4,3,Medium,Delivered,Call Customer
T26813,2026-01-17,Mangesh borale,Pune,"Borosilicate Glass Bottle with Protective Silicone Sleeve, 750 ml - Pulse Yellow",Water Bottle,UPI,1628,0,1,Low,Delivered,Normal Delivery
T26812,2026-01-17,Lekhika Pawar,Mumb-ai,"Customized Borosilicate Glass Bottle , 750 ml - Cool Green",Water Bottle,COD,899,4,4,Medium,Delivered,Call Customer
T26811,2026-01-17,Nandita Nandi,Kolkata,Set of 3 Borosilicate Glass Lunch box with Canvas Bag - Blue & Orange & Green,500ml Lunch Box,COD,3887,3,2,Medium,Delivered,Call Customer
T26810,2026-01-17,Susmita biswas,Kolkata,"TintCup Borosilicate Glass Coffee Cup with Silicone Lid & Grip, 350 ml - Dynamic Grey",Coffee Cups,COD,1507,1,1,Medium,Delivered,Call Customer
T26809,2026-01-17,Minal pankaj bhosale,Ahmednagar,"Borosilicate Glass Bottle with Protective Silicone Sleeve, 750 ml - Grey & Green",Water Bottle,UPI,1619,1,1,Low,Delivered,Normal Delivery
T26808,2026-01-17,Hetvi  Krunal patel,Surat,TintBox Borosilicate Glass Food Container (300ml)-Set ofÂ 3Â withoutÂ Bag - Blue & Orange & Green,Water Bottle Combo,UPI,1699,5,1,Low,Delivered,Normal Delivery
T26807,2026-01-17,Iyer -,Bangalore,Set of 3 Borosilicate Glass Lunch Boxes(300 ml) with Bag &Â BottleÂ (750Â ml) - Power Blue,300ml Lunch Box,UPI,2949,1,1,Low,Delivered,Normal Delivery
T26806,2026-01-17,Palak Chaudhary,Delhi,250ml Glass Baby Feeding Temperature Sensing Baby Bottle | Color Changing Silicon Sleeve - M Flow ( 6-10 months ) / Blue,Baby Bottle,COD,888,1,2,Medium,Delivered,Call Customer
T26805,2026-01-17,Nisha -,Udupi,250ml Glass Baby Feeding Temperature Sensing Baby Bottle | Color Changing Silicon Sleeve - M Flow ( 6-10 months ) / Blue,Baby Bottle,UPI,849,1,1,Low,Delivered,Normal Delivery
T26804,2026-01-17,Prerana  m,Bangalore,125ml Glass Baby Feeding Temperature Sensing Baby Bottle | Color Changing Silicon Sleeve - M Flow ( 3-6 months ) / Blue,Baby Bottle,COD,788,6,1,Medium,Delivered,Call Customer
T26803,2026-01-17,Yamini yami,Nellore,250ml Glass Baby Feeding Temperature Sensing Baby Bottle | Color Changing Silicon Sleeve - M Flow ( 6-10 months ) / Blue,Baby Bottle,UPI,1648,1,1,Low,Delivered,Normal Delivery
T26802,2026-01-17,Mallika saha,Bhubaneshwar,Set of 2 GlassUp ( 500ml ) Lunch Box - Marine Grey & Coral Green,500ml Lunch Box,COD,1538,1,1,Medium,Delivered,Call Customer
T26801,2026-01-17,Amanjyot sandhu,Bathinda,Set of 3 GlassUp ( 500ml ) Lunch Box with Bag,500ml Lunch Box,UPI,2249,3,1,Low,Delivered,Normal Delivery
T26800,2026-01-17,Sheeya beria,Moranhat,"Borosilicate Glass Bottle with Protective Silicone Sleeve, 750 ml - Cool Green",Water Bottle,COD,838,0,1,Medium,Delivered,Normal Delivery
T26799,2026-01-17,Madhura Jadhav,Pune,"TintCup Borosilicate Glass Coffee Cup with Silicone Lid & Grip, 350 ml - Mighty Pink",Coffee Cups,COD,798,2,2,Medium,Delivered,Normal Delivery
T26798,2026-01-17,Arif ahmed,Tumkur,GlassUp 500 ml Borosilicate Glass Lunch Box with Glass Lid & Silicone Sleeve - Coral Green,500ml Lunch Box,COD,1587,12,3,Medium,Returned,Call Customer
T26797,2026-01-17,Ashish Raj Arora,Kolkata,"Customized Borosilicate Glass Bottle , 750 ml - Pulse Yellow",Water Bottle,UPI,899,2,1,Low,Delivered,Normal Delivery
T26796,2026-01-17,Prasad Dharmadhikari,Mumbai,"1Â Litre , Motivational Glass Sipper Bottle - Gravity Gray",1L Water Bottle,UPI,999,2,1,Low,Delivered,Normal Delivery
T26795,2026-01-17,Ishpal Arora,Andheri East,"1Â Litre , Motivational Glass Sipper Bottle - Lunar Blue & Gravity Gray",1L Water Bottle,UPI,1949,0,1,Low,Delivered,Normal Delivery
T26794,2026-01-17,Sana m,Mumbai,"TintCup Borosilicate Glass Coffee Cup with Silicone Lid & Grip, 350 ml - Dashing Blue",Coffee Cups,UPI,1468,0,1,Low,Delivered,Normal Delivery
T26793,2026-01-16,Jabina Taj,Bangalore,"Borosilicate Glass Bottle with Protective Silicone Sleeve, 750 ml - Cool Green",Water Bottle,COD,2337,6,1,Medium,Delivered,Call Customer
T26792,2026-01-16,Vasundhara singh,Pune,TintBox Borosilicate Glass Food Container (300ml)-Set ofÂ 3Â withoutÂ Bag - Blue & Orange & Green,Water Bottle Combo,UPI,2448,6,1,Low,Delivered,Normal Delivery
T26791,2026-01-16,Shashank dalvi,Mumbai,Baby Bottle Teat - Slow (0-6 months),Baby Bottle,UPI,1737,0,1,Low,Delivered,Normal Delivery
T26790,2026-01-16,Ashwini gaikwad,Mumbai,"TintCup Borosilicate Glass Coffee Cup with Silicone Lid & Grip, 350 ml - Cosmic Purple",Coffee Cups,UPI,1608,1,1,Low,Delivered,Normal Delivery
T26789,2026-01-16,Nayna rajput,Akhnoor,250ml Glass Baby Feeding Temperature Sensing Baby Bottle | Color Changing Silicon Sleeve - + Flow ( 10+ months ) / Blue,Baby Bottle,COD,888,3,1,Medium,Delivered,Call Customer
T26788,2026-01-16,BEER SINGH PAMAR,Kanpur,250ml Glass Baby Feeding Temperature Sensing Baby Bottle | Color Changing Silicon Sleeve - M Flow ( 6-10 months ) / Blue,Baby Bottle,COD,888,1,4,Medium,Delivered,Call Customer
T26787,2026-01-16,Aparna Gajanan Pawar,Vasai,"Borosilicate Glass Bottle with Protective Silicone Sleeve, 750 ml - Cool Green",Water Bottle,UPI,799,3,1,Low,Delivered,Normal Delivery
T26786,2026-01-16,Sabnam Sultana,Dubrajpur,250ml Glass Baby Feeding Temperature Sensing Baby Bottle | Color Changing Silicon Sleeve - + Flow ( 10+ months ) / Pink,Baby Bottle,COD,888,3,1,Medium,Delivered,Normal Delivery
T26785,2026-01-16,Sabnam Sultana,Dubrajpur,125ml Glass Baby Feeding Temperature Sensing Baby Bottle | Color Changing Silicon Sleeve - M Flow ( 3-6 months ) / Pink,Baby Bottle,COD,788,5,1,Medium,Delivered,Call Customer
T26784,2026-01-16,Kajal Raimalani,Mumbai,"Borosilicate Glass Bottle with Protective Silicone Sleeve, 750 ml - Grey & Blue",Water Bottle,UPI,1619,2,3,Low,Delivered,Normal Delivery
T26783,2026-01-16,Payal Chengappa,Bangalore,"1Â Litre , Motivational Glass Sipper Bottle - Planet Green",1L Water Bottle,UPI,999,2,1,Low,Delivered,Normal Delivery
T26782,2026-01-16,Madhuri tambe,Mumbai,TintBox Borosilicate Glass Food Container (300ml)-Set ofÂ 3Â withoutÂ Bag - 3 Blue,Water Bottle Combo,UPI,1699,3,3,Low,Delivered,Normal Delivery
T26781,2026-01-16,Abhishek Jeevan,Pune,Customized 1Â Litre Bottle - Gravity Gray,1L Water Bottle,UPI,1149,3,1,Low,Delivered,Normal Delivery
T26780,2026-01-16,Sanskar chauhan,BULANDSHAHR,250ml Glass Baby Feeding Temperature Sensing Baby Bottle | Color Changing Silicon Sleeve - M Flow ( 6-10 months ) / Blue,Baby Bottle,UPI,849,5,1,Low,Delivered,Normal Delivery
T26779,2026-01-16,Jay Bambhania,Vadodara,"Borosilicate Glass Bottle with Protective Silicone Sleeve, 750 ml - Cool Green",Water Bottle,UPI,799,1,3,Low,Delivered,Normal Delivery
T26778,2026-01-16,Ruby Vaz,Mumbai,TintBox Borosilicate Glass Food Container (300ml)-Set ofÂ 3Â withoutÂ Bag - Blue & Orange & Green,Water Bottle Combo,COD,1738,5,1,Medium,Delivered,Call Customer
T26777,2026-01-16,Sneha Narvekar,Navi mumbai,Set of 2 Borosilicate Glass Lunch box with Canvas Bag - Oasis Blue,500ml Lunch Box,UPI,1449,1,1,Low,Delivered,Normal Delivery
T26776,2026-01-16,Mina patel,Ahmedabad,Set of 2 Grey GlassUp ( 500ml ) Lunch Box with Bag & Bottle - Energy Red,500ml Lunch Box,COD,4687,6,1,Medium,Delivered,Call Customer
T26775,2026-01-16,Tina M,Bengaluru,250ml Glass Baby Feeding Temperature Sensing Baby Bottle | Color Changing Silicon Sleeve - M Flow ( 6-10 months ) / Blue,Baby Bottle,COD,849,2,2,Medium,Delivered,Call Customer
T26774,2026-01-16,Mandeep vasan,Mumbai,GlassUp 500 ml Borosilicate Glass Lunch Box with Glass Lid & Silicone Sleeve - Coral Green,500ml Lunch Box,COD,788,0,3,Medium,Delivered,Normal Delivery
T26773,2026-01-16,Anik ghosh,Silchar,"Borosilicate Glass Bottle with Protective Silicone Sleeve, 750 ml - Power Blue",Water Bottle,COD,838,3,2,Medium,Delivered,Normal Delivery
T26772,2026-01-16,Suvina naik,Vasco,125ml Glass Baby Feeding Temperature Sensing Baby Bottle | Color Changing Silicon Sleeve - S Flow ( 0-3 months ) / Pink,Baby Bottle,UPI,749,1,3,Low,Delivered,Normal Delivery
T26771,2026-01-16,Aditya Dsouza,MUMBAI,"Borosilicate Glass Bottle with Protective Silicone Sleeve, 750 ml - Grey & Blue",Water Bottle,UPI,1619,2,2,Low,Delivered,Normal Delivery
T26770,2026-01-16,Shashank sharma,Gurugram,"Customized TintCup Borosilicate Glass Coffee Cup with Silicone Lid & Grip, 350 ml - Mighty Pink",Coffee Cups,UPI,849,1,1,Low,Delivered,Normal Delivery
T26769,2026-01-16,Dolly Walia,Dehradun,"Borosilicate Glass Bottle with Protective Silicone Sleeve, 750 ml - Cool Green",Water Bottle,COD,2937,3,2,Medium,Delivered,Call Customer
T26768,2026-01-16,Beena  buragohain,Silapathar,"TintCup Borosilicate Glass Coffee Cup with Silicone Lid & Grip, 350 ml - Java Brown",Coffee Cups,COD,798,6,1,Medium,Delivered,Call Customer
T26767,2026-01-16,Abhishek Dasgupta,Bangalore,"Borosilicate Glass Bottle with Protective Silicone Sleeve, 750 ml - Cool Green",Water Bottle,UPI,799,3,3,Low,Delivered,Normal Delivery
T26766,2026-01-16,Kalpesh  tondwalka,Mumbai,250ml Glass Baby Feeding Temperature Sensing Baby Bottle | Color Changing Silicon Sleeve - M Flow ( 6-10 months ) / Pink,Baby Bottle,UPI,849,4,3,Low,Delivered,Normal Delivery
T26765,2026-01-16,Mahinder singh bisht,Delhi,"Borosilicate Glass Bottle with Protective Silicone Sleeve, 750 ml - Energy Red",Water Bottle,UPI,3146,0,3,Low,Delivered,Normal Delivery
T26764,2026-01-16,Pooja Dalal,Mumbai,GlassUp 500 ml Borosilicate Glass Lunch Box with Glass Lid & Silicone Sleeve - Coral Green,500ml Lunch Box,UPI,799,4,2,Low,Delivered,Normal Delivery
T26763,2026-01-16,Omer Mohiuddin,Hyderabad,"Borosilicate Glass Bottle with Protective Silicone Sleeve, 750 ml - Power Blue",Water Bottle,UPI,799,2,2,Low,Delivered,Normal Delivery
T26762,2026-01-16,Nayan Sandesh Thorat,RAIGAD,Set of 2 GlassUp ( 500ml ) Lunch Box with Bag & Bottle - Cool Green,500ml Lunch Box,COD,3788,1,2,Medium,Delivered,Call Customer
T26761,2026-01-16,Isha  sachdeva,Pitampura,250ml Glass Baby Feeding Temperature Sensing Baby Bottle | Color Changing Silicon Sleeve - M Flow ( 6-10 months ) / Pink,Baby Bottle,UPI,849,2,2,Low,Delivered,Normal Delivery
T26760,2026-01-16,Mehfooz a n,Navi mumbai,250ml Glass Baby Feeding Temperature Sensing Baby Bottle | Color Changing Silicon Sleeve - M Flow ( 6-10 months ) / Pink,Baby Bottle,COD,888,6,1,Medium,Delivered,Call Customer
T26759,2026-01-16,Nikita Jain,Gurugram,250ml Glass Baby Feeding Temperature Sensing Baby Bottle | Color Changing Silicon Sleeve - M Flow ( 6-10 months ) / Blue,Baby Bottle,UPI,849,3,2,Low,Delivered,Normal Delivery
T26758,2026-01-16,Rohan Tiwari,Greater noida west,Set of 3 GlassUp ( 500ml ) Lunch Box with Bag,500ml Lunch Box,COD,2288,4,2,Medium,Delivered,Call Customer
T26757,2026-01-16,ajay thakur,Noida,"Customized Borosilicate Glass Bottle , 750 ml - Pulse Yellow",Water Bottle,UPI,899,4,1,Low,Delivered,Normal Delivery
T26756,2026-01-16,Jyoti Ashtaputre,Greater thane,TintBox Borosilicate Glass Food Container (300ml)-Set ofÂ 3Â withoutÂ Bag - Blue & Orange & Green,Water Bottle Combo,UPI,1699,4,3,Low,Delivered,Normal Delivery
T26755,2026-01-16,RESHMA PRASHANT DOLAS,Greater thane,"Borosilicate Glass Bottle Duo with Protective Silicone Sleeve, 750 ml - Grey & Blue",Water Bottle Combo,COD,7175,2,4,Medium,Delivered,Call Customer
T26754,2026-01-16,Amit kumar,Ballia,"Borosilicate Glass Bottle with Protective Silicone Sleeve, 750 ml - Cool Green",Water Bottle,COD,838,3,1,Medium,Delivered,Normal Delivery
T26753,2026-01-16,Akarshit bhardwaj,Jammu,"Borosilicate Glass Bottle with Protective Silicone Sleeve, 750 ml - Pulse Yellow",Water Bottle,COD,838,1,4,Medium,Delivered,Call Customer
T26752,2026-01-16,Priya shah,Mumbai,Set of 3 GlassUp ( 500ml ) Lunch Box with Bag,500ml Lunch Box,UPI,2249,5,1,Low,Returned,Refund Initiated
T26751,2026-01-16,Sneha tiwari,New Delhi,Set of 2 GlassUp ( 500ml ) Lunch Box with Bag & Bottle - Power Blue,500ml Lunch Box,UPI,2599,1,2,Low,Delivered,Normal Delivery
T26750,2026-01-16,Srishti soumya,Gurgaon,125ml Glass Baby Feeding Temperature Sensing Baby Bottle | Color Changing Silicon Sleeve - S Flow ( 0-3 months ) / Blue,Baby Bottle,UPI,749,2,1,Low,Delivered,Normal Delivery
T26749,2026-01-16,Shubham anand sharnagat,Kolkata,Set of 3 Borosilicate Glass Lunch Boxes(300 ml) with Bag &Â BottleÂ (750Â ml) - Lightning Grey,300ml Lunch Box,UPI,2949,4,1,Low,Delivered,Normal Delivery
T26748,2026-01-16,Priyamvada saxena,Bhopal,"1Â Litre , Motivational Glass Sipper Bottle - Lunar Blue & Venus Pink",1L Water Bottle,COD,3507,0,1,Medium,Delivered,Call Customer
T26747,2026-01-16,Parthvi patel,Surat,"1Â Litre , Motivational Glass Sipper Bottle - Planet Green & Gravity Gray",1L Water Bottle,COD,1988,2,1,Medium,Delivered,Call Customer
T26746,2026-01-16,KRN RAJESHKUMAR MP,NAMAKKAL,"Customized TintCup Borosilicate Glass Coffee Cup with Silicone Lid & Grip, 350 ml - Java Brown",Coffee Cups,UPI,849,2,1,Low,Delivered,Normal Delivery
T26745,2026-01-16,Manoj Krishna,Hyderabad,Set of 3 Borosilicate Glass Lunch box with Canvas Bag - Blue & Orange & Green,500ml Lunch Box,UPI,1949,3,1,Low,Delivered,Normal Delivery
T26744,2026-01-16,Maitri rita,Mumbai,TintBox Borosilicate Glass Food Container (300ml)-Set ofÂ 3Â withoutÂ Bag - Blue & Orange & Green,Water Bottle Combo,COD,4686,1,1,Medium,Delivered,Call Customer
T26743,2026-01-16,Stuti shethia,Valsad,Set of 3 GlassUp ( 500ml ) Lunch Box - Arctic Blue,500ml Lunch Box,COD,2238,2,3,Medium,Delivered,Normal Delivery
T26742,2026-01-16,Datta -,Noida,125ml Glass Baby Feeding Temperature Sensing Baby Bottle | Color Changing Silicon Sleeve - M Flow ( 3-6 months ) / Blue,Baby Bottle,COD,788,2,2,Medium,Delivered,Call Customer
T26741,2026-01-16,Surinder kaur,Pune,TintBox Borosilicate Glass Food Container (300ml)-Set ofÂ 3Â withoutÂ Bag - Blue & Orange & Green,Water Bottle Combo,UPI,1699,4,1,Low,Delivered,Normal Delivery
T26740,2026-01-16,Hemlata vashistha,Pune,"Borosilicate Glass Bottle with Protective Silicone Sleeve, 750 ml - Cool Green",Water Bottle,UPI,799,4,1,Low,Delivered,Normal Delivery
T26739,2026-01-16,Kachnar Varma,ALLAHABAD,Set of 3 Borosilicate Glass Lunch box with Canvas Bag - Blue & Orange & Green,500ml Lunch Box,COD,1988,0,4,Medium,Delivered,Call Customer
T26738,2026-01-16,Indraneel saha,KOLKATA,"Customized Borosilicate Glass Bottle , 750 ml - Power Blue",Water Bottle,UPI,899,3,1,Low,Delivered,Normal Delivery
T26737,2026-01-16,Yogesh Aradhya,Bangalore,"Borosilicate Glass Bottle with Protective Silicone Sleeve, 750 ml - Pulse Yellow",Water Bottle,UPI,799,0,2,Low,Delivered,Normal Delivery
T26736,2026-01-16,Ashmitha sunil,DAKSHINA KANNADA,125ml Glass Baby Feeding Temperature Sensing Baby Bottle | Color Changing Silicon Sleeve - M Flow ( 3-6 months ) / Blue,Baby Bottle,COD,788,4,2,Medium,Delivered,Call Customer
T26735,2026-01-16,Dhwani shah,Surat,125ml Glass Baby Feeding Temperature Sensing Baby Bottle | Color Changing Silicon Sleeve - M Flow ( 3-6 months ) / Pink,Baby Bottle,UPI,3013,1,2,Low,Delivered,Normal Delivery
T26734,2026-01-16,Sunil Chella,New Delhi,"Borosilicate Glass Bottle with Protective Silicone Sleeve, 750 ml - Pulse Yellow",Water Bottle,UPI,799,4,3,Low,Delivered,Normal Delivery
T26733,2026-01-16,Sheetal kedia,Mumbai,"1Â Litre , Motivational Glass Sipper Bottle - Venus Pink",1L Water Bottle,UPI,999,3,3,Low,Delivered,Normal Delivery
T26732,2026-01-16,Khushi Agrawal,PUNE,Set of 2 GlassUp ( 500ml ) Lunch Box with Bag - Coral Green,500ml Lunch Box,UPI,1749,4,3,Low,Delivered,Normal Delivery
T26731,2026-01-16,shrabani Ghosh,Nadia,250ml Glass Baby Feeding Temperature Sensing Baby Bottle | Color Changing Silicon Sleeve - M Flow ( 6-10 months ) / Blue,Baby Bottle,COD,888,3,1,Medium,Delivered,Call Customer
T26730,2026-01-16,Nayana walia,MUMBAI,GlassUp 500 ml Borosilicate Glass Lunch Box with Glass Lid & Silicone Sleeve - Coral Green,500ml Lunch Box,UPI,749,3,3,Low,Delivered,Normal Delivery
T26729,2026-01-16,Gayatri pathak,Navsari,125ml Glass Baby Feeding Temperature Sensing Baby Bottle | Color Changing Silicon Sleeve - S Flow ( 0-3 months ) / Blue,Baby Bottle,UPI,749,3,2,Low,Delivered,Normal Delivery
T26728,2026-01-16,Mohit sharma,Delhi,"Borosilicate Glass Bottle with Protective Silicone Sleeve, 750 ml - Cool Green",Water Bottle,UPI,799,3,1,Low,Delivered,Normal Delivery
T26727,2026-01-16,Naveesha srivastava,Mahmudabad,250ml Glass Baby Feeding Temperature Sensing Baby Bottle | Color Changing Silicon Sleeve - M Flow ( 6-10 months ) / Pink,Baby Bottle,UPI,1038,3,3,Low,Delivered,Normal Delivery
T26726,2026-01-16,Manthripragada sai pranav balaji,Bhuvanagiri,"Borosilicate Glass Bottle with Protective Silicone Sleeve, 750 ml - Lightning Grey",Water Bottle,UPI,799,1,3,Low,Delivered,Normal Delivery
T26725,2026-01-16,abhishek -,Delhi,"TintCup Borosilicate Glass Coffee Cup with Silicone Lid & Grip, 350 ml - Wooden Cork Grip",Coffee Cups,COD,722,0,3,Medium,Delivered,Call Customer
T26724,2026-01-16,Navin Kumar,Chennai,Baby Bottle Teat - Slow (0-6 months),Baby Bottle,UPI,189,2,2,Low,Returned,Normal Delivery
T26723,2026-01-16,Shikha agarwal,Rajgarh,125ml Glass Baby Feeding Temperature Sensing Baby Bottle | Color Changing Silicon Sleeve - S Flow ( 0-3 months ) / Pink,Baby Bottle,COD,788,0,4,Medium,Delivered,Call Customer
T26722,2026-01-15,Priyanka patil,Bangalore,250ml Glass Baby Feeding Temperature Sensing Baby Bottle | Color Changing Silicon Sleeve - M Flow ( 6-10 months ) / Blue,Baby Bottle,UPI,1608,3,1,Low,Delivered,Normal Delivery
T26721,2026-01-15,Vijayanand mukka mukka,Gulbarga,"Borosilicate Glass Bottle with Protective Silicone Sleeve, 750 ml - Pulse Yellow",Water Bottle,UPI,799,1,1,Low,Delivered,Normal Delivery
T26720,2026-01-15,Mamta yadav,Mumbai,"Borosilicate Glass Bottle with Protective Silicone Sleeve, 750 ml - Pulse Yellow",Water Bottle,UPI,799,4,3,Low,Delivered,Normal Delivery
T26719,2026-01-15,Shivam bansal,Gurgaon,"Borosilicate Glass Bottle with Protective Silicone Sleeve, 750 ml - Atomic Green",Water Bottle,UPI,799,1,2,Low,Delivered,Normal Delivery
T26718,2026-01-15,Gaurav aneja,Jalalabad,"Borosilicate Glass Bottle with Protective Silicone Sleeve, 750 ml - Power Blue",Water Bottle,COD,838,3,3,Medium,Delivered,Normal Delivery
T26717,2026-01-15,SRINADH THUMATI,Bangalore,"Borosilicate Glass Bottle with Protective Silicone Sleeve, 750 ml - Pulse Yellow",Water Bottle,UPI,799,1,3,Low,Delivered,Normal Delivery
T26716,2026-01-15,Akshay Vyas,Solapur,Set of 3 Borosilicate Glass Lunch Boxes(300 ml) with Bag &Â BottleÂ (750Â ml) - Lightning Grey,300ml Lunch Box,UPI,2949,1,2,Low,Delivered,Normal Delivery
T26715,2026-01-15,Gaurav goyal,Bangalore,"Borosilicate Glass Bottle with Protective Silicone Sleeve, 750 ml - Cool Green",Water Bottle,UPI,799,3,3,Low,Delivered,Normal Delivery
T26714,2026-01-15,Harshal  Jain,Thane,GlassUp 500 ml Borosilicate Glass Lunch Box with Glass Lid & Silicone Sleeve - Arctic Blue,500ml Lunch Box,COD,1587,1,1,Medium,Delivered,Normal Delivery
T26713,2026-01-15,Anjana kumari,Bangalore,"Customized TintCup Borosilicate Glass Coffee Cup with Silicone Lid & Grip, 350 ml - Mighty Pink",Coffee Cups,UPI,1148,2,1,Low,Delivered,Normal Delivery
T26712,2026-01-15,Nidhi khemka,Noida,250ml Glass Baby Feeding Temperature Sensing Baby Bottle | Color Changing Silicon Sleeve - + Flow ( 10+ months ) / Pink,Baby Bottle,COD,888,2,3,Medium,Delivered,Normal Delivery
T26711,2026-01-15,Vishwa Patel,Kadi,"Customized TintCup Borosilicate Glass Coffee Cup with Silicone Lid & Grip, 350 ml - Java Brown",Coffee Cups,UPI,849,1,1,Low,Delivered,Normal Delivery
T26710,2026-01-15,Pawankalyan -,Bangalore,"Borosilicate Glass Bottle with Protective Silicone Sleeve, 750 ml - Lightning Grey",Water Bottle,UPI,799,4,3,Low,Delivered,Normal Delivery
T26709,2026-01-15,sitapur -,Sitapur,125ml Glass Baby Feeding Temperature Sensing Baby Bottle | Color Changing Silicon Sleeve - S Flow ( 0-3 months ) / Pink,Baby Bottle,COD,788,3,3,Medium,Delivered,Call Customer
T26708,2026-01-15,Anand akhouri,Gurgaon,"Customized Borosilicate Glass Bottle , 750 ml - Lightning Grey",Water Bottle,UPI,899,2,1,Low,Delivered,Normal Delivery
T26707,2026-01-15,Chitra verma,Hisar,"Borosilicate Glass Bottle with Protective Silicone Sleeve, 750 ml - Power Blue",Water Bottle,COD,838,4,2,Medium,Delivered,Call Customer
T26706,2026-01-15,Dr .,Davangere,"Borosilicate Glass Bottle with Protective Silicone Sleeve, 750 ml - Cool Green",Water Bottle,UPI,799,1,2,Low,Delivered,Normal Delivery
T26705,2026-01-15,Vishal Somal,Mumbai,"Borosilicate Glass Bottle with Protective Silicone Sleeve, 750 ml - Cool Green",Water Bottle,UPI,799,4,1,Low,Delivered,Normal Delivery
T26704,2026-01-15,Bhagyashree  jambhulkar,Pune,"TintCup Borosilicate Glass Coffee Cup with Silicone Lid & Grip, 350 ml - Mighty Pink",Coffee Cups,UPI,759,0,3,Low,Delivered,Normal Delivery
T26703,2026-01-15,Babita dua,Delhi,125ml Glass Baby Feeding Temperature Sensing Baby Bottle | Color Changing Silicon Sleeve - S Flow ( 0-3 months ) / Blue,Baby Bottle,UPI,749,2,1,Low,Delivered,Normal Delivery
T26702,2026-01-15,Anushree kothari,MUMBAI,Baby Bottle Teat - Slow (0-6 months),Baby Bottle,UPI,189,1,3,Low,Delivered,Normal Delivery
T26701,2026-01-15,Rajendra shukre,AHMED NAGAR,"Borosilicate Glass Bottle with Protective Silicone Sleeve, 750 ml - Energy Red",Water Bottle,UPI,2297,3,1,Low,Delivered,Normal Delivery
T26700,2026-01-15,Anjali Shukla,Bangalore,"TintCup Borosilicate Glass Coffee Cup with Silicone Lid & Grip, 350 ml - Dynamic Grey",Coffee Cups,UPI,1468,1,2,Low,Delivered,Normal Delivery
T26699,2026-01-15,Dolly Walia,Dehradun,Set of 3 GlassUp ( 500ml ) Lunch Box - Coral Green & Arctic Blue & Marine Grey,500ml Lunch Box,COD,2238,3,1,Medium,Delivered,Normal Delivery
T26698,2026-01-15,Simmy solanki,Delhi,125ml Glass Baby Feeding Temperature Sensing Baby Bottle | Color Changing Silicon Sleeve - M Flow ( 3-6 months ) / Pink,Baby Bottle,UPI,749,1,1,Low,Delivered,Normal Delivery
T26697,2026-01-15,Kunal Khatri,BIKANER,"TintCup Borosilicate Glass Coffee Cup with Silicone Lid & Grip, 350 ml - Java Brown",Coffee Cups,UPI,759,4,1,Low,Delivered,Normal Delivery
T26696,2026-01-15,Meenakshi Jacob,Bengaluru,GlassUp 500 ml Borosilicate Glass Lunch Box with Glass Lid & Silicone Sleeve - Coral Green,500ml Lunch Box,COD,1587,4,2,Medium,Delivered,Normal Delivery
T26695,2026-01-15,Kunal Khatri,BIKANER,"TintCup Borosilicate Glass Coffee Cup with Silicone Lid & Grip, 350 ml - Java Brown",Coffee Cups,UPI,759,4,1,Low,Delivered,Normal Delivery
T26694,2026-01-15,Heena khan,RAIGAD,250ml Glass Baby Feeding Temperature Sensing Baby Bottle | Color Changing Silicon Sleeve - M Flow ( 6-10 months ) / Blue,Baby Bottle,UPI,849,0,2,Low,Delivered,Normal Delivery
T26693,2026-01-15,Sunita Chauhan,Pune,"Borosilicate Glass Bottle with Protective Silicone Sleeve, 750 ml - Cool Green",Water Bottle,UPI,799,3,3,Low,Delivered,Normal Delivery
T26692,2026-01-15,Sonika Hablani,Bangalore,"Customized TintCup Borosilicate Glass Coffee Cup with Silicone Lid & Grip, 350 ml - Dashing Blue",Coffee Cups,UPI,849,4,1,Low,Delivered,Normal Delivery
T26691,2026-01-15,Prashant kumar,Hyderabad,Set of 3 Borosilicate Glass Lunch Boxes(300 ml) with Bag &Â BottleÂ (750Â ml) - Power Blue,300ml Lunch Box,COD,2988,6,1,Medium,Delivered,Call Customer
T26690,2026-01-15,Ankita gandhi,Phlatan,"Borosilicate Glass Bottle with Protective Silicone Sleeve, 750 ml - Atomic Green",Water Bottle,COD,838,0,3,Medium,Delivered,Call Customer
T26689,2026-01-15,krishna .,Mumbai,"Borosilicate Glass Bottle with Protective Silicone Sleeve, 750 ml - Cool Green",Water Bottle,COD,1687,3,2,Medium,Delivered,Normal Delivery
T26688,2026-01-15,Shweta pandey,Mumbai,"Borosilicate Glass Bottle with Protective Silicone Sleeve, 750 ml - Pulse Yellow",Water Bottle,UPI,799,1,1,Low,Delivered,Normal Delivery
T26687,2026-01-15,Bindi karia,Mumbai,"Borosilicate Glass Bottle with Protective Silicone Sleeve, 750 ml - Pulse Yellow",Water Bottle,UPI,799,0,3,Low,Delivered,Normal Delivery
T26686,2026-01-15,Riddhi Sawant,Mumbai,125ml Glass Baby Feeding Temperature Sensing Baby Bottle | Color Changing Silicon Sleeve - M Flow ( 3-6 months ) / Pink,Baby Bottle,COD,838,2,2,Medium,Delivered,Normal Delivery
T26685,2026-01-15,Archana ashok gurav,MUMBAI,"Borosilicate Glass Bottle with Protective Silicone Sleeve, 750 ml - Atomic Green",Water Bottle,UPI,799,0,1,Low,Delivered,Normal Delivery
T26684,2026-01-15,Vinith Kumar,Warangal,125ml Glass Baby Feeding Temperature Sensing Baby Bottle | Color Changing Silicon Sleeve - S Flow ( 0-3 months ) / Blue,Baby Bottle,COD,788,0,4,Medium,Delivered,Call Customer
T26683,2026-01-15,Smitha -,Bangalore,"Borosilicate Glass Lunch Box with Silicone Sleeve, 300 ml - Oasis Blue",300ml Lunch Box,UPI,2097,3,2,Low,Delivered,Normal Delivery
T26682,2026-01-15,Deepika trivedi,Mumbai,"1Â Litre , Motivational Glass Sipper Bottle - Venus Pink",1L Water Bottle,UPI,3607,1,2,Low,Delivered,Normal Delivery
T26681,2026-01-15,Vasudha chandan j,Bangalore,"Borosilicate Glass Bottle with Protective Silicone Sleeve, 750 ml - Grey & Blue",Water Bottle,UPI,1619,2,3,Low,Delivered,Normal Delivery
T26680,2026-01-15,Revati Joshi,Mumbai,Set of 2 GlassUp ( 500ml ) Lunch Box - Coral Green,500ml Lunch Box,UPI,2848,4,3,Low,Delivered,Normal Delivery
T26679,2026-01-15,Archana  vaidya,Thane,"Customized TintCup Borosilicate Glass Coffee Cup with Silicone Lid & Grip, 350 ml - Dashing Blue",Coffee Cups,UPI,849,4,1,Low,Delivered,Normal Delivery
T26678,2026-01-15,Shalini sharda,Delhi,"TintCup Borosilicate Glass Coffee Cup with Silicone Lid & Grip, 350 ml - Wooden Cork Grip",Coffee Cups,UPI,759,0,1,Low,Delivered,Normal Delivery
T26677,2026-01-15,Pratik Deshmukh,Pune,"Borosilicate Glass Bottle with Protective Silicone Sleeve, 750 ml - Pulse Yellow",Water Bottle,UPI,799,3,2,Low,Delivered,Normal Delivery
T26676,2026-01-15,Deepthi annepu,Mumbai,"TintCup Borosilicate Glass Coffee Cup with Silicone Lid & Grip, 350 ml - Cosmic Purple",Coffee Cups,UPI,759,3,3,Low,Delivered,Normal Delivery
T26675,2026-01-15,Sameera -,Delhi,250ml Glass Baby Feeding Temperature Sensing Baby Bottle | Color Changing Silicon Sleeve - + Flow ( 10+ months ) / Blue,Baby Bottle,COD,888,4,3,Medium,Returned,Send Reminder
T26674,2026-01-15,Veena Arul,"Ramanathapuram, Coimbatore","Borosilicate Glass Bottle with Protective Silicone Sleeve, 750 ml - Power Blue",Water Bottle,UPI,3146,2,1,Low,Delivered,Normal Delivery
T26673,2026-01-15,Sandeepa kanitkar,Pune,"Customized TintCup Borosilicate Glass Coffee Cup with Silicone Lid & Grip, 350 ml - Dashing Blue",Coffee Cups,UPI,1748,1,1,Low,Delivered,Normal Delivery
T26672,2026-01-15,Dr nidhi jain,Jaipur,"Borosilicate Glass Bottle with Protective Silicone Sleeve, 750 ml - Pulse Yellow",Water Bottle,UPI,799,2,1,Low,Delivered,Normal Delivery
T26671,2026-01-15,Apurva gogate,Bangalore,"TintCup Borosilicate Glass Coffee Cup with Silicone Lid & Grip, 350 ml - Dynamic Grey",Coffee Cups,UPI,1468,1,1,Low,Delivered,Normal Delivery
T26670,2026-01-15,Arghya chowdhury,Baranagar,Set of 3 GlassUp ( 500ml ) Lunch Box with Bag,500ml Lunch Box,COD,2288,4,1,Medium,Delivered,Call Customer
T26669,2026-01-15,Meha sakariya,Mumbai,Set of 3 Borosilicate Glass Lunch Boxes(300 ml) withÂ BottleÂ (750Â ml) - Pulse Yellow,300ml Lunch Box,COD,2788,1,3,Medium,Delivered,Normal Delivery
T26668,2026-01-15,Madhavi Chandkar,Pune,"Customized TintCup Borosilicate Glass Coffee Cup with Silicone Lid & Grip, 350 ml - Java Brown",Coffee Cups,UPI,849,3,2,Low,Delivered,Normal Delivery
T26667,2026-01-15,Shivani dhumal,Narayangaon,125ml Glass Baby Feeding Temperature Sensing Baby Bottle | Color Changing Silicon Sleeve - M Flow ( 3-6 months ) / Pink,Baby Bottle,UPI,1548,0,1,Low,Delivered,Normal Delivery
T26666,2026-01-15,Marushka lobo,Pune,"Customized TintCup Borosilicate Glass Coffee Cup with Silicone Lid & Grip, 350 ml - Dashing Blue",Coffee Cups,UPI,849,0,3,Low,Delivered,Normal Delivery
T26665,2026-01-15,Drarun Pargi,East Nimar,"Borosilicate Glass Bottle Duo with Protective Silicone Sleeve, 750 ml - Grey & Blue",Water Bottle Combo,UPI,2088,4,1,Low,Delivered,Normal Delivery
T26664,2026-01-15,Dr nidhi  khandelwal,Mumbai,"Customized TintCup Borosilicate Glass Coffee Cup with Silicone Lid & Grip, 350 ml - Dashing Blue",Coffee Cups,UPI,1748,3,1,Low,Delivered,Normal Delivery
T26663,2026-01-15,syed quratulain,Jammu,250ml Glass Baby Feeding Temperature Sensing Baby Bottle | Color Changing Silicon Sleeve - M Flow ( 6-10 months ) / Pink,Baby Bottle,COD,888,2,1,Medium,Delivered,Call Customer
T26662,2026-01-15,Dr suvidha sharma,Mohali,250ml Glass Baby Feeding Temperature Sensing Baby Bottle | Color Changing Silicon Sleeve - + Flow ( 10+ months ) / Blue,Baby Bottle,COD,888,3,4,Medium,Delivered,Call Customer
T26661,2026-01-15,Khyati nanavati nanavati,Mumbai,"Customized TintCup Borosilicate Glass Coffee Cup with Silicone Lid & Grip, 350 ml - Java Brown",Coffee Cups,UPI,1748,0,2,Low,Delivered,Normal Delivery
T26660,2026-01-15,Niranjan  prassd  sinha,Bangalore,Set of 3 GlassUp ( 500ml ) Lunch Box - Coral Green & Arctic Blue & Marine Grey,500ml Lunch Box,UPI,2199,0,1,Low,Delivered,Normal Delivery
T26659,2026-01-15,Saba atiq,Jammu,250ml Glass Baby Feeding Temperature Sensing Baby Bottle | Color Changing Silicon Sleeve - M Flow ( 6-10 months ) / Pink,Baby Bottle,COD,888,3,3,Medium,Returned,Send Reminder
T26658,2026-01-15,Ashok kumar,Bangalore,"Borosilicate Glass Bottle with Protective Silicone Sleeve, 750 ml - Power Blue",Water Bottle,UPI,799,3,1,Low,Delivered,Normal Delivery
T26657,2026-01-15,Shrutika sutrave,Pune,"Borosilicate Glass Bottle with Protective Silicone Sleeve, 750 ml - Pulse Yellow",Water Bottle,UPI,799,0,1,Low,Delivered,Normal Delivery
T26656,2026-01-15,Priya -,Chennai,250ml Glass Baby Feeding Temperature Sensing Baby Bottle | Color Changing Silicon Sleeve - M Flow ( 6-10 months ) / Blue,Baby Bottle,COD,888,2,2,Medium,Delivered,Call Customer
T26655,2026-01-15,Ashwini hiremath,Vijayapura,125ml Glass Baby Feeding Temperature Sensing Baby Bottle | Color Changing Silicon Sleeve - M Flow ( 3-6 months ) / Blue,Baby Bottle,COD,1587,4,3,Medium,Delivered,Call Customer
T26654,2026-01-14,Veena arul,COIMBATORE,"Borosilicate Glass Bottle with Protective Silicone Sleeve, 750 ml - Lightning Grey",Water Bottle,UPI,799,4,1,Low,Delivered,Normal Delivery
T26653,2026-01-14,Deepti Singh,Thane,"Customized TintCup Borosilicate Glass Coffee Cup with Silicone Lid & Grip, 350 ml - Mighty Pink",Coffee Cups,UPI,849,3,3,Low,Delivered,Normal Delivery
T26652,2026-01-14,Kunal walia,Dehradun,"TintCup Borosilicate Glass Coffee Cup with Silicone Lid & Grip, 350 ml - Java Brown",Coffee Cups,UPI,759,4,1,Low,Delivered,Normal Delivery
T26651,2026-01-14,Sanya lalla,Gurgaon,250ml Glass Baby Feeding Temperature Sensing Baby Bottle | Color Changing Silicon Sleeve - + Flow ( 10+ months ) / Blue,Baby Bottle,COD,2386,0,3,Medium,Delivered,Call Customer
T26650,2026-01-14,Palak agarwal,Hyderabad,"Borosilicate Glass Bottle with Protective Silicone Sleeve, 750 ml - Power Blue",Water Bottle,UPI,799,0,1,Low,Delivered,Normal Delivery
T26649,2026-01-14,Dr Srinivas Kudva,Mumbai,(Spare) BPA Free Spout Lid for TintBox 750ml Borosilicate Glass Water Bottle,Water Bottle,UPI,210,3,1,Low,Delivered,Normal Delivery
T26648,2026-01-14,Mujeeb Quadri,Hyderabad,"Borosilicate Glass Bottle with Protective Silicone Sleeve, 750 ml - Atomic Green",Water Bottle,COD,838,3,1,Medium,Delivered,Call Customer
T26647,2026-01-14,Sanjeev arcot,Hyderabad,"Borosilicate Glass Bottle with Protective Silicone Sleeve, 750 ml - Grey & Green",Water Bottle,UPI,1619,3,1,Low,Delivered,Normal Delivery
T26646,2026-01-14,Melody Khaute,Bangalore,Baby Bottle Teat - Plus (10+ months),Baby Bottle,COD,1926,2,2,Medium,Delivered,Call Customer
T26645,2026-01-14,Prabhat Kumar Pankaj,Hyderabad,"Borosilicate Glass Bottle with Protective Silicone Sleeve, 750 ml - Pulse Yellow",Water Bottle,COD,2336,4,2,Medium,Delivered,Call Customer
T26644,2026-01-14,Partha sarathy,Bangalore,"Borosilicate Glass Bottle with Protective Silicone Sleeve, 750 ml - Pulse Yellow",Water Bottle,UPI,799,3,4,Low,Returned,Send Reminder
T26643,2026-01-14,Dr Ashnni Rai,Mangalore,"Customized TintCup Borosilicate Glass Coffee Cup with Silicone Lid & Grip, 350 ml - Dynamic Grey",Coffee Cups,UPI,849,1,2,Low,Delivered,Normal Delivery
T26642,2026-01-14,Gulsaba khanam,Delhi,Set of 3 GlassUp ( 500ml ) Lunch Box - Coral Green & Arctic Blue & Marine Grey,500ml Lunch Box,COD,2238,1,3,Medium,Delivered,Call Customer
T26641,2026-01-14,Rahul pratap singh,Kathua,"1Â Litre , Motivational Glass Sipper Bottle - Venus Pink",1L Water Bottle,UPI,999,0,1,Low,Delivered,Normal Delivery
T26640,2026-01-14,Sahil Mendiratta,Central Delhi,"Borosilicate Glass Bottle with Protective Silicone Sleeve, 750 ml - Energy Red",Water Bottle,COD,2336,6,1,Medium,Delivered,Call Customer
T26639,2026-01-14,Sumana Gurunath,Bangalore Urban,Set of 2 GlassUp ( 500ml ) Lunch Box - Marine Grey,500ml Lunch Box,UPI,1499,4,1,Low,Delivered,Normal Delivery
T26638,2026-01-14,Avani modi,Mumbai,Set of 2 GlassUp ( 500ml ) Lunch Box - Marine Grey,500ml Lunch Box,UPI,1499,3,1,Low,Delivered,Normal Delivery
T26637,2026-01-14,Rushikesh Dahale,Thane,"Borosilicate Glass Bottle with Protective Silicone Sleeve, 750 ml - Atomic Green",Water Bottle,UPI,799,1,1,Low,Delivered,Normal Delivery
T26636,2026-01-14,Pranjal shet narvekar,NORTH GOA,"Borosilicate Glass Bottle with Protective Silicone Sleeve, 750 ml - Lightning Grey",Water Bottle,UPI,799,4,1,Low,Delivered,Normal Delivery
T26635,2026-01-14,puja bansal,Mumbai,Set of 3 GlassUp ( 500ml ) Lunch Box with Bag,500ml Lunch Box,UPI,6525,0,1,Low,Delivered,Normal Delivery
T26634,2026-01-14,Rahul agarwal,Bhopal,"TintCup Borosilicate Glass Coffee Cup with Silicone Lid & Grip, 350 ml - Dashing Blue",Coffee Cups,COD,3095,2,2,Medium,Delivered,Normal Delivery
T26633,2026-01-14,Benjumoni Daimary,Guwahati,"Borosilicate Glass Bottle with Protective Silicone Sleeve, 750 ml - Energy Red",Water Bottle,COD,799,4,2,Medium,Delivered,Call Customer
T26632,2026-01-14,Bhawna aggarwal,Ghaziabad,"Borosilicate Glass Bottle with Protective Silicone Sleeve, 750 ml - Grey & Green",Water Bottle,COD,1658,4,2,Medium,Delivered,Normal Delivery
T26631,2026-01-14,Chuden bhutia,Kurseong,"Borosilicate Glass Bottle with Protective Silicone Sleeve, 750 ml - Power Blue",Water Bottle,COD,838,2,1,Medium,Delivered,Call Customer
T26630,2026-01-14,Tuhin Biswas,Navi mumbai,"TintCup Borosilicate Glass Coffee Cup with Silicone Lid & Grip, 350 ml - Dashing Blue",Coffee Cups,UPI,2937,4,1,Low,Delivered,Normal Delivery
T26629,2026-01-14,Smruti Barsha Das,Bangalore,"Customized TintCup Borosilicate Glass Coffee Cup with Silicone Lid & Grip, 350 ml - Dashing Blue",Coffee Cups,UPI,849,0,2,Low,Delivered,Normal Delivery
T26628,2026-01-14,Neelu bardia,Silchar,125ml Glass Baby Feeding Temperature Sensing Baby Bottle | Color Changing Silicon Sleeve - M Flow ( 3-6 months ) / Blue,Baby Bottle,COD,788,0,2,Medium,Delivered,Normal Delivery
T26627,2026-01-14,Nayna agarwal,Gurgaon,250ml Glass Baby Feeding Temperature Sensing Baby Bottle | Color Changing Silicon Sleeve - M Flow ( 6-10 months ) / Pink,Baby Bottle,COD,888,2,1,Medium,Delivered,Normal Delivery
T26626,2026-01-14,Sandipa saha,Kolkata,"Borosilicate Glass Bottle with Protective Silicone Sleeve, 750 ml - Cool Green",Water Bottle,UPI,1598,3,1,Low,Delivered,Normal Delivery
T26625,2026-01-14,mairaj  hasan,Hyderabad,GlassUp 500 ml Borosilicate Glass Lunch Box with Glass Lid & Silicone Sleeve - Blue-Green,500ml Lunch Box,COD,1538,1,2,Medium,Delivered,Normal Delivery
T26624,2026-01-14,Anindani rawat,banglore,"TintCup Borosilicate Glass Coffee Cup with Silicone Lid & Grip, 350 ml - Wooden Cork Grip",Coffee Cups,UPI,2177,3,1,Low,Delivered,Normal Delivery
T26623,2026-01-14,Naaz sheikh,Hubballi,250ml Glass Baby Feeding Temperature Sensing Baby Bottle | Color Changing Silicon Sleeve - + Flow ( 10+ months ) / Blue,Baby Bottle,COD,888,4,3,Medium,Returned,Send Reminder
T26622,2026-01-14,Avishek chowdhury,Dishergarh,250ml Glass Baby Feeding Temperature Sensing Baby Bottle | Color Changing Silicon Sleeve - M Flow ( 6-10 months ) / Pink,Baby Bottle,UPI,849,1,1,Low,Delivered,Normal Delivery
T26621,2026-01-14,Arshad Ahmed,Guwahati,125ml Glass Baby Feeding Temperature Sensing Baby Bottle | Color Changing Silicon Sleeve - S Flow ( 0-3 months ) / Blue,Baby Bottle,COD,788,2,1,Medium,Delivered,Call Customer
T26620,2026-01-14,Yasmin remedios,Mumbai,"Borosilicate Glass Bottle with Protective Silicone Sleeve, 750 ml - Energy Red",Water Bottle,UPI,799,2,1,Low,Delivered,Normal Delivery
T26619,2026-01-14,Jhulana Majhi,Kuchinda,250ml Glass Baby Feeding Temperature Sensing Baby Bottle | Color Changing Silicon Sleeve - M Flow ( 6-10 months ) / Blue,Baby Bottle,UPI,849,1,1,Low,Delivered,Normal Delivery
T26618,2026-01-14,Shashi mohan,Dehradun,"TintCup Borosilicate Glass Coffee Cup with Silicone Lid & Grip, 350 ml - Cosmic Purple",Coffee Cups,COD,1507,0,2,Medium,Delivered,Normal Delivery
T26617,2026-01-14,Alee S,Hyderabad,"TintCup Borosilicate Glass Coffee Cup with Silicone Lid & Grip, 350 ml - Cosmic Purple",Coffee Cups,COD,2187,1,2,Medium,Delivered,Normal Delivery
T26616,2026-01-14,Jitendra Joshi,Mumbai,TintBox Borosilicate Glass Food Container (300ml)-Set ofÂ 3Â withoutÂ Bag - Blue & Orange & Green,Water Bottle Combo,UPI,1699,4,1,Low,Delivered,Normal Delivery
T26615,2026-01-14,Nancy Karnani,Islampur,250ml Glass Baby Feeding Temperature Sensing Baby Bottle | Color Changing Silicon Sleeve - M Flow ( 6-10 months ) / Pink,Baby Bottle,UPI,849,0,1,Low,Delivered,Normal Delivery
T26614,2026-01-14,Shlok Vyas,Mumbai,"Borosilicate Glass Bottle with Protective Silicone Sleeve, 750 ml - Power Blue",Water Bottle,UPI,799,2,1,Low,Delivered,Normal Delivery
T26613,2026-01-14,Nunu Lego,Tezu,125ml Glass Baby Feeding Temperature Sensing Baby Bottle | Color Changing Silicon Sleeve - S Flow ( 0-3 months ) / Blue,Baby Bottle,UPI,749,1,1,Low,Delivered,Normal Delivery
T26612,2026-01-14,Monica kumar,Delhi,125ml Glass Baby Feeding Temperature Sensing Baby Bottle | Color Changing Silicon Sleeve - M Flow ( 3-6 months ) / Blue,Baby Bottle,UPI,749,3,1,Low,Delivered,Normal Delivery
T26611,2026-01-14,Pratiksha -,Kaithal,"1Â Litre , Motivational Glass Sipper Bottle - Venus Pink",1L Water Bottle,UPI,1998,3,1,Low,Delivered,Normal Delivery
T26610,2026-01-14,Pushpalatha s,Madakasira,250ml Glass Baby Feeding Temperature Sensing Baby Bottle | Color Changing Silicon Sleeve - M Flow ( 6-10 months ) / Blue,Baby Bottle,COD,888,4,2,Medium,Delivered,Call Customer
T26609,2026-01-14,Juliet -,Aizawl,125ml Glass Baby Feeding Temperature Sensing Baby Bottle | Color Changing Silicon Sleeve - S Flow ( 0-3 months ) / Blue,Baby Bottle,COD,788,3,4,Medium,Delivered,Call Customer
T26608,2026-01-14,Priyanka thukral,New Delhi,"Borosilicate Glass Bottle with Protective Silicone Sleeve, 750 ml - Power Blue",Water Bottle,UPI,1558,1,1,Low,Delivered,Normal Delivery
T26607,2026-01-14,Shaheen khan,Greater thane,"Customized TintCup Borosilicate Glass Coffee Cup with Silicone Lid & Grip, 350 ml - Java Brown",Coffee Cups,UPI,849,1,1,Low,Delivered,Normal Delivery
T26606,2026-01-14,lekhraj meena,Delhi,Glass Baby Feeding Temperature Sensing Baby Bottle | Color Changing Silicon Sleeve - 125ml (0-6 months) / Pink / Medium,Baby Bottle,COD,1587,3,4,Medium,Delivered,Call Customer
T26605,2026-01-14,Madhu maheshwari,Mumbai,"Borosilicate Glass Bottle with Protective Silicone Sleeve, 750 ml - Grey & Blue",Water Bottle,COD,11137,6,1,Medium,Delivered,Call Customer
T26604,2026-01-14,Varsha varsha,chennai,125ml Glass Baby Feeding Temperature Sensing Baby Bottle | Color Changing Silicon Sleeve - M Flow ( 3-6 months ) / Pink,Baby Bottle,COD,788,1,3,Medium,Delivered,Normal Delivery
T26603,2026-01-14,Chandrika soni,Dhamtari,"Borosilicate Glass Bottle with Protective Silicone Sleeve, 750 ml - Pulse Yellow",Water Bottle,UPI,799,4,3,Low,Delivered,Normal Delivery
T26602,2026-01-14,Nisha chauhan,Delhi,250ml Glass Baby Feeding Temperature Sensing Baby Bottle | Color Changing Silicon Sleeve - + Flow ( 10+ months ) / Blue,Baby Bottle,COD,888,0,2,Medium,Delivered,Normal Delivery
T26601,2026-01-14,Akanksha goel,Faridabad,125ml Glass Baby Feeding Temperature Sensing Baby Bottle | Color Changing Silicon Sleeve - S Flow ( 0-3 months ) / Pink,Baby Bottle,UPI,1548,4,2,Low,Delivered,Normal Delivery
T26600,2026-01-14,Sunil bajaj,New Delhi,Set of 3 Borosilicate Glass Lunch Box ( 300ml ) with Bag & Customized Bottle - Energy Red,300ml Lunch Box,UPI,3049,4,1,Low,Returned,Normal Delivery
T26599,2026-01-14,didhiti agarwal,Bangalore,"TintCup Borosilicate Glass Coffee Cup with Silicone Lid & Grip, 350 ml - Dashing Blue",Coffee Cups,COD,798,1,1,Medium,Delivered,Normal Delivery
T26598,2026-01-14,Raj ida,Surat,"Customized TintCup Borosilicate Glass Coffee Cup with Silicone Lid & Grip, 350 ml - Dynamic Grey",Coffee Cups,UPI,849,0,3,Low,Delivered,Normal Delivery
T26597,2026-01-14,Mona ajmera,Mumbai,"Borosilicate Glass Bottle with Protective Silicone Sleeve, 750 ml - Grey & Blue",Water Bottle,UPI,4507,1,2,Low,Delivered,Normal Delivery
T26596,2026-01-14,Sumalatha b,Davangere,125ml Glass Baby Feeding Temperature Sensing Baby Bottle | Color Changing Silicon Sleeve - S Flow ( 0-3 months ) / Blue,Baby Bottle,COD,788,2,3,Medium,Delivered,Call Customer
T26595,2026-01-14,Romila Bhatnagar,Delhi,GlassUp 500 ml Borosilicate Glass Lunch Box with Glass Lid & Silicone Sleeve - Coral Green,500ml Lunch Box,UPI,2097,1,2,Low,Delivered,Normal Delivery
T26594,2026-01-14,Rita sheth,Mumbai,Baby Bottle Teat - Slow (0-6 months),Baby Bottle,COD,2115,1,2,Medium,Delivered,Normal Delivery
T26593,2026-01-14,Durga Sadamate,Mumbai,"Borosilicate Glass Bottle with Protective Silicone Sleeve, 750 ml - Energy Red",Water Bottle,COD,1687,1,3,Medium,Delivered,Call Customer
T26592,2026-01-14,Mohammed tanveer,Bhopal,250ml Glass Baby Feeding Temperature Sensing Baby Bottle | Color Changing Silicon Sleeve - + Flow ( 10+ months ) / Blue,Baby Bottle,COD,888,0,4,Medium,Delivered,Call Customer
T26591,2026-01-14,Shwetanshi sansanwal,Delhi,250ml Glass Baby Feeding Temperature Sensing Baby Bottle | Color Changing Silicon Sleeve - + Flow ( 10+ months ) / Blue,Baby Bottle,COD,888,1,1,Medium,Delivered,Call Customer
T26590,2026-01-14,Tejas Sati,Bangalore,"Borosilicate Glass Bottle with Protective Silicone Sleeve, 750 ml - Pulse Yellow",Water Bottle,UPI,2297,0,1,Low,Delivered,Normal Delivery
T26589,2026-01-14,sony koganti,Chennai,250ml Glass Baby Feeding Temperature Sensing Baby Bottle | Color Changing Silicon Sleeve - M Flow ( 6-10 months ) / Blue,Baby Bottle,UPI,849,3,3,Low,Delivered,Normal Delivery
T26588,2026-01-14,sonal narkhede,Pune,"Borosilicate Glass Bottle with Protective Silicone Sleeve, 750 ml - Atomic Green",Water Bottle,UPI,3995,2,3,Low,Delivered,Normal Delivery
T26587,2026-01-14,Kiran Saini,Jaipur,250ml Glass Baby Feeding Temperature Sensing Baby Bottle | Color Changing Silicon Sleeve - + Flow ( 10+ months ) / Blue,Baby Bottle,COD,888,0,1,Medium,Delivered,Call Customer
T26586,2026-01-14,Nirbhay Singh,New Delhi,"TintCup Borosilicate Glass Coffee Cup with Silicone Lid & Grip, 350 ml - Dashing Blue",Coffee Cups,UPI,5384,3,3,Low,Delivered,Normal Delivery
T26585,2026-01-14,Satish c,Bangalore,125ml Glass Baby Feeding Temperature Sensing Baby Bottle | Color Changing Silicon Sleeve - S Flow ( 0-3 months ) / Blue,Baby Bottle,UPI,1548,0,1,Low,Delivered,Normal Delivery
T26584,2026-01-14,Moiz asarwala,Mumbai,"Borosilicate Glass Bottle with Protective Silicone Sleeve, 750 ml - Power Blue",Water Bottle,UPI,799,0,1,Low,Delivered,Normal Delivery
T26583,2026-01-14,AMINA ALISHA,Muvattupuzha,125ml Glass Baby Feeding Temperature Sensing Baby Bottle | Color Changing Silicon Sleeve - M Flow ( 3-6 months ) / Pink,Baby Bottle,UPI,749,2,1,Low,Delivered,Normal Delivery
T26582,2026-01-14,Nikhitha m,Bengaluru,"TintCup Borosilicate Glass Coffee Cup with Silicone Lid & Grip, 350 ml - Cosmic Purple",Coffee Cups,UPI,759,4,3,Low,Delivered,Normal Delivery
T26581,2026-01-14,Simran gupta,Agra,"Borosilicate Glass Bottle with Protective Silicone Sleeve, 750 ml - Cool Green",Water Bottle,UPI,799,4,2,Low,Delivered,Normal Delivery
T26580,2026-01-14,Manisha Sharma,HOWRAH,"Borosilicate Glass Bottle Duo with Protective Silicone Sleeve, 750 ml - Grey & Blue",Water Bottle Combo,COD,1478,0,3,Medium,Delivered,Normal Delivery
T26579,2026-01-13,nitesh singh,Chhindwara,"Borosilicate Glass Bottle with Protective Silicone Sleeve, 750 ml - Pulse Yellow",Water Bottle,COD,838,1,1,Medium,Delivered,Call Customer
T26578,2026-01-13,Saumya Agarwal,Dehradun,"1Â Litre , Motivational Glass Sipper Bottle - Venus Pink",1L Water Bottle,UPI,3046,3,1,Low,Delivered,Normal Delivery
T26577,2026-01-13,jeany goradia,Mumbai,"Customized TintCup Borosilicate Glass Coffee Cup with Silicone Lid & Grip, 350 ml - Mighty Pink",Coffee Cups,UPI,1148,1,2,Low,Delivered,Refund Initiated
T26576,2026-01-13,Rohit  singhal,Gurgaon,"Customized Borosilicate Glass Bottle , 750 ml - Lightning Grey",Water Bottle,UPI,899,1,3,Low,Delivered,Normal Delivery
T26575,2026-01-13,Rinki pandey,Chitrakoot,125ml Glass Baby Feeding Temperature Sensing Baby Bottle | Color Changing Silicon Sleeve - M Flow ( 3-6 months ) / Blue,Baby Bottle,COD,788,5,1,Medium,Delivered,Call Customer
T26574,2026-01-13,Ratna nyshi,Tenali,250ml Glass Baby Feeding Temperature Sensing Baby Bottle | Color Changing Silicon Sleeve - + Flow ( 10+ months ) / Blue,Baby Bottle,COD,888,0,4,Medium,Delivered,Call Customer
T26573,2026-01-13,Shadab ahmad,Indore,125ml Glass Baby Feeding Temperature Sensing Baby Bottle | Color Changing Silicon Sleeve - S Flow ( 0-3 months ) / Blue,Baby Bottle,UPI,749,0,3,Low,Delivered,Normal Delivery
T26572,2026-01-13,Latika Mohanty,Navi mumbai,"Borosilicate Glass Bottle with Protective Silicone Sleeve, 750 ml - Pulse Yellow",Water Bottle,COD,1687,0,1,Medium,Delivered,Call Customer
T26571,2026-01-13,Soumya raj,Delhi,250ml Glass Baby Feeding Temperature Sensing Baby Bottle | Color Changing Silicon Sleeve - + Flow ( 10+ months ) / Blue,Baby Bottle,COD,888,0,3,Medium,Delivered,Call Customer
T26570,2026-01-13,Manisha sankhala,Deesa,"Borosilicate Glass Bottle with Protective Silicone Sleeve, 750 ml - Atomic Green",Water Bottle,COD,838,4,1,Medium,Delivered,Call Customer
T26569,2026-01-13,Kuhu shankar,Mumbai,"Borosilicate Glass Bottle with Protective Silicone Sleeve, 750 ml - Power Blue",Water Bottle,UPI,799,0,1,Low,Delivered,Normal Delivery
T26568,2026-01-13,Farzana mukadam,Kolhapur,GlassUp 500 ml Borosilicate Glass Lunch Box with Glass Lid & Silicone Sleeve - Arctic Blue,500ml Lunch Box,COD,788,4,4,Medium,Returned,Send Reminder
T26567,2026-01-13,anusha pragada,Noida,250ml Glass Baby Feeding Temperature Sensing Baby Bottle | Color Changing Silicon Sleeve - M Flow ( 6-10 months ) / Blue,Baby Bottle,UPI,849,4,1,Low,Delivered,Normal Delivery
T26566,2026-01-13,Nikhil Patil,Surat,"Customized TintCup Borosilicate Glass Coffee Cup with Silicone Lid & Grip, 350 ml - Mighty Pink",Coffee Cups,UPI,849,0,2,Low,Delivered,Normal Delivery
T26565,2026-01-13,Paulomee Desai,Navsari,"Borosilicate Glass Bottle with Protective Silicone Sleeve, 750 ml - Cool Green",Water Bottle,UPI,799,2,2,Low,Delivered,Normal Delivery
T26564,2026-01-13,Sukruthi Datt,Bangalore,"TintCup Borosilicate Glass Coffee Cup with Silicone Lid & Grip, 350 ml - Wooden Cork Grip",Coffee Cups,UPI,759,3,1,Low,Delivered,Normal Delivery
T26563,2026-01-13,Aditya Tambe,pune,"Borosilicate Glass Bottle with Protective Silicone Sleeve, 750 ml - Cool Green",Water Bottle,UPI,799,1,3,Low,Delivered,Normal Delivery
T26562,2026-01-13,Hashim sid,Allahabad,125ml Glass Baby Feeding Temperature Sensing Baby Bottle | Color Changing Silicon Sleeve - S Flow ( 0-3 months ) / Blue,Baby Bottle,COD,788,4,1,Medium,Delivered,Call Customer
T26561,2026-01-13,Deepa verenkar,Ponda,"TintCup Borosilicate Glass Coffee Cup with Silicone Lid & Grip, 350 ml - Mighty Pink",Coffee Cups,UPI,759,3,1,Low,Delivered,Normal Delivery
T26560,2026-01-13,Poonam parab,Mumbai,125ml Glass Baby Feeding Temperature Sensing Baby Bottle | Color Changing Silicon Sleeve - M Flow ( 3-6 months ) / Blue,Baby Bottle,UPI,749,2,2,Low,Delivered,Normal Delivery
T26559,2026-01-13,didhiti agarwal,Bangalore,"TintCup Borosilicate Glass Coffee Cup with Silicone Lid & Grip, 350 ml - Dashing Blue",Coffee Cups,COD,798,5,1,Medium,Delivered,Call Customer
T26558,2026-01-13,Swati raddi,Mumbai,TintBox Borosilicate Glass Food Container (300ml)-Set ofÂ 3Â withoutÂ Bag - Blue & Orange & Green,Water Bottle Combo,UPI,6494,1,1,Low,Delivered,Normal Delivery
T26557,2026-01-13,Nanju mani,Bengaluru,(Spare) BPA Free Spout Lid for TintBox 750ml Borosilicate Glass Water Bottle,Water Bottle,UPI,210,1,1,Low,Delivered,Normal Delivery
T26556,2026-01-13,vaishali Jethwa,Greater thane,125ml Glass Baby Feeding Temperature Sensing Baby Bottle | Color Changing Silicon Sleeve - M Flow ( 3-6 months ) / Blue,Baby Bottle,UPI,749,4,1,Low,Delivered,Normal Delivery
T26555,2026-01-13,Binu Balachandran,chennai,"Customized TintCup Borosilicate Glass Coffee Cup with Silicone Lid & Grip, 350 ml - Dashing Blue",Coffee Cups,UPI,849,0,3,Low,Delivered,Normal Delivery
T26554,2026-01-13,Vanita CK,Chengalpattu,"Borosilicate Glass Bottle with Protective Silicone Sleeve, 750 ml - Lightning Grey",Water Bottle,UPI,799,2,3,Low,Delivered,Normal Delivery
T26553,2026-01-13,Sapna nair,Navi Mumbai,"Customized TintCup Borosilicate Glass Coffee Cup with Silicone Lid & Grip, 350 ml - Dashing Blue",Coffee Cups,UPI,1748,4,2,Low,Delivered,Normal Delivery
T26552,2026-01-13,Ekta kapil,New Delhi,"Borosilicate Glass Bottle with Protective Silicone Sleeve, 750 ml - Power Blue",Water Bottle,COD,838,2,2,Medium,Delivered,Call Customer
T26551,2026-01-13,Pethe nidhi,Morshi,"Borosilicate Glass Bottle with Protective Silicone Sleeve, 750 ml - Grey & Green",Water Bottle,COD,1658,0,2,Medium,Delivered,Call Customer
T26550,2026-01-13,Aditi Sharma,Noida,Set of 3 Borosilicate Glass Lunch box with Canvas Bag - 3 Blue,500ml Lunch Box,COD,1988,0,3,Medium,Delivered,Call Customer
T26549,2026-01-13,Ekta kapil,New Delhi,"Borosilicate Glass Bottle with Protective Silicone Sleeve, 750 ml - Atomic Green",Water Bottle,COD,838,4,2,Medium,Delivered,Call Customer
T26548,2026-01-13,Madhuri Dole,Ahmedabad,GlassUp 500 ml Borosilicate Glass Lunch Box with Glass Lid & Silicone Sleeve - Coral Green,500ml Lunch Box,UPI,1598,0,3,Low,Delivered,Normal Delivery
T26547,2026-01-13,Sai aditya mangavelli,Hyderabad,GlassUp 500 ml Borosilicate Glass Lunch Box with Glass Lid & Silicone Sleeve - Arctic Blue,500ml Lunch Box,UPI,2547,3,1,Low,Delivered,Normal Delivery
T26546,2026-01-13,Farheen siddiqui,Lucknow,250ml Glass Baby Feeding Temperature Sensing Baby Bottle | Color Changing Silicon Sleeve - M Flow ( 6-10 months ) / Blue,Baby Bottle,COD,1787,1,4,Medium,Delivered,Call Customer
T26545,2026-01-13,Zikra shaikh,Greater thane,Glass Baby Feeding Temperature Sensing Baby Bottle | Color Changing Silicon Sleeve - 125ml (0-6 months) / Blue / Small,Baby Bottle,COD,788,4,2,Medium,Delivered,Normal Delivery
T26544,2026-01-13,jayshree kamble,Ratnagiri,"TintCup Borosilicate Glass Coffee Cup with Silicone Lid & Grip, 350 ml - Mighty Pink",Coffee Cups,UPI,759,2,1,Low,Delivered,Normal Delivery
T26543,2026-01-13,Viyapika agarwal,Bangalore,"Borosilicate Glass Bottle with Protective Silicone Sleeve, 750 ml - Atomic Green",Water Bottle,UPI,799,3,1,Low,Delivered,Normal Delivery
T26542,2026-01-13,Kashyap patel,Ahmedabad,"Borosilicate Glass Bottle with Protective Silicone Sleeve, 750 ml - Energy Red",Water Bottle,COD,838,4,2,Medium,Delivered,Call Customer
T26541,2026-01-13,Ayushi dhirasaria,Guwahati,125ml Glass Baby Feeding Temperature Sensing Baby Bottle | Color Changing Silicon Sleeve - S Flow ( 0-3 months ) / Blue,Baby Bottle,COD,788,0,1,Medium,Delivered,Normal Delivery
T26540,2026-01-13,Nalla Pravalika,Hyderabad,GlassUp 500 ml Borosilicate Glass Lunch Box with Glass Lid & Silicone Sleeve - Marine Grey,500ml Lunch Box,UPI,749,0,1,Low,Delivered,Normal Delivery
T26539,2026-01-13,Suraksha Gowda,Bangalore,Pack of 4 Stainless Steel Straws with Silicone Tip and Cleaning Brush - Stainless Steel and Silicone,Straws,UPI,2376,0,1,Low,Delivered,Normal Delivery
T26538,2026-01-13,Pranjaljain -,Shriwardhan,250ml Glass Baby Feeding Temperature Sensing Baby Bottle | Color Changing Silicon Sleeve - + Flow ( 10+ months ) / Blue,Baby Bottle,UPI,849,0,1,Low,Delivered,Normal Delivery
T26537,2026-01-13,Khushbu kansal,Noida,125ml Glass Baby Feeding Temperature Sensing Baby Bottle | Color Changing Silicon Sleeve - S Flow ( 0-3 months ) / Blue,Baby Bottle,UPI,749,2,3,Low,Delivered,Normal Delivery
T26536,2026-01-13,Dr ashok wadikar,Pune,Set of 2 GlassUp ( 500ml ) Lunch Box - Arctic Blue,500ml Lunch Box,UPI,2208,3,1,Low,Delivered,Normal Delivery
T26535,2026-01-13,Sabina avasthi,New Delhi,TintBox Borosilicate Glass Food Container (300ml)-Set ofÂ 3Â withoutÂ Bag - Blue & Orange & Green,Water Bottle Combo,UPI,1699,1,1,Low,Delivered,Normal Delivery
T26534,2026-01-13,Monga eknoor,Gurugram,125ml Glass Baby Feeding Temperature Sensing Baby Bottle | Color Changing Silicon Sleeve - S Flow ( 0-3 months ) / Pink,Baby Bottle,UPI,2297,2,2,Low,Delivered,Normal Delivery
T26533,2026-01-13,Kalyani Vyas,Nagpur,125ml Glass Baby Feeding Temperature Sensing Baby Bottle | Color Changing Silicon Sleeve - M Flow ( 3-6 months ) / Blue,Baby Bottle,UPI,749,2,1,Low,Delivered,Normal Delivery
T26532,2026-01-13,Rimu mondal,Thane,250ml Glass Baby Feeding Temperature Sensing Baby Bottle | Color Changing Silicon Sleeve - M Flow ( 6-10 months ) / Blue,Baby Bottle,COD,888,1,1,Medium,Delivered,Normal Delivery
T26531,2026-01-13,Nitesh Pawar,Gulbarga,"Borosilicate Glass Bottle with Protective Silicone Sleeve, 750 ml - Cool Green",Water Bottle,COD,838,1,1,Medium,Delivered,Call Customer
T26530,2026-01-13,Atyasha -,Asansol,"Borosilicate Glass Bottle with Protective Silicone Sleeve, 750 ml - Cool Green",Water Bottle,UPI,799,0,1,Low,Delivered,Normal Delivery
T26529,2026-01-13,Tanveer ali,Bikaner,"Borosilicate Glass Bottle with Protective Silicone Sleeve, 750 ml - Atomic Green",Water Bottle,COD,1687,2,1,Medium,Delivered,Normal Delivery
T26528,2026-01-13,N rao,Bangalore,"Borosilicate Glass Bottle with Protective Silicone Sleeve, 750 ml - Power Blue",Water Bottle,UPI,799,4,1,Low,Delivered,Normal Delivery
T26527,2026-01-13,Garima -,Hamirpur,"Borosilicate Glass Bottle with Protective Silicone Sleeve, 750 ml - Cool Green",Water Bottle,COD,838,1,1,Medium,Delivered,Call Customer
T26526,2026-01-13,Satya Vakkalanka,Hyderabad,GlassUp 500 ml Borosilicate Glass Lunch Box with Glass Lid & Silicone Sleeve - Coral Green,500ml Lunch Box,UPI,1548,1,2,Low,Delivered,Normal Delivery
T26525,2026-01-13,saratha -,Tirupati,250ml Glass Baby Feeding Temperature Sensing Baby Bottle | Color Changing Silicon Sleeve - M Flow ( 6-10 months ) / Blue,Baby Bottle,COD,888,5,1,Medium,Delivered,Call Customer
T26524,2026-01-13,Raksha Kamath,Bangalore,"Borosilicate Glass Bottle with Protective Silicone Sleeve, 750 ml - Cool Green",Water Bottle,UPI,799,3,1,Low,Delivered,Normal Delivery
T26523,2026-01-13,Tadar Menia,Naharlagun,125ml Glass Baby Feeding Temperature Sensing Baby Bottle | Color Changing Silicon Sleeve - M Flow ( 3-6 months ) / Blue,Baby Bottle,COD,2386,4,1,Medium,Delivered,Call Customer
T26522,2026-01-13,Ruma -,Delhi,125ml Glass Baby Feeding Temperature Sensing Baby Bottle | Color Changing Silicon Sleeve - M Flow ( 3-6 months ) / Pink,Baby Bottle,COD,788,4,1,Medium,Delivered,Call Customer
T26521,2026-01-13,Preeti padhy,Gurgoan,250ml Glass Baby Feeding Temperature Sensing Baby Bottle | Color Changing Silicon Sleeve - + Flow ( 10+ months ) / Blue,Baby Bottle,UPI,849,1,1,Low,Delivered,Normal Delivery
T26520,2026-01-13,Samprikta chakraborty,Barasat,250ml Glass Baby Feeding Temperature Sensing Baby Bottle | Color Changing Silicon Sleeve - M Flow ( 6-10 months ) / Blue,Baby Bottle,COD,888,0,4,Medium,Delivered,Call Customer
T26519,2026-01-13,Shweta basu,Gurgaon,125ml Glass Baby Feeding Temperature Sensing Baby Bottle | Color Changing Silicon Sleeve - M Flow ( 3-6 months ) / Blue,Baby Bottle,COD,788,3,3,Medium,Delivered,Normal Delivery
T26518,2026-01-12,Chaitrali chopdar,Pune,250ml Glass Baby Feeding Temperature Sensing Baby Bottle | Color Changing Silicon Sleeve - M Flow ( 6-10 months ) / Blue,Baby Bottle,UPI,849,4,1,Low,Delivered,Normal Delivery
T26517,2026-01-12,Shivani Das,Gurugram,250ml Glass Baby Feeding Temperature Sensing Baby Bottle | Color Changing Silicon Sleeve - M Flow ( 6-10 months ) / Blue,Baby Bottle,UPI,849,1,2,Low,Delivered,Normal Delivery
T26516,2026-01-12,kanta chanchalani,Jaipur,"Borosilicate Glass Lunch Box with Silicone Sleeve, 300 ml - Oasis Blue",300ml Lunch Box,UPI,1498,4,3,Low,Delivered,Normal Delivery
T26515,2026-01-12,Khushboo pandit,Mumbai,"1Â Litre , Motivational Glass Sipper Bottle - Lunar Blue",1L Water Bottle,UPI,1998,6,1,Low,Delivered,Normal Delivery
T26514,2026-01-12,DJ kajal,Parakkadavu,125ml Glass Baby Feeding Temperature Sensing Baby Bottle | Color Changing Silicon Sleeve - S Flow ( 0-3 months ) / Blue,Baby Bottle,COD,788,3,1,Medium,Delivered,Call Customer
T26513,2026-01-12,Tanuj Jain,Mumbai,"Customized Borosilicate Glass Bottle , 750 ml - Lightning Grey",Water Bottle,UPI,2797,3,1,Low,Delivered,Normal Delivery
T26512,2026-01-12,Dilip B K,Punganur,"TintCup Borosilicate Glass Coffee Cup with Silicone Lid & Grip, 350 ml - Dashing Blue",Coffee Cups,COD,3544,2,4,Medium,Delivered,Call Customer
T26511,2026-01-12,Sakshi hulawale,Mumbai,"Borosilicate Glass Bottle with Protective Silicone Sleeve, 750 ml - Cool Green",Water Bottle,COD,838,1,3,Medium,Delivered,Call Customer
T26510,2026-01-12,Poonam Pawar,Thane,"TintCup Borosilicate Glass Coffee Cup with Silicone Lid & Grip, 350 ml - Dashing Blue",Coffee Cups,UPI,1468,3,2,Low,Delivered,Normal Delivery
T26509,2026-01-12,Ankit Chandak,Kolkata,"Borosilicate Glass Bottle with Protective Silicone Sleeve, 750 ml - Cool Green",Water Bottle,UPI,1648,2,2,Low,Delivered,Normal Delivery
T26508,2026-01-12,Devini -,Hunsur,125ml Glass Baby Feeding Temperature Sensing Baby Bottle | Color Changing Silicon Sleeve - S Flow ( 0-3 months ) / Pink,Baby Bottle,COD,788,2,1,Medium,Delivered,Send Reminder
T26507,2026-01-12,Sakshi  malhotra,Gurgaon,"Borosilicate Glass Bottle with Protective Silicone Sleeve, 750 ml - Cool Green",Water Bottle,UPI,799,4,1,Low,Delivered,Normal Delivery
T26506,2026-01-12,Aayush gupta,Jalandhar,"Borosilicate Glass Bottle with Protective Silicone Sleeve, 750 ml - Cool Green",Water Bottle,UPI,799,4,1,Low,Delivered,Normal Delivery
T26505,2026-01-12,Puja jolly,Bengaluru,"Borosilicate Glass Bottle with Protective Silicone Sleeve, 750 ml - Grey & Blue",Water Bottle,COD,1658,2,1,Medium,Delivered,Normal Delivery
T26504,2026-01-12,Eshwar s,bengaluru,"1Â Litre , Motivational Glass Sipper Bottle - Lunar Blue",1L Water Bottle,UPI,1798,4,1,Low,Delivered,Normal Delivery
T26503,2026-01-12,tulsira -,Ujjain,125ml Glass Baby Feeding Temperature Sensing Baby Bottle | Color Changing Silicon Sleeve - M Flow ( 3-6 months ) / Blue,Baby Bottle,COD,788,3,2,Medium,Delivered,Call Customer
T26502,2026-01-12,Shanu saxena,Saharanpur,250ml Glass Baby Feeding Temperature Sensing Baby Bottle | Color Changing Silicon Sleeve - M Flow ( 6-10 months ) / Blue,Baby Bottle,COD,888,0,3,Medium,Delivered,Normal Delivery
T26501,2026-01-12,Siya gupta,Kota,"1Â Litre , Motivational Glass Sipper Bottle - Venus Pink",1L Water Bottle,COD,2037,3,1,Medium,Delivered,Call Customer
T26500,2026-01-12,Pooja jha,Bhopal,"Customized Borosilicate Glass Bottle , 750 ml - Lightning Grey",Water Bottle,UPI,899,2,1,Low,Delivered,Normal Delivery
T26499,2026-01-12,Manisha Bankhele,Thane,"1Â Litre , Motivational Glass Sipper Bottle - Venus Pink",1L Water Bottle,UPI,999,2,1,Low,Delivered,Normal Delivery
T26498,2026-01-12,Chandini kotha,Karimnagar,125ml Glass Baby Feeding Temperature Sensing Baby Bottle | Color Changing Silicon Sleeve - S Flow ( 0-3 months ) / Blue,Baby Bottle,COD,788,6,1,Medium,Delivered,Call Customer
T26497,2026-01-12,Swapnil .,Navi Mumbai Kopar khairne,"Customized TintCup Borosilicate Glass Coffee Cup with Silicone Lid & Grip, 350 ml - Java Brown",Coffee Cups,UPI,1748,3,1,Low,Delivered,Normal Delivery
T26496,2026-01-12,shreshtha kawathekar,Kolkata,125ml Glass Baby Feeding Temperature Sensing Baby Bottle | Color Changing Silicon Sleeve - S Flow ( 0-3 months ) / Blue,Baby Bottle,UPI,749,4,3,Low,Delivered,Normal Delivery
T26495,2026-01-12,Karthik s,BANGALORE,"Borosilicate Glass Bottle with Protective Silicone Sleeve, 750 ml - Grey & Blue",Water Bottle,UPI,1619,4,1,Low,Delivered,Normal Delivery
T26494,2026-01-12,Shruti kurl,Amritsar,"Borosilicate Glass Bottle with Protective Silicone Sleeve, 750 ml - Pulse Yellow",Water Bottle,COD,2687,2,2,Medium,Delivered,Normal Delivery
T26493,2026-01-12,Sangeetha m,Chennai,125ml Glass Baby Feeding Temperature Sensing Baby Bottle | Color Changing Silicon Sleeve - S Flow ( 0-3 months ) / Blue,Baby Bottle,COD,788,1,2,Medium,Returned,Call Customer
T26492,2026-01-12,Devadutta  samal,Bhubaneswar,250ml Glass Baby Feeding Temperature Sensing Baby Bottle | Color Changing Silicon Sleeve - + Flow ( 10+ months ) / Pink,Baby Bottle,COD,1787,4,2,Medium,Delivered,Call Customer
T26491,2026-01-12,Sujata jangam,Mumbai,"TintCup Borosilicate Glass Coffee Cup with Silicone Lid & Grip, 350 ml - Cosmic Purple",Coffee Cups,UPI,759,3,2,Low,Delivered,Normal Delivery
T26490,2026-01-12,Rashica dharmaraj,Bangalore,"TintCup Borosilicate Glass Coffee Cup with Silicone Lid & Grip, 350 ml - Cosmic Purple",Coffee Cups,COD,798,4,3,Medium,Delivered,Call Customer
T26489,2026-01-12,Dhara Pandya,Ahmedabad,"Borosilicate Glass Bottle with Protective Silicone Sleeve, 750 ml - Atomic Green",Water Bottle,UPI,2257,3,2,Low,Delivered,Normal Delivery
T26488,2026-01-12,Asma khokar,Mumbai,"Customized TintCup Borosilicate Glass Coffee Cup with Silicone Lid & Grip, 350 ml - Dynamic Grey",Coffee Cups,UPI,1748,2,1,Low,Delivered,Normal Delivery
T26487,2026-01-12,Unmesh Pawar Shilpa K.,Mumbai,"Borosilicate Glass Bottle with Protective Silicone Sleeve, 750 ml - Power Blue",Water Bottle,UPI,799,4,2,Low,Delivered,Normal Delivery
T26486,2026-01-12,Sravanthi reddy,Bangalore,Set of 2 GlassUp ( 500ml ) Lunch Box - Marine Grey & Coral Green,500ml Lunch Box,UPI,3798,3,1,Low,Delivered,Normal Delivery
T26485,2026-01-12,Harika Harika,HYDERABAD,"Borosilicate Glass Bottle with Protective Silicone Sleeve, 750 ml - Grey & Green",Water Bottle,UPI,1619,2,2,Low,Delivered,Normal Delivery
T26484,2026-01-12,Dekssha parekh,MUMBAI,"TintCup Borosilicate Glass Coffee Cup with Silicone Lid & Grip, 350 ml - Dashing Blue",Coffee Cups,UPI,1468,1,2,Low,Delivered,Normal Delivery
T26483,2026-01-12,Richa rathod,Ahmedabad,125ml Glass Baby Feeding Temperature Sensing Baby Bottle | Color Changing Silicon Sleeve - S Flow ( 0-3 months ) / Pink,Baby Bottle,UPI,749,3,3,Low,Delivered,Normal Delivery
T26482,2026-01-12,mittal Bhansali,Mumbai,"TintCup Borosilicate Glass Coffee Cup with Silicone Lid & Grip, 350 ml - Dynamic Grey",Coffee Cups,UPI,759,1,2,Low,Delivered,Normal Delivery
T26481,2026-01-12,Ritu kurien,Bangalore,"Borosilicate Glass Bottle with Protective Silicone Sleeve, 750 ml - Grey & Blue",Water Bottle,UPI,1619,1,2,Low,Delivered,Normal Delivery
T26480,2026-01-12,Siba Prasad Patro,Ganjam,250ml Glass Baby Feeding Temperature Sensing Baby Bottle | Color Changing Silicon Sleeve - M Flow ( 6-10 months ) / Pink,Baby Bottle,UPI,849,0,3,Low,Delivered,Normal Delivery
T26479,2026-01-12,Tasneem  kakal,Mumbai,"TintCup Borosilicate Glass Coffee Cup with Silicone Lid & Grip, 350 ml - Mighty Pink",Coffee Cups,COD,798,4,3,Medium,Delivered,Normal Delivery
T26478,2026-01-12,Madhumalti  Jain,Delhi,250ml Glass Baby Feeding Temperature Sensing Baby Bottle | Color Changing Silicon Sleeve - M Flow ( 6-10 months ) / Pink,Baby Bottle,COD,888,3,1,Medium,Delivered,Normal Delivery
T26477,2026-01-12,Shroff -,Mumbai,"TintCup Borosilicate Glass Coffee Cup with Silicone Lid & Grip, 350 ml - Java Brown",Coffee Cups,COD,798,1,4,Medium,Delivered,Call Customer
T26476,2026-01-12,Manasa -,Bangalore,"TintCup Borosilicate Glass Coffee Cup with Silicone Lid & Grip, 350 ml - Dashing Blue",Coffee Cups,UPI,1468,0,1,Low,Delivered,Normal Delivery
T26475,2026-01-12,Jalpa Desai,Rajkot,125ml Glass Baby Feeding Temperature Sensing Baby Bottle | Color Changing Silicon Sleeve - S Flow ( 0-3 months ) / Blue,Baby Bottle,COD,788,2,4,Medium,Delivered,Call Customer
T26474,2026-01-12,Utkarsh khirodkar,Pune,"Borosilicate Glass Bottle with Protective Silicone Sleeve, 750 ml - Power Blue",Water Bottle,UPI,799,3,3,Low,Delivered,Normal Delivery
T26473,2026-01-12,Jabeen dcruz,Mumbai,TintBox Borosilicate Glass Food Container (300ml)-Set ofÂ 3Â withoutÂ Bag - 3 Blue,Water Bottle Combo,COD,1738,1,2,Medium,Delivered,Call Customer
T26472,2026-01-12,Saanchi Saraff,Delhi,250ml Glass Baby Feeding Temperature Sensing Baby Bottle | Color Changing Silicon Sleeve - M Flow ( 6-10 months ) / Blue,Baby Bottle,COD,1787,4,4,Medium,Delivered,Call Customer
T26471,2026-01-12,Jyoti sharma,Pune,125ml Glass Baby Feeding Temperature Sensing Baby Bottle | Color Changing Silicon Sleeve - M Flow ( 3-6 months ) / Pink,Baby Bottle,COD,1787,0,1,Medium,Delivered,Normal Delivery
T26470,2026-01-12,Rahnuma  khatoon,Noida,125ml Glass Baby Feeding Temperature Sensing Baby Bottle | Color Changing Silicon Sleeve - M Flow ( 3-6 months ) / Blue,Baby Bottle,COD,788,1,1,Medium,Delivered,Call Customer
T26469,2026-01-12,Jeuti Das Banikya,Guwahati,"Borosilicate Glass Bottle with Protective Silicone Sleeve, 750 ml - Pulse Yellow",Water Bottle,COD,838,4,1,Medium,Delivered,Call Customer
T26468,2026-01-12,Mrudula phadke,Pune,"Borosilicate Glass Bottle with Protective Silicone Sleeve, 750 ml - Cool Green",Water Bottle,UPI,799,1,1,Low,Delivered,Normal Delivery
T26467,2026-01-12,Sarvesh Sarda,Ichalkaranji,"Customized Borosilicate Glass Bottle , 750 ml - Cool Green",Water Bottle,UPI,899,3,1,Low,Delivered,Normal Delivery
T26466,2026-01-12,Varsha rohith,Bangalore,"Borosilicate Glass Bottle with Protective Silicone Sleeve, 750 ml - Energy Red",Water Bottle,UPI,799,3,3,Low,Delivered,Normal Delivery
T26465,2026-01-12,Rishab Menghrajani,Bangaore,"1Â Litre , Motivational Glass Sipper Bottle - Lunar Blue",1L Water Bottle,COD,1038,3,4,Medium,Returned,Send Reminder
T26464,2026-01-12,Rohini Deshmukh,Mumbai,"Borosilicate Glass Lunch Box with Silicone Sleeve, 300 ml - Oasis Blue",300ml Lunch Box,COD,1447,0,4,Medium,Delivered,Call Customer
T26463,2026-01-12,Shilpa Sharma,Ghaziabad,250ml Glass Baby Feeding Temperature Sensing Baby Bottle | Color Changing Silicon Sleeve - M Flow ( 6-10 months ) / Blue,Baby Bottle,UPI,849,3,1,Low,Delivered,Normal Delivery
T26462,2026-01-12,Seema Chawla,Delhi,250ml Glass Baby Feeding Temperature Sensing Baby Bottle | Color Changing Silicon Sleeve - M Flow ( 6-10 months ) / Pink,Baby Bottle,COD,888,4,1,Medium,Delivered,Call Customer
T26461,2026-01-12,Rahila -,Bangalore,Stainless Steel Straws- PackÂ ofÂ 4 - Stainless Steel and Silicone,Straws,COD,1047,1,1,Medium,Delivered,Call Customer
T26460,2026-01-12,abhishek bitolia,Gurgaon,"Borosilicate Glass Bottle with Protective Silicone Sleeve, 750 ml - Atomic Green",Water Bottle,COD,838,2,4,Medium,Delivered,Call Customer
T26459,2026-01-12,JAYANTH KANDASAMY,Tiruchengode,"Borosilicate Glass Bottle with Protective Silicone Sleeve, 750 ml - Power Blue",Water Bottle,COD,838,4,1,Medium,Delivered,Normal Delivery
T26458,2026-01-12,Kajal  vora,Mumbai,"Borosilicate Glass Bottle with Protective Silicone Sleeve, 750 ml - Cool Green",Water Bottle,COD,2337,4,1,Medium,Delivered,Normal Delivery
T26457,2026-01-12,Surekha -,Hyderabad,125ml Glass Baby Feeding Temperature Sensing Baby Bottle | Color Changing Silicon Sleeve - S Flow ( 0-3 months ) / Pink,Baby Bottle,UPI,1548,3,1,Low,Delivered,Normal Delivery
T26456,2026-01-12,Zubair shaikh,Mumbai,"TintCup Borosilicate Glass Coffee Cup with Silicone Lid & Grip, 350 ml - Dashing Blue",Coffee Cups,UPI,759,0,1,Low,Delivered,Normal Delivery
T26455,2026-01-12,Mina patel,Ahmedabad,"Borosilicate Glass Bottle Duo with Protective Silicone Sleeve, 750 ml - Grey & Blue",Water Bottle Combo,COD,1478,1,1,Medium,Delivered,Call Customer
T26454,2026-01-12,Sandeep Kanda,Pune,Pack of 4 Stainless Steel Straws with Silicone Tip and Cleaning Brush - Stainless Steel and Silicone,Straws,UPI,2376,0,1,Low,Delivered,Normal Delivery
T26453,2026-01-12,sarah bansod,Nagpur,250ml Glass Baby Feeding Temperature Sensing Baby Bottle | Color Changing Silicon Sleeve - + Flow ( 10+ months ) / Blue,Baby Bottle,UPI,849,1,1,Low,Delivered,Normal Delivery
T26452,2026-01-12,Abha Dandona,Delhi,"1Â Litre , Motivational Glass Sipper Bottle - Venus Pink",1L Water Bottle,UPI,999,1,1,Low,Delivered,Normal Delivery
T26451,2026-01-12,Madhu -,Gurgaon,"Borosilicate Glass Bottle Duo with Protective Silicone Sleeve, 750 ml - Grey & Blue",Water Bottle Combo,COD,1478,0,2,Medium,Delivered,Call Customer
T26450,2026-01-12,Shanthananda thimmaiah,Bangalore,Set of 3 Borosilicate Glass Lunch Box ( 300ml ) with Bag & Customized Bottle - Power Blue,300ml Lunch Box,UPI,3049,4,1,Low,Delivered,Normal Delivery
T26449,2026-01-12,ajay thakur,Noida,"Customized Borosilicate Glass Bottle , 750 ml - Cool Green",Water Bottle,UPI,899,1,2,Low,Delivered,Normal Delivery
T26448,2026-01-12,Anjum sayyed,Mumbai,250ml Glass Baby Feeding Temperature Sensing Baby Bottle | Color Changing Silicon Sleeve - M Flow ( 6-10 months ) / Blue,Baby Bottle,COD,888,0,1,Medium,Delivered,Call Customer
T26447,2026-01-12,Dali Upadhyay,Akbarpur,250ml Glass Baby Feeding Temperature Sensing Baby Bottle | Color Changing Silicon Sleeve - M Flow ( 6-10 months ) / Blue,Baby Bottle,COD,888,1,1,Medium,Delivered,Call Customer
T26446,2026-01-12,Tejashree  r,Bangalore,Pack of 4 Stainless Steel Straws with Silicone Tip and Cleaning Brush - Stainless Steel and Silicone,Straws,UPI,349,2,1,Low,Delivered,Normal Delivery
T26445,2026-01-12,Gowthami renny,Bangalore,Stainless Steel Straws- PackÂ ofÂ 4 - Stainless Steel and Silicone,Straws,UPI,1997,4,2,Low,Delivered,Normal Delivery
T26444,2026-01-12,Pranav jawade,Udupi,"Borosilicate Glass Bottle with Protective Silicone Sleeve, 750 ml - Grey & Blue",Water Bottle,UPI,1619,3,1,Low,Delivered,Normal Delivery
T26443,2026-01-12,Simran nag,Delhi,"Borosilicate Glass Bottle with Protective Silicone Sleeve, 750 ml - Pulse Yellow",Water Bottle,COD,838,1,2,Medium,Returned,Call Customer
T26442,2026-01-12,Shamseena -,Nilambur,125ml Glass Baby Feeding Temperature Sensing Baby Bottle | Color Changing Silicon Sleeve - M Flow ( 3-6 months ) / Blue,Baby Bottle,UPI,749,2,1,Low,Delivered,Normal Delivery
T26441,2026-01-12,Rohan Jokhi,Vadodara,"1Â Litre , Motivational Glass Sipper Bottle - Lunar Blue",1L Water Bottle,UPI,999,3,1,Low,Delivered,Normal Delivery
T26440,2026-01-12,Priyal donga,Keshod,125ml Glass Baby Feeding Temperature Sensing Baby Bottle | Color Changing Silicon Sleeve - M Flow ( 3-6 months ) / Blue,Baby Bottle,UPI,749,3,1,Low,Delivered,Normal Delivery
T26439,2026-01-12,Dhrubajyoti basu,Mumbai,Set of 3 GlassUp ( 500ml ) Lunch Box - Coral Green & Arctic Blue & Marine Grey,500ml Lunch Box,UPI,2199,1,1,Low,Delivered,Normal Delivery
T26438,2026-01-12,PADMALAYA CONSTRUCTIONS,GUNTUR,"Borosilicate Glass Bottle with Protective Silicone Sleeve, 750 ml - Energy Red",Water Bottle,UPI,1648,0,1,Low,Delivered,Normal Delivery
T26437,2026-01-12,Renitta Barboza,Mumbai,250ml Glass Baby Feeding Temperature Sensing Baby Bottle | Color Changing Silicon Sleeve - M Flow ( 6-10 months ) / Blue,Baby Bottle,UPI,849,1,1,Low,Delivered,Normal Delivery
T26436,2026-01-12,Yogita raut,Pune,"Borosilicate Glass Bottle with Protective Silicone Sleeve, 750 ml - Cool Green",Water Bottle,COD,838,2,1,Medium,Delivered,Call Customer
T26435,2026-01-12,Munawarkhan khan,Bengaluru,250ml Glass Baby Feeding Temperature Sensing Baby Bottle | Color Changing Silicon Sleeve - M Flow ( 6-10 months ) / Pink,Baby Bottle,COD,888,3,4,Medium,Returned,Call Customer
T26434,2026-01-12,Sajeesh reghunathan,Dakshina Kannada,250ml Glass Baby Feeding Temperature Sensing Baby Bottle | Color Changing Silicon Sleeve - + Flow ( 10+ months ) / Pink,Baby Bottle,COD,888,1,2,Medium,Delivered,Call Customer
T26433,2026-01-12,Raman chopra,Delhi,250ml Glass Baby Feeding Temperature Sensing Baby Bottle | Color Changing Silicon Sleeve - + Flow ( 10+ months ) / Blue,Baby Bottle,COD,888,0,2,Medium,Delivered,Call Customer
T26432,2026-01-12,Shivin jain,Mumbai,"1Â Litre , Motivational Glass Sipper Bottle - Lunar Blue",1L Water Bottle,UPI,2747,1,3,Low,Delivered,Normal Delivery
T26431,2026-01-12,Pooja kokate,Mumbai,250ml Glass Baby Feeding Temperature Sensing Baby Bottle | Color Changing Silicon Sleeve - M Flow ( 6-10 months ) / Blue,Baby Bottle,UPI,849,4,1,Low,Delivered,Normal Delivery
T26430,2026-01-12,Binita -,Jalandhar,125ml Glass Baby Feeding Temperature Sensing Baby Bottle | Color Changing Silicon Sleeve - M Flow ( 3-6 months ) / Blue,Baby Bottle,COD,788,6,1,Medium,Delivered,Call Customer
T26429,2026-01-12,Neelakshi srivastava,Delhi,"Borosilicate Glass Bottle with Protective Silicone Sleeve, 750 ml - Atomic Green",Water Bottle,UPI,1648,0,1,Low,Delivered,Normal Delivery
T26428,2026-01-11,Rajashree Kimtee,Hyderabad,"Customized Borosilicate Glass Bottle , 750 ml - Power Blue",Water Bottle,UPI,2597,2,3,Low,Delivered,Normal Delivery
T26427,2026-01-11,Ku payum,Papum Pare,125ml Glass Baby Feeding Temperature Sensing Baby Bottle | Color Changing Silicon Sleeve - M Flow ( 3-6 months ) / Pink,Baby Bottle,UPI,749,3,1,Low,Delivered,Normal Delivery
T26426,2026-01-11,Rohinee raj more,Nasik,250ml Glass Baby Feeding Temperature Sensing Baby Bottle | Color Changing Silicon Sleeve - M Flow ( 6-10 months ) / Blue,Baby Bottle,COD,888,1,4,Medium,Delivered,Call Customer
T26425,2026-01-11,Judi joseph,TIRUCHIRAPPALLI,250ml Glass Baby Feeding Temperature Sensing Baby Bottle | Color Changing Silicon Sleeve - + Flow ( 10+ months ) / Blue,Baby Bottle,UPI,849,0,1,Low,Delivered,Normal Delivery
T26424,2026-01-11,MANNAN .,Chennai,"Borosilicate Glass Bottle with Protective Silicone Sleeve, 750 ml - Atomic Green",Water Bottle,COD,838,4,4,Medium,Delivered,Call Customer
T26423,2026-01-11,Sunny Gulati,New Delhi,Set of 3 Borosilicate Glass Lunch Boxes(300 ml) with Bag &Â BottleÂ (750Â ml) - Lightning Grey,300ml Lunch Box,UPI,2949,0,1,Low,Delivered,Normal Delivery
T26422,2026-01-11,Preeti Khandare,Pune,"Borosilicate Glass Bottle Duo with Protective Silicone Sleeve, 750 ml - Grey & Green",Water Bottle Combo,UPI,2788,4,1,Low,Delivered,Normal Delivery
T26421,2026-01-11,M. benjamin,Lucknow,TintBox Borosilicate Glass Food Container (300ml)-Set ofÂ 3Â withoutÂ Bag - Blue & Orange & Green,Water Bottle Combo,UPI,1699,2,1,Low,Delivered,Normal Delivery
T26420,2026-01-11,puja bansal,Mumbai,"Borosilicate Glass Bottle with Protective Silicone Sleeve, 750 ml - Grey & Blue",Water Bottle,UPI,1619,3,1,Low,Delivered,Normal Delivery
T26419,2026-01-11,Animesh sinha,Patna,(Spare) BPA Free Spout Lid for TintBox 750ml Borosilicate Glass Water Bottle,Water Bottle,UPI,210,2,1,Low,Delivered,Normal Delivery
T26418,2026-01-11,Rashi parmar,Gurgaon,125ml Glass Baby Feeding Temperature Sensing Baby Bottle | Color Changing Silicon Sleeve - M Flow ( 3-6 months ) / Blue,Baby Bottle,UPI,749,1,1,Low,Delivered,Normal Delivery
T26417,2026-01-11,Rashmi K,Rayagada,"1Â Litre , Motivational Glass Sipper Bottle - Lunar Blue",1L Water Bottle,UPI,999,0,1,Low,Delivered,Normal Delivery
T26416,2026-01-11,Muriel cardoso,Goa,Set of 2 Grey GlassUp ( 500ml ) Lunch Box with Bag & Bottle - Lightning Grey,500ml Lunch Box,UPI,2599,4,1,Low,Delivered,Refund Initiated
T26415,2026-01-11,Umang patel,Ahmedabad,"Borosilicate Glass Bottle with Protective Silicone Sleeve, 750 ml - Lightning Grey",Water Bottle,COD,838,4,1,Medium,Delivered,Call Customer
T26414,2026-01-11,Anju Gupta,Ambala,"Borosilicate Glass Bottle with Protective Silicone Sleeve, 750 ml - Power Blue",Water Bottle,COD,2436,0,3,Medium,Delivered,Call Customer
T26413,2026-01-11,Chandan m,Bangalore,"Customized Borosilicate Glass Bottle , 750 ml - Power Blue",Water Bottle,UPI,2697,0,1,Low,Delivered,Normal Delivery
T26412,2026-01-11,Anita verma,Delhi,"Borosilicate Glass Bottle with Protective Silicone Sleeve, 750 ml - Cool Green",Water Bottle,COD,1637,1,1,Medium,Delivered,Call Customer
T26411,2026-01-11,Sugandha -,Bangalore,"Borosilicate Glass Bottle with Protective Silicone Sleeve, 750 ml - Energy Red",Water Bottle,UPI,799,2,1,Low,Delivered,Normal Delivery
T26410,2026-01-11,Kalyan -,Hyderabad,"Customized Borosilicate Glass Bottle , 750 ml - Lightning Grey",Water Bottle,UPI,899,4,1,Low,Delivered,Normal Delivery
T26409,2026-01-11,Naina  dang,Jamshedpur,"Borosilicate Glass Bottle with Protective Silicone Sleeve, 750 ml - Cool Green",Water Bottle,COD,838,1,3,Medium,Delivered,Normal Delivery
T26408,2026-01-11,Patel Harshkumar Chimanbhai,Surat,"Borosilicate Glass Bottle with Protective Silicone Sleeve, 750 ml - Cool Green",Water Bottle,UPI,799,2,1,Low,Delivered,Normal Delivery
T26407,2026-01-11,Nirmit shah,Mumbai,"Borosilicate Glass Bottle with Protective Silicone Sleeve, 750 ml - Power Blue",Water Bottle,UPI,799,1,1,Low,Delivered,Normal Delivery
T26406,2026-01-11,Corrina castelino,Mumbai,"Borosilicate Glass Bottle with Protective Silicone Sleeve, 750 ml - Energy Red",Water Bottle,UPI,799,4,1,Low,Delivered,Normal Delivery
T26405,2026-01-11,Arihant jain,Pune,"Borosilicate Glass Bottle with Protective Silicone Sleeve, 750 ml - Power Blue",Water Bottle,COD,838,6,1,Medium,Delivered,Call Customer
T26404,2026-01-11,Nida Firoz,Delhi,250ml Glass Baby Feeding Temperature Sensing Baby Bottle | Color Changing Silicon Sleeve - M Flow ( 6-10 months ) / Pink,Baby Bottle,COD,888,0,3,Medium,Returned,Call Customer
T26403,2026-01-11,Hussain Khan,KOLKATA,125ml Glass Baby Feeding Temperature Sensing Baby Bottle | Color Changing Silicon Sleeve - M Flow ( 3-6 months ) / Blue,Baby Bottle,UPI,749,0,1,Low,Delivered,Normal Delivery
T26402,2026-01-11,Naushaba shaikh,Pune,"TintCup Borosilicate Glass Coffee Cup with Silicone Lid & Grip, 350 ml - Dashing Blue",Coffee Cups,UPI,759,2,1,Low,Delivered,Normal Delivery
T26401,2026-01-11,Samarpan roy,Pune,"Borosilicate Glass Bottle with Protective Silicone Sleeve, 750 ml - Power Blue",Water Bottle,UPI,799,3,1,Low,Delivered,Normal Delivery
T26400,2026-01-11,Ekam Sanjeev,GURGAON,250ml Glass Baby Feeding Temperature Sensing Baby Bottle | Color Changing Silicon Sleeve - M Flow ( 6-10 months ) / Pink,Baby Bottle,COD,888,5,1,Medium,Delivered,Call Customer
T26399,2026-01-11,m f baig,Hyderabad,250ml Glass Baby Feeding Temperature Sensing Baby Bottle | Color Changing Silicon Sleeve - M Flow ( 6-10 months ) / Pink,Baby Bottle,COD,888,2,4,Medium,Returned,Call Customer
T26398,2026-01-11,Namrata Jasani,Mumbai,Stainless Steel Straws- PackÂ ofÂ 4 - Stainless Steel and Silicone,Straws,UPI,1797,3,1,Low,Delivered,Normal Delivery
T26397,2026-01-11,Pragathigr gorantla,Chennai,"Borosilicate Glass Bottle Duo with Protective Silicone Sleeve, 750 ml - Grey & Blue",Water Bottle Combo,UPI,1439,1,1,Low,Delivered,Normal Delivery
T26396,2026-01-11,Brahampreet Kang,Ernakulam,"Tintbox Cool, Canvas, Eco-Friendly Lunch Bag For Office",Water Bottle,UPI,2444,1,1,Low,Delivered,Normal Delivery
T26395,2026-01-11,kiran -,Bangalore,"Borosilicate Glass Bottle with Protective Silicone Sleeve, 750 ml - Pulse Yellow",Water Bottle,UPI,799,4,1,Low,Delivered,Normal Delivery
T26394,2026-01-11,Kv suryanarayana,Chipurupalli,"Borosilicate Glass Bottle with Protective Silicone Sleeve, 750 ml - Cool Green",Water Bottle,UPI,799,3,3,Low,Returned,Send Reminder
T26393,2026-01-11,Asha bansal,Pune,"Borosilicate Glass Bottle with Protective Silicone Sleeve, 750 ml - Atomic Green",Water Bottle,COD,838,4,3,Medium,Returned,Call Customer
T26392,2026-01-11,Hetavi patel,Surat,"TintCup Borosilicate Glass Coffee Cup with Silicone Lid & Grip, 350 ml - Dashing Blue",Coffee Cups,COD,1507,0,1,Medium,Delivered,Call Customer
T26391,2026-01-11,Jigar Kapadia,Mumbai,TintCup Borosilicate Glass Coffee CupÂ CoupleÂ Combo - Blue & Grey,Coffee Cups,COD,4626,3,1,Medium,Delivered,Normal Delivery
T26390,2026-01-11,Manju Ghai,Dehradun,250ml Glass Baby Feeding Temperature Sensing Baby Bottle | Color Changing Silicon Sleeve - M Flow ( 6-10 months ) / Pink,Baby Bottle,COD,888,2,1,Medium,Delivered,Call Customer
T26389,2026-01-11,Advocate Adnan Aamir,Azamgarh,Set of 3 Borosilicate Glass Lunch box with Canvas Bag - Blue & Orange & Green,500ml Lunch Box,UPI,1949,0,1,Low,Delivered,Call Customer
T26388,2026-01-11,Sanya  n,Delhi,"TintCup Borosilicate Glass Coffee Cup with Silicone Lid & Grip, 350 ml - Java Brown",Coffee Cups,UPI,759,0,1,Low,Delivered,Normal Delivery
T26387,2026-01-11,Janet p,Bangalore,125ml Glass Baby Feeding Temperature Sensing Baby Bottle | Color Changing Silicon Sleeve - M Flow ( 3-6 months ) / Blue,Baby Bottle,UPI,749,2,1,Low,Delivered,Normal Delivery
T26386,2026-01-11,Rudri Dave,Mehsana,"Borosilicate Glass Bottle with Protective Silicone Sleeve, 750 ml - Grey & Blue",Water Bottle,UPI,1619,0,1,Low,Delivered,Normal Delivery
T26385,2026-01-11,Yamini prabhakar,Pune,"Borosilicate Glass Bottle with Protective Silicone Sleeve, 750 ml - Power Blue",Water Bottle,UPI,799,3,1,Low,Delivered,Normal Delivery
T26384,2026-01-11,Disha -,Bangalore,"TintCup Borosilicate Glass Coffee Cup with Silicone Lid & Grip, 350 ml - Wooden Cork Grip",Coffee Cups,UPI,759,4,1,Low,Delivered,Normal Delivery
T26383,2026-01-11,sunil kumar,Indore,"Borosilicate Glass Lunch Box with Silicone Sleeve, 300 ml - Oasis Blue",300ml Lunch Box,COD,1487,0,4,Medium,Returned,Call Customer
T26382,2026-01-11,Megha Pardesi,Pune,"Customized Borosilicate Glass Bottle , 750 ml - Cool Green",Water Bottle,UPI,899,3,1,Low,Delivered,Normal Delivery
T26381,2026-01-11,Poonam  kapadia,Mumbai,"TintCup Borosilicate Glass Coffee Cup with Silicone Lid & Grip, 350 ml - Dynamic Grey",Coffee Cups,UPI,759,1,1,Low,Delivered,Normal Delivery
T26380,2026-01-11,Ashish Poigal,Hyderabad,Set of 3 GlassUp ( 500ml ) Lunch Box - Arctic Blue,500ml Lunch Box,UPI,2398,3,1,Low,Delivered,Normal Delivery
T26379,2026-01-11,Joy -,Bangalore,"TintCup Borosilicate Glass Coffee Cup with Silicone Lid & Grip, 350 ml - Cosmic Purple",Coffee Cups,UPI,1008,4,1,Low,Delivered,Normal Delivery
T26378,2026-01-11,Glory Brighton,Tirunelveli,125ml Glass Baby Feeding Temperature Sensing Baby Bottle | Color Changing Silicon Sleeve - M Flow ( 3-6 months ) / Blue,Baby Bottle,COD,788,3,1,Medium,Delivered,Normal Delivery
T26377,2026-01-11,Sanchit  jain,Etawah,250ml Glass Baby Feeding Temperature Sensing Baby Bottle | Color Changing Silicon Sleeve - M Flow ( 6-10 months ) / Blue,Baby Bottle,COD,888,2,3,Medium,Delivered,Call Customer
T26376,2026-01-11,Khushal Sain,Jaipur,125ml Glass Baby Feeding Temperature Sensing Baby Bottle | Color Changing Silicon Sleeve - S Flow ( 0-3 months ) / Pink,Baby Bottle,UPI,749,4,1,Low,Delivered,Normal Delivery
T26375,2026-01-11,Kirti sachdeva sachdeva,PANIPAT,"TintCup Borosilicate Glass Coffee Cup with Silicone Lid & Grip, 350 ml - Mighty Pink",Coffee Cups,COD,2396,1,1,Medium,Delivered,Normal Delivery
T26374,2026-01-11,Aryan agrawal,Mumbai,"Borosilicate Glass Bottle with Protective Silicone Sleeve, 750 ml - Lightning Grey",Water Bottle,COD,1597,2,3,Medium,Delivered,Call Customer
T26373,2026-01-11,Rachna dogra,New Delhi,Borosilicate Glass Bottle with Protective Silicone Sleeve - Cool Green,Water Bottle,UPI,799,3,1,Low,Delivered,Normal Delivery
T26372,2026-01-11,Rishabh padia,Delhi,250ml Glass Baby Feeding Temperature Sensing Baby Bottle | Color Changing Silicon Sleeve - M Flow ( 6-10 months ) / Pink,Baby Bottle,UPI,849,4,1,Low,Delivered,Normal Delivery
T26371,2026-01-11,Shim Vasah,Delhi,125ml Glass Baby Feeding Temperature Sensing Baby Bottle | Color Changing Silicon Sleeve - M Flow ( 3-6 months ) / Blue,Baby Bottle,UPI,749,1,1,Low,Delivered,Normal Delivery
T26370,2026-01-11,Manpreet manpreet,Ghaziabad,250ml Glass Baby Feeding Temperature Sensing Baby Bottle | Color Changing Silicon Sleeve - + Flow ( 10+ months ) / Blue,Baby Bottle,COD,888,2,1,Medium,Delivered,Call Customer
T26369,2026-01-11,Dinesh khurana,Paonta sahib,"Borosilicate Glass Bottle with Protective Silicone Sleeve, 750 ml - Cool Green",Water Bottle,COD,838,5,1,Medium,Delivered,Call Customer
T26368,2026-01-11,Renuka kulkarni,Pune,"TintCup Borosilicate Glass Coffee Cup with Silicone Lid & Grip, 350 ml - Dashing Blue",Coffee Cups,UPI,759,1,1,Low,Delivered,Normal Delivery
T26367,2026-01-11,Surabhi singh,South West Delhi,250ml Glass Baby Feeding Temperature Sensing Baby Bottle | Color Changing Silicon Sleeve - M Flow ( 6-10 months ) / Blue,Baby Bottle,UPI,849,3,1,Low,Delivered,Normal Delivery
T26366,2026-01-11,Tasneem alot wala,Kota,"Borosilicate Glass Bottle with Protective Silicone Sleeve, 750 ml - Cool Green",Water Bottle,COD,2307,1,4,Medium,Delivered,Call Customer
T26365,2026-01-11,Anki arora,Alwar,"Borosilicate Glass Bottle with Protective Silicone Sleeve, 750 ml - Power Blue",Water Bottle,UPI,799,0,4,Low,Returned,Send Reminder
T26364,2026-01-11,Abantika barman,Mumbai,"Customized TintCup Borosilicate Glass Coffee Cup with Silicone Lid & Grip, 350 ml - Mighty Pink",Coffee Cups,UPI,2597,2,2,Low,Delivered,Normal Delivery
T26363,2026-01-11,Thanusha anantha,Bangalore,"Customized TintCup Borosilicate Glass Coffee Cup with Silicone Lid & Grip, 350 ml - Dynamic Grey",Coffee Cups,UPI,849,1,1,Low,Delivered,Normal Delivery
T26362,2026-01-11,Nishith Agarwal,Mumbai,"Borosilicate Glass Bottle with Protective Silicone Sleeve, 750 ml - Grey & Blue",Water Bottle,UPI,1619,3,1,Low,Delivered,Normal Delivery
T26361,2026-01-11,Shavni -,Navi mumbai,250ml Glass Baby Feeding Temperature Sensing Baby Bottle | Color Changing Silicon Sleeve - + Flow ( 10+ months ) / Pink,Baby Bottle,COD,888,3,3,Medium,Delivered,Call Customer
T26360,2026-01-11,Ipsita mohanty,Bhubaneshwar,"Borosilicate Glass Bottle with Protective Silicone Sleeve, 750 ml - Pulse Yellow",Water Bottle,COD,838,1,4,Medium,Delivered,Call Customer
T26359,2026-01-11,Kushal Saini,Hansi,(Spare) BPA Free Spout Lid for TintBox 750ml Borosilicate Glass Water Bottle,Water Bottle,UPI,210,3,1,Low,Delivered,Normal Delivery
T26358,2026-01-11,Priti bhagat,punepune,"Borosilicate Glass Bottle with Protective Silicone Sleeve, 750 ml - Power Blue",Water Bottle,COD,838,4,1,Medium,Delivered,Normal Delivery
T26357,2026-01-11,Ss .,Ludhiana,"Borosilicate Glass Bottle with Protective Silicone Sleeve, 750 ml - Power Blue",Water Bottle,COD,838,4,3,Medium,Delivered,Call Customer
T26356,2026-01-11,aniket -,Hoshiarpur,"Borosilicate Glass Bottle with Protective Silicone Sleeve, 750 ml - Grey & Blue",Water Bottle,COD,1658,4,1,Medium,Delivered,Call Customer
T26355,2026-01-11,Akshay kadam,Pune,"Customized Borosilicate Glass Bottle , 750 ml - Power Blue",Water Bottle,UPI,1798,0,1,Low,Delivered,Normal Delivery
T26354,2026-01-11,Naman  jain,Jabalpur,"Borosilicate Glass Bottle with Protective Silicone Sleeve, 750 ml - Lightning Grey",Water Bottle,UPI,799,1,1,Low,Delivered,Normal Delivery
T26353,2026-01-11,Suhas peddaraju,Hyderabad,TintBox Borosilicate Glass Food Container (300ml)-Set ofÂ 3Â withoutÂ Bag - Blue & Orange & Green,Water Bottle Combo,COD,1738,5,1,Medium,Delivered,Call Customer
T26352,2026-01-11,Sanjana Suhas,Mysore,"Borosilicate Glass Bottle with Protective Silicone Sleeve, 750 ml - Lightning Grey",Water Bottle,COD,838,0,2,Medium,Delivered,Normal Delivery
T26351,2026-01-11,Damik  sariang,Shillong,250ml Glass Baby Feeding Temperature Sensing Baby Bottle | Color Changing Silicon Sleeve - M Flow ( 6-10 months ) / Blue,Baby Bottle,COD,888,6,1,Medium,Delivered,Call Customer
T26350,2026-01-11,Indu murugesan,Coimbatore,125ml Glass Baby Feeding Temperature Sensing Baby Bottle | Color Changing Silicon Sleeve - S Flow ( 0-3 months ) / Blue,Baby Bottle,UPI,749,3,1,Low,Delivered,Normal Delivery
T26349,2026-01-11,Namrata sindhava,PUNE,"Customized TintCup Borosilicate Glass Coffee Cup with Silicone Lid & Grip, 350 ml - Java Brown",Coffee Cups,UPI,849,0,2,Low,Delivered,Normal Delivery
T26348,2026-01-11,Anamzoya Shaikh,Pune,250ml Glass Baby Feeding Temperature Sensing Baby Bottle | Color Changing Silicon Sleeve - M Flow ( 6-10 months ) / Blue,Baby Bottle,COD,888,3,4,Medium,Delivered,Call Customer
T26347,2026-01-11,Kamaljeet singh,Zirakpur,Set of 3 Borosilicate Glass Lunch Boxes(300 ml) with Bag &Â BottleÂ (750Â ml) - Cool Green,300ml Lunch Box,COD,2988,3,4,Medium,Returned,Call Customer
T26346,2026-01-11,Durga M,Chennai,125ml Glass Baby Feeding Temperature Sensing Baby Bottle | Color Changing Silicon Sleeve - S Flow ( 0-3 months ) / Pink,Baby Bottle,UPI,749,2,1,Low,Delivered,Normal Delivery
T26345,2026-01-11,Swathi v,Udupi,Glass Baby Feeding Temperature Sensing Baby Bottle | Color Changing Silicon Sleeve - 250ml (6-15 months) / Blue / Medium,Baby Bottle,COD,888,4,4,Medium,Delivered,Call Customer
T26344,2026-01-11,Priyanka Jeshtavel,Krishnagiri,"Customized TintCup Borosilicate Glass Coffee Cup with Silicone Lid & Grip, 350 ml - Mighty Pink",Coffee Cups,UPI,849,3,1,Low,Delivered,Normal Delivery
T26343,2026-01-10,Anchal sharma,VARANASI,"Borosilicate Glass Bottle with Protective Silicone Sleeve, 750 ml - Pulse Yellow",Water Bottle,COD,838,2,1,Medium,Delivered,Normal Delivery
T26342,2026-01-10,Meghana Abhishek Kaushik,Ramanathapura,125ml Glass Baby Feeding Temperature Sensing Baby Bottle | Color Changing Silicon Sleeve - M Flow ( 3-6 months ) / Pink,Baby Bottle,COD,788,4,4,Medium,Returned,Call Customer
T26341,2026-01-10,Swati Jadhav,Mumbai,"Customized TintCup Borosilicate Glass Coffee Cup with Silicone Lid & Grip, 350 ml - Dynamic Grey",Coffee Cups,UPI,1748,3,1,Low,Delivered,Normal Delivery
T26340,2026-01-10,ravi jha,Mumbai,Set of 3 Borosilicate Glass Lunch box with Canvas Bag - 1 Blue 2 Green,500ml Lunch Box,COD,1988,3,1,Medium,Delivered,Call Customer
T26339,2026-01-10,Divya pandey,Delhi,250ml Glass Baby Feeding Temperature Sensing Baby Bottle | Color Changing Silicon Sleeve - M Flow ( 6-10 months ) / Blue,Baby Bottle,COD,888,0,1,Medium,Delivered,Call Customer
T26338,2026-01-10,MANOJ KUMAR,Hyderabad,"Borosilicate Glass Bottle with Protective Silicone Sleeve, 750 ml - Pulse Yellow",Water Bottle,UPI,799,0,1,Low,Delivered,Normal Delivery
T26337,2026-01-10,Tejal malde,Ahmedabad,"Customized Borosilicate Glass Bottle , 750 ml - Power Blue",Water Bottle,UPI,2597,4,1,Low,Delivered,Normal Delivery
T26336,2026-01-10,Monu Syed,Beed,125ml Glass Baby Feeding Temperature Sensing Baby Bottle | Color Changing Silicon Sleeve - S Flow ( 0-3 months ) / Pink,Baby Bottle,UPI,749,3,1,Low,Delivered,Normal Delivery
T26335,2026-01-10,NIRMAL SACHAR,SURAT,"Borosilicate Glass Bottle with Protective Silicone Sleeve, 750 ml - Cool Green",Water Bottle,UPI,799,1,1,Low,Delivered,Normal Delivery
T26334,2026-01-10,sridharan -,Palacode,125ml Glass Baby Feeding Temperature Sensing Baby Bottle | Color Changing Silicon Sleeve - S Flow ( 0-3 months ) / Blue,Baby Bottle,COD,788,6,1,Medium,Delivered,Call Customer
T26333,2026-01-10,Jyoti jaiswal,Greater thane,250ml Glass Baby Feeding Temperature Sensing Baby Bottle | Color Changing Silicon Sleeve - M Flow ( 6-10 months ) / Blue,Baby Bottle,UPI,849,0,1,Low,Delivered,Normal Delivery
T26332,2026-01-10,Ruma Banerjee,Uttarpara,125ml Glass Baby Feeding Temperature Sensing Baby Bottle | Color Changing Silicon Sleeve - M Flow ( 3-6 months ) / Blue,Baby Bottle,UPI,749,4,1,Low,Delivered,Normal Delivery
T26331,2026-01-10,Navyatha narayanan,Bangalore,"Customized TintCup Borosilicate Glass Coffee Cup with Silicone Lid & Grip, 350 ml - Mighty Pink",Coffee Cups,UPI,849,3,1,Low,Delivered,Normal Delivery
T26330,2026-01-10,Vipul Nandal,Kaithal,"1Â Litre , Motivational Glass Sipper Bottle - Lunar Blue",1L Water Bottle,UPI,2648,3,1,Low,Delivered,Normal Delivery
T26329,2026-01-10,Manisha Maheshwari,Mumbai,Set of 2 GlassUp ( 500ml ) Lunch Box - Marine Grey & Coral Green,500ml Lunch Box,UPI,2734,1,1,Low,Delivered,Normal Delivery
T26328,2026-01-10,Divya -,Hyderabad,"1Â Litre , Motivational Glass Sipper Bottle - Venus Pink",1L Water Bottle,COD,1038,4,1,Medium,Delivered,Call Customer
T26327,2026-01-10,Smriti Nayyar,Chandigarh,"TintCup Borosilicate Glass Coffee Cup with Silicone Lid & Grip, 350 ml - Java Brown",Coffee Cups,UPI,759,3,1,Low,Delivered,Normal Delivery
T26326,2026-01-10,Rishvanjas Raghavan,Bengaluru,"Borosilicate Glass Bottle with Protective Silicone Sleeve, 750 ml - Power Blue",Water Bottle,UPI,799,0,2,Low,Delivered,Normal Delivery
T26325,2026-01-10,Akshata sawant,Goa,125ml Glass Baby Feeding Temperature Sensing Baby Bottle | Color Changing Silicon Sleeve - S Flow ( 0-3 months ) / Blue,Baby Bottle,UPI,749,6,1,Low,Delivered,Normal Delivery
T26324,2026-01-10,Babita masaun,Navi mumbai,"TintCup Borosilicate Glass Coffee Cup with Silicone Lid & Grip, 350 ml - Mighty Pink",Coffee Cups,COD,1507,1,4,Medium,Returned,Call Customer
T26323,2026-01-10,Rashi Jethwani,Mumbai,Pack of 4 Stainless Steel Straws with Silicone Tip and Cleaning Brush - Stainless Steel and Silicone,Straws,UPI,2595,4,1,Low,Delivered,Normal Delivery
T26322,2026-01-10,Chest of drawers by ammu,North paravur,250ml Glass Baby Feeding Temperature Sensing Baby Bottle | Color Changing Silicon Sleeve - M Flow ( 6-10 months ) / Blue,Baby Bottle,COD,1787,1,1,Medium,Delivered,Call Customer
T26321,2026-01-10,Kathirvel Lakshman,Pune,"Borosilicate Glass Bottle with Protective Silicone Sleeve, 750 ml - Power Blue",Water Bottle,UPI,2247,0,1,Low,Delivered,Normal Delivery
T26320,2026-01-10,Dimple duhlani,Hyderabad,(Spare) BPA Free Spout Lid for TintBox 750ml Borosilicate Glass Water Bottle,Water Bottle,UPI,210,4,1,Low,Delivered,Normal Delivery
T26319,2026-01-10,Shalini singh,Lucknow,250ml Glass Baby Feeding Temperature Sensing Baby Bottle | Color Changing Silicon Sleeve - M Flow ( 6-10 months ) / Pink,Baby Bottle,COD,1787,1,3,Medium,Delivered,Call Customer
T26318,2026-01-10,Vyshnavi Mukkawar,Udgir,125ml Glass Baby Feeding Temperature Sensing Baby Bottle | Color Changing Silicon Sleeve - M Flow ( 3-6 months ) / Pink,Baby Bottle,COD,788,2,1,Medium,Delivered,Call Customer
T26317,2026-01-10,Srinivasa Balaji,Chennai,Set of 3 GlassUp ( 500ml ) Lunch Box with Bag,500ml Lunch Box,UPI,2249,0,1,Low,Delivered,Normal Delivery
T26316,2026-01-10,Rajesh mishra,Bhoirwadi,Set of 3 Borosilicate Glass Lunch box with Canvas Bag - Blue & Orange & Green,500ml Lunch Box,UPI,1949,0,1,Low,Delivered,Normal Delivery
T26315,2026-01-10,Pearlita Dsouza,North Goa,125ml Glass Baby Feeding Temperature Sensing Baby Bottle | Color Changing Silicon Sleeve - S Flow ( 0-3 months ) / Blue,Baby Bottle,UPI,749,0,1,Low,Delivered,Normal Delivery
T26314,2026-01-10,smit dave,Ahmedabad,"Borosilicate Glass Bottle with Protective Silicone Sleeve, 750 ml - Atomic Green",Water Bottle,UPI,799,2,1,Low,Delivered,Normal Delivery
T26313,2026-01-10,Seema Julka,NORTH WEST,"Borosilicate Glass Bottle with Protective Silicone Sleeve, 750 ml - Cool Green",Water Bottle,COD,2307,2,3,Medium,Returned,Call Customer
T26312,2026-01-10,Aarti bhoj,Nasik,Set of 3 GlassUp ( 500ml ) Lunch Box - Arctic Blue,500ml Lunch Box,COD,3887,3,2,Medium,Delivered,Call Customer
T26311,2026-01-10,Mansi Vyas,Gandhinagar,Set of 3 Borosilicate Glass Lunch Boxes(300 ml) with Bag &Â BottleÂ (750Â ml) - Power Blue,300ml Lunch Box,COD,2988,1,4,Medium,Delivered,Call Customer
T26310,2026-01-10,Aruna madhu,Bangalore,"Borosilicate Glass Bottle with Protective Silicone Sleeve, 750 ml - Power Blue",Water Bottle,UPI,799,3,1,Low,Delivered,Normal Delivery
T26309,2026-01-10,Vandana saxena,Delhi,250ml Glass Baby Feeding Temperature Sensing Baby Bottle | Color Changing Silicon Sleeve - M Flow ( 6-10 months ) / Blue,Baby Bottle,UPI,849,1,1,Low,Delivered,Normal Delivery
T26308,2026-01-10,Rahim vali,Tadipatri,"Borosilicate Glass Bottle with Protective Silicone Sleeve, 750 ml - Cool Green",Water Bottle,COD,838,2,4,Medium,Delivered,Call Customer
T26307,2026-01-10,Visalam prabakaran,Bengaluru,Set of 2 Borosilicate Glass Lunch box with Canvas Bag - Forest Green,500ml Lunch Box,UPI,1449,2,1,Low,Delivered,Normal Delivery
T26306,2026-01-10,Milan Desai,MUMBAI,"Borosilicate Glass Bottle with Protective Silicone Sleeve, 750 ml - Atomic Green",Water Bottle,UPI,799,3,1,Low,Delivered,Normal Delivery
T26305,2026-01-10,Nandita bansal,Kolkata,Set of 3 GlassUp ( 500ml ) Lunch Box - Coral Green & Arctic Blue & Marine Grey,500ml Lunch Box,COD,2238,4,1,Medium,Delivered,Normal Delivery
T26304,2026-01-10,Sajith ahamed,Bangalore,"Customized TintCup Borosilicate Glass Coffee Cup with Silicone Lid & Grip, 350 ml - Mighty Pink",Coffee Cups,UPI,849,3,1,Low,Delivered,Refund Initiated
T26303,2026-01-10,Anjali Tiwari,Gurugram,250ml Glass Baby Feeding Temperature Sensing Baby Bottle | Color Changing Silicon Sleeve - M Flow ( 6-10 months ) / Blue,Baby Bottle,UPI,849,1,4,Low,Returned,Send Reminder
T26302,2026-01-10,Shashikala -,Hyderabad,GlassUp 500 ml Borosilicate Glass Lunch Box with Glass Lid & Silicone Sleeve - Coral Green,500ml Lunch Box,COD,1587,3,1,Medium,Delivered,Call Customer
T26301,2026-01-10,Hussain Rangwala,Ahmedabad,250ml Glass Baby Feeding Temperature Sensing Baby Bottle | Color Changing Silicon Sleeve - M Flow ( 6-10 months ) / Blue,Baby Bottle,UPI,849,0,3,Low,Delivered,Normal Delivery
T26300,2026-01-10,ABDULRAUF MUKADAM,Navi mumbai,Set of 2 GlassUp ( 500ml ) Lunch Box with Bag - Coral Green,500ml Lunch Box,UPI,1749,1,1,Low,Delivered,Normal Delivery
T26299,2026-01-10,Spoorthi -,Bangalore,"Customized TintCup Borosilicate Glass Coffee Cup with Silicone Lid & Grip, 350 ml - Dashing Blue",Coffee Cups,UPI,1748,1,1,Low,Delivered,Normal Delivery
T26298,2026-01-10,Vivek BS,Bangalore,"Borosilicate Glass Bottle with Protective Silicone Sleeve, 750 ml - Pulse Yellow",Water Bottle,UPI,799,4,1,Low,Delivered,Normal Delivery
T26297,2026-01-10,Swadha Singh,Ghaziabad,250ml Glass Baby Feeding Temperature Sensing Baby Bottle | Color Changing Silicon Sleeve - + Flow ( 10+ months ) / Blue,Baby Bottle,COD,888,2,1,Medium,Delivered,Normal Delivery
T26296,2026-01-10,Babita masaun,Navi Mumbai,"TintCup Borosilicate Glass Coffee Cup with Silicone Lid & Grip, 350 ml - Mighty Pink",Coffee Cups,COD,1507,5,1,Medium,Delivered,Call Customer
T26295,2026-01-10,Jasmine hyder,Delhi,125ml Glass Baby Feeding Temperature Sensing Baby Bottle | Color Changing Silicon Sleeve - S Flow ( 0-3 months ) / Pink,Baby Bottle,UPI,749,1,1,Low,Delivered,Normal Delivery
T26294,2026-01-10,Nazia shaikh nazia shaikh,Mumbai,"Borosilicate Glass Bottle with Protective Silicone Sleeve, 750 ml - Power Blue",Water Bottle,COD,838,2,1,Medium,Delivered,Normal Delivery
T26293,2026-01-10,Betzy Baboos,Bangalore,GlassUp 500 ml Borosilicate Glass Lunch Box with Glass Lid & Silicone Sleeve - Blue-Green,500ml Lunch Box,UPI,1499,3,1,Low,Delivered,Normal Delivery
T26292,2026-01-10,Shaheen shaikh,THANE,125ml Glass Baby Feeding Temperature Sensing Baby Bottle | Color Changing Silicon Sleeve - S Flow ( 0-3 months ) / Blue,Baby Bottle,UPI,749,0,1,Low,Delivered,Normal Delivery
T26291,2026-01-10,Mrinalini singh,Panna,Pack of 4 Stainless Steel Straws with Silicone Tip and Cleaning Brush - Stainless Steel and Silicone,Straws,UPI,349,6,1,Low,Delivered,Normal Delivery
T26290,2026-01-10,Richard rodrigues,THANE,"1Â Litre , Motivational Glass Sipper Bottle - Lunar Blue",1L Water Bottle,UPI,1998,4,1,Low,Delivered,Normal Delivery
T26289,2026-01-10,Sharmi R,Dindigul,"Borosilicate Glass Bottle with Protective Silicone Sleeve, 750 ml - Power Blue",Water Bottle,UPI,799,2,1,Low,Delivered,Normal Delivery
T26288,2026-01-10,Vinayak dalvi,Mumbai,Set of 2 GlassUp ( 500ml ) Lunch Box - Coral Green & Arctic Blue,500ml Lunch Box,UPI,1499,1,2,Low,Delivered,Normal Delivery
T26287,2026-01-10,Muktha vikas,Bangalore,"Borosilicate Glass Bottle with Protective Silicone Sleeve, 750 ml - Pulse Yellow",Water Bottle,UPI,799,2,1,Low,Delivered,Normal Delivery
T26286,2026-01-10,Renu -,Dharamshala,"Borosilicate Glass Bottle with Protective Silicone Sleeve, 750 ml - Energy Red",Water Bottle,UPI,799,1,1,Low,Delivered,Normal Delivery
T26285,2026-01-10,Amaan Aslam,Delhi,"1Â Litre , Motivational Glass Sipper Bottle - Venus Pink",1L Water Bottle,COD,1038,2,3,Medium,Delivered,Call Customer
T26284,2026-01-10,ROHIT NAUTIYAL,Goa,"Borosilicate Glass Bottle with Protective Silicone Sleeve, 750 ml - Cool Green",Water Bottle,UPI,799,1,1,Low,Delivered,Normal Delivery
T26283,2026-01-10,Rashmi ranawat,Mumbai,"Borosilicate Glass Bottle with Protective Silicone Sleeve, 750 ml - Cool Green",Water Bottle,UPI,799,3,1,Low,Delivered,Normal Delivery
T26282,2026-01-10,Kumutha m s,Chennai,"Borosilicate Glass Lunch Box with Silicone Sleeve, 300 ml - Oasis Blue",300ml Lunch Box,UPI,1498,1,1,Low,Delivered,Normal Delivery
T26281,2026-01-10,Ragini Patel,Patna,"Borosilicate Glass Bottle with Protective Silicone Sleeve, 750 ml - Grey & Blue",Water Bottle,COD,1658,1,1,Medium,Delivered,Call Customer
T26280,2026-01-10,aura solution,Gurgaon,"Borosilicate Glass Bottle with Protective Silicone Sleeve, 750 ml - Cool Green",Water Bottle,UPI,799,0,1,Low,Delivered,Normal Delivery
T26279,2026-01-10,Sharada datar,Kharghar,"Customized TintCup Borosilicate Glass Coffee Cup with Silicone Lid & Grip, 350 ml - Dynamic Grey",Coffee Cups,UPI,1748,1,1,Low,Delivered,Normal Delivery
T26278,2026-01-10,Murthy upadhyayula,Hyderabad,125ml Glass Baby Feeding Temperature Sensing Baby Bottle | Color Changing Silicon Sleeve - S Flow ( 0-3 months ) / Blue,Baby Bottle,UPI,749,0,1,Low,Delivered,Normal Delivery
T26277,2026-01-10,Damini maheshwari,Delhi,250ml Glass Baby Feeding Temperature Sensing Baby Bottle | Color Changing Silicon Sleeve - + Flow ( 10+ months ) / Blue,Baby Bottle,UPI,2447,4,1,Low,Delivered,Normal Delivery
T26276,2026-01-10,Ankita saini,Nangal,125ml Glass Baby Feeding Temperature Sensing Baby Bottle | Color Changing Silicon Sleeve - S Flow ( 0-3 months ) / Blue,Baby Bottle,UPI,749,0,1,Low,Delivered,Normal Delivery
T26275,2026-01-10,Meena Sivakumar,Bangalore,Set of 3 Borosilicate Glass Lunch box with Canvas Bag - 2 Blue 1 Green,500ml Lunch Box,UPI,1949,3,1,Low,Delivered,Normal Delivery
T26274,2026-01-10,Hariprasad  r,Thiruvananthapuram,"Borosilicate Glass Bottle with Protective Silicone Sleeve, 750 ml - Pulse Yellow",Water Bottle,UPI,1748,0,1,Low,Delivered,Normal Delivery
T26273,2026-01-10,Rahulsingh jadaun,Ahmedabad,"Borosilicate Glass Bottle with Protective Silicone Sleeve, 750 ml - Cool Green",Water Bottle,UPI,799,4,1,Low,Delivered,Normal Delivery
T26272,2026-01-10,Madhuri rathore,Indore,"Borosilicate Glass Bottle with Protective Silicone Sleeve, 750 ml - Lightning Grey",Water Bottle,UPI,799,3,1,Low,Delivered,Normal Delivery
T26271,2026-01-10,Aishwarya Singh,Bathinda,Set of 3 GlassUp ( 500ml ) Lunch Box - Coral Green & Arctic Blue & Marine Grey,500ml Lunch Box,UPI,2199,2,1,Low,Delivered,Normal Delivery
T26270,2026-01-10,Richa Painkra,Raipur,"1Â Litre , Motivational Glass Sipper Bottle - Venus Pink",1L Water Bottle,UPI,1998,2,1,Low,Delivered,Normal Delivery
T26269,2026-01-10,Prachi singh,VARANASI,125ml Glass Baby Feeding Temperature Sensing Baby Bottle | Color Changing Silicon Sleeve - M Flow ( 3-6 months ) / Blue,Baby Bottle,COD,788,0,3,Medium,Returned,Send Reminder
T26268,2026-01-10,Shalini B,Bangalore,250ml Glass Baby Feeding Temperature Sensing Baby Bottle | Color Changing Silicon Sleeve - M Flow ( 6-10 months ) / Blue,Baby Bottle,UPI,849,0,1,Low,Delivered,Normal Delivery
T26267,2026-01-10,Harsh Vardhan Singh,Hyderabad,"Customized Borosilicate Glass Bottle , 750 ml - Pulse Yellow",Water Bottle,UPI,899,4,2,Low,Delivered,Normal Delivery
T26266,2026-01-10,Preet patel,Ahmedabad,"Borosilicate Glass Bottle with Protective Silicone Sleeve, 750 ml - Cool Green",Water Bottle,COD,838,4,1,Medium,Delivered,Call Customer
T26265,2026-01-10,Afzal unissa,Secbad,125ml Glass Baby Feeding Temperature Sensing Baby Bottle | Color Changing Silicon Sleeve - S Flow ( 0-3 months ) / Blue,Baby Bottle,COD,788,1,1,Medium,Delivered,Call Customer
T26264,2026-01-10,umamaheswari -,Chennai,250ml Glass Baby Feeding Temperature Sensing Baby Bottle | Color Changing Silicon Sleeve - + Flow ( 10+ months ) / Pink,Baby Bottle,COD,888,4,1,Medium,Delivered,Call Customer
T26263,2026-01-10,Rittika Groverr,Gurugram,250ml Glass Baby Feeding Temperature Sensing Baby Bottle | Color Changing Silicon Sleeve - + Flow ( 10+ months ) / Pink,Baby Bottle,UPI,1748,1,1,Low,Delivered,Normal Delivery
T26262,2026-01-09,Trupti tewari,Navi mumbai,"Customized TintCup Borosilicate Glass Coffee Cup with Silicone Lid & Grip, 350 ml - Java Brown",Coffee Cups,UPI,849,3,1,Low,Delivered,Normal Delivery
T26261,2026-01-09,Jyoti sharma,Ghaziabad,250ml Glass Baby Feeding Temperature Sensing Baby Bottle | Color Changing Silicon Sleeve - M Flow ( 6-10 months ) / Blue,Baby Bottle,UPI,849,0,1,Low,Delivered,Normal Delivery
T26260,2026-01-09,Smita dhamal,Pune,"Customized TintCup Borosilicate Glass Coffee Cup with Silicone Lid & Grip, 350 ml - Mighty Pink",Coffee Cups,UPI,849,3,1,Low,Delivered,Normal Delivery
T26259,2026-01-09,Raman Lata,Ludhiana,250ml Glass Baby Feeding Temperature Sensing Baby Bottle | Color Changing Silicon Sleeve - M Flow ( 6-10 months ) / Blue,Baby Bottle,COD,888,4,1,Medium,Delivered,Call Customer
T26258,2026-01-09,Darshana patel,Mumbai,"Borosilicate Glass Bottle with Protective Silicone Sleeve, 750 ml - Power Blue",Water Bottle,UPI,799,3,1,Low,Delivered,Normal Delivery
T26257,2026-01-09,Pallavi sareen,Mumbai,"Customized TintCup Borosilicate Glass Coffee Cup with Silicone Lid & Grip, 350 ml - Mighty Pink",Coffee Cups,UPI,849,3,1,Low,Delivered,Normal Delivery
T26256,2026-01-09,Anuradha Sambyal,Jammu,"Borosilicate Glass Bottle with Protective Silicone Sleeve, 750 ml - Pulse Yellow",Water Bottle,COD,838,3,1,Medium,Delivered,Call Customer
T26255,2026-01-09,Aafreen Khan,Nuh,"Borosilicate Glass Bottle with Protective Silicone Sleeve, 750 ml - Cool Green",Water Bottle,UPI,799,4,1,Low,Delivered,Normal Delivery
T26254,2026-01-09,Hazara afeefa,Manglore,250ml Glass Baby Feeding Temperature Sensing Baby Bottle | Color Changing Silicon Sleeve - + Flow ( 10+ months ) / Pink,Baby Bottle,UPI,849,3,1,Low,Delivered,Normal Delivery
T26253,2026-01-09,vaibhav shetty,Mudalgi,"Borosilicate Glass Bottle with Protective Silicone Sleeve, 750 ml - Cool Green",Water Bottle,COD,838,1,1,Medium,Delivered,Call Customer
T26252,2026-01-09,Meghaa agarwwl,Mumbai,125ml Glass Baby Feeding Temperature Sensing Baby Bottle | Color Changing Silicon Sleeve - M Flow ( 3-6 months ) / Blue,Baby Bottle,COD,788,4,1,Medium,Delivered,Call Customer
T26251,2026-01-09,Subrat Parida,Bangalore,"Customized Borosilicate Glass Bottle , 750 ml - Power Blue",Water Bottle,UPI,899,3,3,Low,Returned,Send Reminder
T26250,2026-01-09,Ankita Athalekar,Hyderabad,"Borosilicate Glass Lunch Box with Silicone Sleeve, 300 ml - Oasis Blue",300ml Lunch Box,UPI,2817,4,1,Low,Delivered,Normal Delivery
T26249,2026-01-09,Ankita -,Mumbai,250ml Glass Baby Feeding Temperature Sensing Baby Bottle | Color Changing Silicon Sleeve - M Flow ( 6-10 months ) / Blue,Baby Bottle,UPI,849,2,1,Low,Delivered,Normal Delivery
T26248,2026-01-09,Priyanka arora,Delhi,"Customized TintCup Borosilicate Glass Coffee Cup with Silicone Lid & Grip, 350 ml - Dashing Blue",Coffee Cups,UPI,849,1,1,Low,Delivered,Normal Delivery
T26247,2026-01-09,tanmay mukherjee,Mumbai,Set of 3 GlassUp ( 500ml ) Lunch Box with Bag,500ml Lunch Box,UPI,2249,3,1,Low,Delivered,Normal Delivery
T26246,2026-01-09,Unnati Roshan jondhale,Thane,250ml Glass Baby Feeding Temperature Sensing Baby Bottle | Color Changing Silicon Sleeve - M Flow ( 6-10 months ) / Blue,Baby Bottle,COD,888,6,1,Medium,Delivered,Call Customer
T26245,2026-01-09,Arun satya,Rasipuram,"TintCup Borosilicate Glass Coffee Cup with Silicone Lid & Grip, 350 ml - Dashing Blue",Coffee Cups,COD,1597,2,2,Medium,Delivered,Call Customer
T26244,2026-01-09,Ritika chainani,Jaipur,"Borosilicate Glass Bottle with Protective Silicone Sleeve, 750 ml - Cool Green",Water Bottle,UPI,799,2,1,Low,Delivered,Normal Delivery
T26243,2026-01-09,Vina  vaswani,Mangalore,GlassUp 500 ml Borosilicate Glass Lunch Box with Glass Lid & Silicone Sleeve - Blue-Green,500ml Lunch Box,UPI,1499,4,3,Low,Delivered,Normal Delivery
T26242,2026-01-09,Maneesha Khunteta,Navi mumbaii,"Customized Borosilicate Glass Bottle , 750 ml - Pulse Yellow",Water Bottle,UPI,899,2,1,Low,Delivered,Normal Delivery
T26241,2026-01-09,Prashant Kamboj,Sonipat,"Borosilicate Glass Bottle with Protective Silicone Sleeve, 750 ml - Power Blue",Water Bottle,UPI,799,1,1,Low,Delivered,Normal Delivery
T26240,2026-01-09,Asmita singh,Ahmedabad,250ml Glass Baby Feeding Temperature Sensing Baby Bottle | Color Changing Silicon Sleeve - M Flow ( 6-10 months ) / Pink,Baby Bottle,UPI,4546,1,1,Low,Delivered,Normal Delivery
T26239,2026-01-09,Jitendra mahana,NEW DELHI,250ml Glass Baby Feeding Temperature Sensing Baby Bottle | Color Changing Silicon Sleeve - M Flow ( 6-10 months ) / Pink,Baby Bottle,UPI,849,0,1,Low,Delivered,Normal Delivery
T26238,2026-01-09,Soniya poddar,Mumbai,"TintCup Borosilicate Glass Coffee Cup with Silicone Lid & Grip, 350 ml - Cosmic Purple",Coffee Cups,COD,798,1,1,Medium,Delivered,Normal Delivery
T26237,2026-01-09,Dr. Roopak Swarnkar,Mauranipur,250ml Glass Baby Feeding Temperature Sensing Baby Bottle | Color Changing Silicon Sleeve - + Flow ( 10+ months ) / Blue,Baby Bottle,COD,888,5,1,Medium,Delivered,Call Customer
T26236,2026-01-09,Vishnu Vishnu,Kondapur,"1Â Litre , Motivational Glass Sipper Bottle - Venus Pink",1L Water Bottle,UPI,999,2,1,Low,Delivered,Normal Delivery
T26235,2026-01-09,Renuka sharma,Gurgaon,"Borosilicate Glass Bottle with Protective Silicone Sleeve, 750 ml - Pulse Yellow",Water Bottle,UPI,799,1,1,Low,Delivered,Normal Delivery
T26234,2026-01-09,Tanmoy sarkar,Chandrakona town,"Borosilicate Glass Bottle with Protective Silicone Sleeve, 750 ml - Energy Red",Water Bottle,COD,838,4,1,Medium,Delivered,Call Customer
T26233,2026-01-09,Vishal Doiphode,Navi mumbai,"TintCup Borosilicate Glass Coffee Cup with Silicone Lid & Grip, 350 ml - Wooden Cork Grip",Coffee Cups,COD,1747,0,3,Medium,Delivered,Call Customer
T26232,2026-01-09,Shilpa khandelwal,Balasore,250ml Glass Baby Feeding Temperature Sensing Baby Bottle | Color Changing Silicon Sleeve - + Flow ( 10+ months ) / Blue,Baby Bottle,UPI,849,2,1,Low,Delivered,Normal Delivery
T26231,2026-01-09,Ubaid ghavte,Mumbai,"Borosilicate Glass Bottle with Protective Silicone Sleeve, 750 ml - Power Blue",Water Bottle,COD,1597,0,2,Medium,Delivered,Call Customer
T26230,2026-01-09,Jyoshna bochala,Proddatur,125ml Glass Baby Feeding Temperature Sensing Baby Bottle | Color Changing Silicon Sleeve - M Flow ( 3-6 months ) / Pink,Baby Bottle,COD,788,2,2,Medium,Delivered,Call Customer
T26229,2026-01-09,drishti bansal,Mumbai,"Borosilicate Glass Lunch Box with Silicone Sleeve, 300 ml - Oasis Blue",300ml Lunch Box,UPI,699,4,1,Low,Delivered,Normal Delivery
T26228,2026-01-09,Divya N,Bangalore,250ml Glass Baby Feeding Temperature Sensing Baby Bottle | Color Changing Silicon Sleeve - M Flow ( 6-10 months ) / Blue,Baby Bottle,UPI,1748,0,1,Low,Delivered,Normal Delivery
T26227,2026-01-09,Poonam kalra,Noida,125ml Glass Baby Feeding Temperature Sensing Baby Bottle | Color Changing Silicon Sleeve - M Flow ( 3-6 months ) / Blue,Baby Bottle,UPI,749,3,1,Low,Delivered,Normal Delivery
T26226,2026-01-09,Jignaalpesh patel,Ahmedabad,"Borosilicate Glass Bottle with Protective Silicone Sleeve, 750 ml - Pulse Yellow",Water Bottle,COD,838,5,1,Medium,Delivered,Call Customer
T26225,2026-01-09,suhit rathi,Palanpur,250ml Glass Baby Feeding Temperature Sensing Baby Bottle | Color Changing Silicon Sleeve - M Flow ( 6-10 months ) / Blue,Baby Bottle,UPI,849,2,1,Low,Delivered,Normal Delivery
T26224,2026-01-09,heena ramjiyani,Mumbai,"TintCup Borosilicate Glass Coffee Cup with Silicone Lid & Grip, 350 ml - Wooden Cork Grip",Coffee Cups,COD,798,3,2,Medium,Delivered,Normal Delivery
T26223,2026-01-09,Srivaishnavi Mrinal,Bengaluru,Set of 3 GlassUp ( 500ml ) Lunch Box with Bag,500ml Lunch Box,UPI,2249,0,1,Low,Delivered,Normal Delivery
T26222,2026-01-09,Vinay naik,Belgaum,"TintCup Borosilicate Glass Coffee Cup with Silicone Lid & Grip, 350 ml - Wooden Cork Grip",Coffee Cups,UPI,5807,3,1,Low,Delivered,Normal Delivery
T26221,2026-01-09,Smita -,Nashik,"TintCup Borosilicate Glass Coffee Cup with Silicone Lid & Grip, 350 ml - Java Brown",Coffee Cups,COD,798,3,4,Medium,Delivered,Call Customer
T26220,2026-01-09,Satyajit Sahoo,Kendrapara,250ml Glass Baby Feeding Temperature Sensing Baby Bottle | Color Changing Silicon Sleeve - M Flow ( 6-10 months ) / Pink,Baby Bottle,COD,1787,6,1,Medium,Delivered,Call Customer
T26219,2026-01-09,Bharati kori,Mumbai,"Customized TintCup Borosilicate Glass Coffee Cup with Silicone Lid & Grip, 350 ml - Java Brown",Coffee Cups,UPI,1997,0,1,Low,Delivered,Normal Delivery
T26218,2026-01-09,s Twinkle,Cuttack,125ml Glass Baby Feeding Temperature Sensing Baby Bottle | Color Changing Silicon Sleeve - S Flow ( 0-3 months ) / Pink,Baby Bottle,COD,788,4,1,Medium,Delivered,Normal Delivery
T26217,2026-01-09,Ann mathew,Thiruvananthapuram,250ml Glass Baby Feeding Temperature Sensing Baby Bottle | Color Changing Silicon Sleeve - M Flow ( 6-10 months ) / Pink,Baby Bottle,UPI,1748,3,1,Low,Returned,Refund Initiated
T26216,2026-01-09,Anish nair,Bangalore,GlassUp 500 ml Borosilicate Glass Lunch Box with Glass Lid & Silicone Sleeve - Coral Green,500ml Lunch Box,UPI,3067,3,1,Low,Delivered,Normal Delivery
T26215,2026-01-09,Swapnali Kumbhar,Islampur,"Borosilicate Glass Lunch Box with Silicone Sleeve, 300 ml - Oasis Blue",300ml Lunch Box,UPI,2697,4,1,Low,Delivered,Normal Delivery
T26214,2026-01-09,Devansh Joshi,Mumbai,"Customized Borosilicate Glass Bottle , 750 ml - Cool Green",Water Bottle,UPI,899,3,1,Low,Delivered,Normal Delivery
T26213,2026-01-09,Chandrika r,Mumbai,"Borosilicate Glass Lunch Box with Silicone Sleeve, 300 ml - Oasis Blue",300ml Lunch Box,UPI,699,3,1,Low,Delivered,Normal Delivery
T26212,2026-01-09,Tejal salunkhe,Mumbai,GlassUp 500 ml Borosilicate Glass Lunch Box with Glass Lid & Silicone Sleeve - Arctic Blue,500ml Lunch Box,COD,788,3,4,Medium,Returned,Send Reminder
T26211,2026-01-09,Valluri sukanya,Hyderabad,"Borosilicate Glass Bottle with Protective Silicone Sleeve, 750 ml - Power Blue",Water Bottle,UPI,799,1,1,Low,Delivered,Normal Delivery
T26210,2026-01-09,Sravya tipirneni,Hyderabad,125ml Glass Baby Feeding Temperature Sensing Baby Bottle | Color Changing Silicon Sleeve - S Flow ( 0-3 months ) / Blue,Baby Bottle,COD,788,6,1,Medium,Delivered,Call Customer
T26209,2026-01-09,Deepthi l,Cochin,"Customized TintCup Borosilicate Glass Coffee Cup with Silicone Lid & Grip, 350 ml - Dashing Blue",Coffee Cups,UPI,1298,4,1,Low,Delivered,Normal Delivery
T26208,2026-01-09,Anushka  vanvari,Mumbai,"1Â Litre , Motivational Glass Sipper Bottle - Venus Pink",1L Water Bottle,UPI,999,3,1,Low,Delivered,Normal Delivery
T26207,2026-01-09,Gurmeet Coutinho,Mumbai,"TintCup Borosilicate Glass Coffee Cup with Silicone Lid & Grip, 350 ml - Cosmic Purple",Coffee Cups,COD,1507,4,2,Medium,Delivered,Call Customer
T26206,2026-01-09,Meenu Meenu,Ludhiana,"Borosilicate Glass Bottle with Protective Silicone Sleeve, 750 ml - Lightning Grey",Water Bottle,UPI,799,2,1,Low,Delivered,Normal Delivery
T26205,2026-01-09,Sofee sofee,Chennai,250ml Glass Baby Feeding Temperature Sensing Baby Bottle | Color Changing Silicon Sleeve - M Flow ( 6-10 months ) / Blue,Baby Bottle,COD,888,2,3,Medium,Delivered,Call Customer
T26204,2026-01-09,Padmaah .,Bengaluru,GlassUp 500 ml Borosilicate Glass Lunch Box with Glass Lid & Silicone Sleeve - Coral Green Duo,500ml Lunch Box,UPI,1499,3,1,Low,Delivered,Normal Delivery
T26203,2026-01-09,Priyanka Khapane,Mumbai,"Customized TintCup Borosilicate Glass Coffee Cup with Silicone Lid & Grip, 350 ml - Mighty Pink",Coffee Cups,UPI,849,4,1,Low,Delivered,Normal Delivery
T26202,2026-01-09,Nevin thomas,Bangalore,"TintCup Borosilicate Glass Coffee Cup with Silicone Lid & Grip, 350 ml - Wooden Cork Grip",Coffee Cups,UPI,2328,4,1,Low,Delivered,Normal Delivery
T26201,2026-01-09,Shanimol S M,Kattakada,250ml Glass Baby Feeding Temperature Sensing Baby Bottle | Color Changing Silicon Sleeve - M Flow ( 6-10 months ) / Blue,Baby Bottle,COD,888,4,4,Medium,Delivered,Call Customer
T26200,2026-01-09,gopika r,Shimoga,125ml Glass Baby Feeding Temperature Sensing Baby Bottle | Color Changing Silicon Sleeve - M Flow ( 3-6 months ) / Blue,Baby Bottle,COD,788,1,3,Medium,Delivered,Send Reminder
T26199,2026-01-09,Tripti  soin,Mumbai,Set of 3 Borosilicate Glass Lunch box with Canvas Bag - Blue & Orange & Green,500ml Lunch Box,COD,1988,2,3,Medium,Delivered,Call Customer
T26198,2026-01-09,Pallavi kulkarni,Pune,"TintCup Borosilicate Glass Coffee Cup with Silicone Lid & Grip, 350 ml - Mighty Pink",Coffee Cups,UPI,759,4,1,Low,Delivered,Normal Delivery
T26197,2026-01-09,Sarvo Kamath,Bangalore,"Borosilicate Glass Bottle with Protective Silicone Sleeve, 750 ml - Atomic Green",Water Bottle,UPI,1748,4,1,Low,Delivered,Normal Delivery
T26196,2026-01-09,Ashmita Malhotra,MUMBAI,Stainless Steel Straws- PackÂ ofÂ 4 - Stainless Steel and Silicone,Straws,UPI,648,1,1,Low,Delivered,Normal Delivery
T26195,2026-01-09,Nikki agrawal,Mumbai,"Borosilicate Glass Bottle with Protective Silicone Sleeve, 750 ml - Power Blue",Water Bottle,UPI,799,1,2,Low,Delivered,Normal Delivery
T26194,2026-01-09,Ashmita Malhotra,MUMBAI,"Customized TintCup Borosilicate Glass Coffee Cup with Silicone Lid & Grip, 350 ml - Dashing Blue",Coffee Cups,UPI,2427,4,1,Low,Delivered,Normal Delivery
T26193,2026-01-09,Moumita Dutta,Udaipur,250ml Glass Baby Feeding Temperature Sensing Baby Bottle | Color Changing Silicon Sleeve - M Flow ( 6-10 months ) / Pink,Baby Bottle,COD,888,0,2,Medium,Delivered,Normal Delivery
T26192,2026-01-09,Aadya -,Noida,Set of 2 Borosilicate Glass Lunch box with Canvas Bag - Oasis Blue,500ml Lunch Box,COD,1488,4,1,Medium,Delivered,Call Customer
T26191,2026-01-09,Saloni behal,Mumbai,"TintCup Borosilicate Glass Coffee Cup with Silicone Lid & Grip, 350 ml - Mighty Pink",Coffee Cups,COD,798,4,1,Medium,Delivered,Call Customer
T26190,2026-01-09,Shalini khattar,Gurugram,"Borosilicate Glass Bottle with Protective Silicone Sleeve, 750 ml - Energy Red",Water Bottle,COD,3156,1,3,Medium,Delivered,Normal Delivery
T26189,2026-01-09,shivani -,Bangalore,"Borosilicate Glass Bottle with Protective Silicone Sleeve, 750 ml - Power Blue",Water Bottle,UPI,799,1,1,Low,Delivered,Normal Delivery
T26188,2026-01-09,Vidhi munjani,Gandhinagar,250ml Glass Baby Feeding Temperature Sensing Baby Bottle | Color Changing Silicon Sleeve - M Flow ( 6-10 months ) / Blue,Baby Bottle,UPI,849,4,1,Low,Delivered,Normal Delivery
T26187,2026-01-09,Karan singh,Mumbai,"Borosilicate Glass Bottle with Protective Silicone Sleeve, 750 ml - Pulse Yellow",Water Bottle,UPI,799,4,1,Low,Delivered,Normal Delivery
T26186,2026-01-08,DEBAMITRA BHATTACHARYA,Kolkata,"Borosilicate Glass Bottle with Protective Silicone Sleeve, 750 ml - Cool Green",Water Bottle,UPI,799,4,1,Low,Delivered,Normal Delivery
T26185,2026-01-08,Usha cherukumilli,Hyderabad,"Borosilicate Glass Bottle with Protective Silicone Sleeve, 750 ml - Cool Green",Water Bottle,UPI,799,1,1,Low,Delivered,Normal Delivery
T26184,2026-01-08,Jaideep juneja,Ludhiana,"Borosilicate Glass Bottle Duo with Protective Silicone Sleeve, 750 ml - Grey & Green",Water Bottle Combo,COD,3777,4,1,Medium,Delivered,Call Customer
T26183,2026-01-08,Shikha sahni,North Delhi,125ml Glass Baby Feeding Temperature Sensing Baby Bottle | Color Changing Silicon Sleeve - S Flow ( 0-3 months ) / Blue,Baby Bottle,COD,788,4,1,Medium,Delivered,Call Customer
T26182,2026-01-08,Suresh padmanabhan,Bengaluru,Set of 3 Borosilicate Glass Lunch Box ( 300ml ) with Bag & Customized Bottle - Pulse Yellow,300ml Lunch Box,UPI,3049,3,1,Low,Delivered,Normal Delivery
T26181,2026-01-08,Astha bhalla,Gurgaon,250ml Glass Baby Feeding Temperature Sensing Baby Bottle | Color Changing Silicon Sleeve - M Flow ( 6-10 months ) / Blue,Baby Bottle,UPI,849,0,1,Low,Delivered,Normal Delivery
T26180,2026-01-08,Bikram taye,Itanagar,"Borosilicate Glass Bottle with Protective Silicone Sleeve, 750 ml - Cool Green",Water Bottle,COD,838,2,1,Medium,Delivered,Call Customer
T26179,2026-01-08,Nirali shroff,Mumbai,Set of 3 GlassUp ( 500ml ) Lunch Box with Bag,500ml Lunch Box,UPI,2249,0,1,Low,Delivered,Normal Delivery
T26178,2026-01-08,hardip dodiya,Jamnagar,"1Â Litre , Motivational Glass Sipper Bottle - Lunar Blue",1L Water Bottle,UPI,949,3,1,Low,Delivered,Normal Delivery
T26177,2026-01-08,Anoop kumar,Gurgaon,Glass Baby Feeding Temperature Sensing Baby Bottle | Color Changing Silicon Sleeve - 250ml (6-15 months) / Blue / Medium,Baby Bottle,UPI,1748,2,1,Low,Delivered,Normal Delivery
T26176,2026-01-08,Ram -,Bangalore,"Borosilicate Glass Bottle with Protective Silicone Sleeve, 750 ml - Power Blue",Water Bottle,UPI,1648,4,1,Low,Delivered,Normal Delivery
T26175,2026-01-08,Aradhana patney,Gurgaon,"Borosilicate Glass Bottle with Protective Silicone Sleeve, 750 ml - Atomic Green",Water Bottle,UPI,799,3,3,Low,Delivered,Normal Delivery
T26174,2026-01-08,Rahima khan,Bangalore,125ml Glass Baby Feeding Temperature Sensing Baby Bottle | Color Changing Silicon Sleeve - M Flow ( 3-6 months ) / Blue,Baby Bottle,COD,788,4,3,Medium,Delivered,Call Customer
T26173,2026-01-08,Saili gadkari,Pune,"TintCup Borosilicate Glass Coffee Cup with Silicone Lid & Grip, 350 ml - Cosmic Purple",Coffee Cups,COD,1557,1,1,Medium,Delivered,Call Customer
T26172,2026-01-08,Amitaprabhakar -,Thane,"Borosilicate Glass Bottle with Protective Silicone Sleeve, 750 ml - Cool Green",Water Bottle,UPI,799,3,1,Low,Delivered,Normal Delivery
T26171,2026-01-08,Harsh lunia,Pune,"Borosilicate Glass Bottle with Protective Silicone Sleeve, 750 ml - Cool Green",Water Bottle,COD,838,1,3,Medium,Delivered,Call Customer
T26170,2026-01-08,Deepali Nunisa,Langting,125ml Glass Baby Feeding Temperature Sensing Baby Bottle | Color Changing Silicon Sleeve - M Flow ( 3-6 months ) / Pink,Baby Bottle,COD,788,3,1,Medium,Delivered,Call Customer
T26169,2026-01-08,Avinash -,Bangalore,"Borosilicate Glass Bottle with Protective Silicone Sleeve, 750 ml - Grey & Green",Water Bottle,UPI,1619,3,3,Low,Delivered,Normal Delivery
T26168,2026-01-08,Shweta Pandey,Navi Mumbai,"Borosilicate Glass Bottle with Protective Silicone Sleeve, 750 ml - Grey & Blue",Water Bottle,UPI,1619,1,1,Low,Delivered,Normal Delivery
T26167,2026-01-08,Jennifer lamond,Mumbai,"TintCup Borosilicate Glass Coffee Cup with Silicone Lid & Grip, 350 ml - Java Brown",Coffee Cups,COD,798,2,3,Medium,Delivered,Call Customer
T26166,2026-01-08,Angel S,Bangalore,"TintCup Borosilicate Glass Coffee Cup with Silicone Lid & Grip, 350 ml - Dashing Blue",Coffee Cups,UPI,1058,0,1,Low,Delivered,Normal Delivery
T26165,2026-01-08,Murtaza Shakir,Bangalore,Set of 3 GlassUp ( 500ml ) Lunch Box with Bag,500ml Lunch Box,UPI,2249,4,3,Low,Delivered,Normal Delivery
T26164,2026-01-08,Jyotika chawla,Noida,250ml Glass Baby Feeding Temperature Sensing Baby Bottle | Color Changing Silicon Sleeve - M Flow ( 6-10 months ) / Pink,Baby Bottle,UPI,849,3,1,Low,Delivered,Normal Delivery
T26163,2026-01-08,Shabnam -,Wayanad,"1Â Litre , Motivational Glass Sipper Bottle - Venus Pink",1L Water Bottle,UPI,949,4,1,Low,Delivered,Normal Delivery
T26162,2026-01-08,Prachi shah,Vadodara,"Customized TintCup Borosilicate Glass Coffee Cup with Silicone Lid & Grip, 350 ml - Dashing Blue",Coffee Cups,UPI,1748,1,1,Low,Delivered,Normal Delivery
T26161,2026-01-08,Harshit kataria,Rohtak,"Borosilicate Glass Bottle with Protective Silicone Sleeve, 750 ml - Lightning Grey",Water Bottle,UPI,799,4,2,Low,Delivered,Normal Delivery
T26160,2026-01-08,Samir Bathari,Guwahati,Set of 3 Borosilicate Glass Lunch Boxes(300 ml) with Bag &Â BottleÂ (750Â ml) - Cool Green,300ml Lunch Box,COD,2988,1,2,Medium,Delivered,Call Customer
T26159,2026-01-08,suketha kapadia,Rajkot,(Spare) BPA Free Spout Lid for TintBox 750ml Borosilicate Glass Water Bottle,Water Bottle,COD,249,4,2,Medium,Delivered,Call Customer
T26158,2026-01-08,Johnson  John,Bengaluru,"1Â Litre , Motivational Glass Sipper Bottle - Lunar Blue",1L Water Bottle,UPI,949,0,1,Low,Delivered,Normal Delivery
T26157,2026-01-08,Heena Jasani,Ahmedabad,Set of 3 GlassUp ( 500ml ) Lunch Box - Coral Green & Arctic Blue & Marine Grey,500ml Lunch Box,UPI,2199,0,1,Low,Delivered,Normal Delivery
T26156,2026-01-08,Gayatri neela,Hyderabad,"Borosilicate Glass Bottle with Protective Silicone Sleeve, 750 ml - Lightning Grey",Water Bottle,UPI,799,0,1,Low,Delivered,Normal Delivery
T26155,2026-01-08,Omesh Chandra Prasad,Delhi,Set of 2 GlassUp ( 500ml ) Lunch Box with Bag - Coral Green & Arctic Blue,500ml Lunch Box,UPI,2448,0,2,Low,Delivered,Normal Delivery
T26154,2026-01-08,Veena .,Hyderabad,"Borosilicate Glass Bottle with Protective Silicone Sleeve, 750 ml - Atomic Green",Water Bottle,COD,838,0,3,Medium,Delivered,Normal Delivery
T26153,2026-01-08,Sunil Patel,Mumbai,"Borosilicate Glass Bottle with Protective Silicone Sleeve, 750 ml - Pulse Yellow",Water Bottle,COD,2307,0,1,Medium,Delivered,Normal Delivery
T26152,2026-01-08,Aishwarya devaru,Bangalore,"TintCup Borosilicate Glass Coffee Cup with Silicone Lid & Grip, 350 ml - Wooden Cork Grip",Coffee Cups,UPI,1508,1,1,Low,Delivered,Normal Delivery
T26151,2026-01-08,Indrani palit,Noida,250ml Glass Baby Feeding Temperature Sensing Baby Bottle | Color Changing Silicon Sleeve - M Flow ( 6-10 months ) / Blue,Baby Bottle,UPI,849,3,1,Low,Delivered,Normal Delivery
T26150,2026-01-08,Kavitha sawalgi,Bidar,"Borosilicate Glass Bottle with Protective Silicone Sleeve, 750 ml - Cool Green",Water Bottle,COD,838,4,2,Medium,Delivered,Call Customer
T26149,2026-01-08,Tilling yam nako,Naharlagun,125ml Glass Baby Feeding Temperature Sensing Baby Bottle | Color Changing Silicon Sleeve - S Flow ( 0-3 months ) / Blue,Baby Bottle,UPI,749,0,1,Low,Delivered,Normal Delivery
T26148,2026-01-08,Chiral dugar,Gurgaon,250ml Glass Baby Feeding Temperature Sensing Baby Bottle | Color Changing Silicon Sleeve - + Flow ( 10+ months ) / Blue,Baby Bottle,COD,1787,1,3,Medium,Delivered,Normal Delivery
T26147,2026-01-08,Madhura  oak,Dombivli,"Borosilicate Glass Bottle with Protective Silicone Sleeve, 750 ml - Cool Green",Water Bottle,UPI,799,1,2,Low,Delivered,Normal Delivery
T26146,2026-01-08,Agrim golash,Daurala,"Borosilicate Glass Bottle with Protective Silicone Sleeve, 750 ml - Cool Green",Water Bottle,COD,838,1,1,Medium,Delivered,Call Customer
T26145,2026-01-08,Kshitiz  gupta,Gurgaon,250ml Glass Baby Feeding Temperature Sensing Baby Bottle | Color Changing Silicon Sleeve - M Flow ( 6-10 months ) / Pink,Baby Bottle,COD,888,3,3,Medium,Delivered,Normal Delivery
T26144,2026-01-08,Rashmi kuberappa,Bangalore,GlassUp 500 ml Borosilicate Glass Lunch Box with Glass Lid & Silicone Sleeve - Coral Green,500ml Lunch Box,UPI,1198,4,1,Low,Delivered,Normal Delivery
T26143,2026-01-08,Shital kore,Jaysingpur,250ml Glass Baby Feeding Temperature Sensing Baby Bottle | Color Changing Silicon Sleeve - + Flow ( 10+ months ) / Blue,Baby Bottle,COD,888,3,1,Medium,Delivered,Call Customer
T26142,2026-01-08,Sonal Solanki,Ahmedabad,"Customized TintCup Borosilicate Glass Coffee Cup with Silicone Lid & Grip, 350 ml - Mighty Pink",Coffee Cups,UPI,849,2,1,Low,Delivered,Normal Delivery
T26141,2026-01-08,JYOTIPRAKASH -,Behrampur,250ml Glass Baby Feeding Temperature Sensing Baby Bottle | Color Changing Silicon Sleeve - M Flow ( 6-10 months ) / Blue,Baby Bottle,UPI,849,6,1,Low,Delivered,Normal Delivery
T26140,2026-01-08,Aman Sandhu,Ludhiana,"Borosilicate Glass Bottle with Protective Silicone Sleeve, 750 ml - Cool Green",Water Bottle,COD,838,1,1,Medium,Delivered,Normal Delivery
T26139,2026-01-08,Anjana tani,Bangalore,"TintCup Borosilicate Glass Coffee Cup with Silicone Lid & Grip, 350 ml - Mighty Pink",Coffee Cups,UPI,759,2,1,Low,Delivered,Normal Delivery
T26138,2026-01-08,subha satyan,Chennai,250ml Glass Baby Feeding Temperature Sensing Baby Bottle | Color Changing Silicon Sleeve - + Flow ( 10+ months ) / Pink,Baby Bottle,COD,888,0,4,Medium,Delivered,Call Customer
T26137,2026-01-08,Arti Sharma,Pune,"Borosilicate Glass Bottle with Protective Silicone Sleeve, 750 ml - Pulse Yellow",Water Bottle,UPI,799,0,1,Low,Delivered,Normal Delivery
T26136,2026-01-08,Rekhita S Kumar,Thiruvananthapuram,250ml Glass Baby Feeding Temperature Sensing Baby Bottle | Color Changing Silicon Sleeve - + Flow ( 10+ months ) / Pink,Baby Bottle,UPI,849,3,1,Low,Delivered,Normal Delivery
T26135,2026-01-08,Subham Jaiswal,Chennai,"Borosilicate Glass Bottle with Protective Silicone Sleeve, 750 ml - Power Blue",Water Bottle,COD,838,4,3,Medium,Delivered,Normal Delivery
T26134,2026-01-08,Swati yadav,Gurgaon,250ml Glass Baby Feeding Temperature Sensing Baby Bottle | Color Changing Silicon Sleeve - + Flow ( 10+ months ) / Blue,Baby Bottle,UPI,849,2,1,Low,Delivered,Normal Delivery
T26133,2026-01-08,Ramita roy,Kolkata,250ml Glass Baby Feeding Temperature Sensing Baby Bottle | Color Changing Silicon Sleeve - M Flow ( 6-10 months ) / Pink,Baby Bottle,COD,888,4,1,Medium,Delivered,Call Customer
T26132,2026-01-08,Bharati salve,Thane,"Borosilicate Glass Bottle with Protective Silicone Sleeve, 750 ml - Power Blue",Water Bottle,UPI,799,3,1,Low,Delivered,Normal Delivery
T26131,2026-01-08,Smita  ghanekar,MUMBAI,"Borosilicate Glass Bottle with Protective Silicone Sleeve, 750 ml - Cool Green",Water Bottle,UPI,799,0,1,Low,Delivered,Normal Delivery
T26130,2026-01-08,Musfina -,Vadakara,"TintCup Borosilicate Glass Coffee Cup with Silicone Lid & Grip, 350 ml - Mighty Pink",Coffee Cups,UPI,759,4,1,Low,Delivered,Normal Delivery
T26129,2026-01-08,Raghu kumar,Bangalore,125ml Glass Baby Feeding Temperature Sensing Baby Bottle | Color Changing Silicon Sleeve - M Flow ( 3-6 months ) / Blue,Baby Bottle,UPI,1548,4,1,Low,Delivered,Normal Delivery
T26128,2026-01-08,Aisha vehvaria,Mumbai,"Borosilicate Glass Bottle with Protective Silicone Sleeve, 750 ml - Energy Red",Water Bottle,UPI,799,0,1,Low,Delivered,Normal Delivery
T26127,2026-01-08,Tanvi humane,Bangalore,"Borosilicate Glass Bottle with Protective Silicone Sleeve, 750 ml - Cool Green",Water Bottle,UPI,799,2,1,Low,Delivered,Normal Delivery
T26126,2026-01-08,Aashika d,Bangalore,Pack of 4 Stainless Steel Straws with Silicone Tip and Cleaning Brush - Stainless Steel and Silicone,Straws,COD,3337,0,2,Medium,Delivered,Normal Delivery
T26125,2026-01-08,Aadil mulla,Pune,"Borosilicate Glass Bottle with Protective Silicone Sleeve, 750 ml - Lightning Grey",Water Bottle,UPI,799,4,1,Low,Delivered,Normal Delivery
T26124,2026-01-08,Smita Soparkar,Mumbai,250ml Glass Baby Feeding Temperature Sensing Baby Bottle | Color Changing Silicon Sleeve - M Flow ( 6-10 months ) / Pink,Baby Bottle,UPI,849,2,1,Low,Delivered,Normal Delivery
T26123,2026-01-08,Chris P,Mumbai,Set of 3 GlassUp ( 500ml ) Lunch Box with Bag,500ml Lunch Box,UPI,2249,2,1,Low,Delivered,Refund Initiated
T26122,2026-01-08,Manish alimchandani,MUMBAI,"Borosilicate Glass Bottle with Protective Silicone Sleeve, 750 ml - Atomic Green",Water Bottle,UPI,799,0,2,Low,Delivered,Normal Delivery
T26121,2026-01-08,Fenu francis,Bangalore,"TintCup Borosilicate Glass Coffee Cup with Silicone Lid & Grip, 350 ml - Cosmic Purple",Coffee Cups,UPI,1468,4,1,Low,Delivered,Normal Delivery
T26120,2026-01-08,Heny shah,Patan,TintCup Borosilicate Glass Coffee CupÂ CoupleÂ Combo - Blue & Pink,Coffee Cups,COD,1538,3,1,Medium,Delivered,Call Customer
T26119,2026-01-08,Pavithra Patil,Belgavi,"Borosilicate Glass Bottle with Protective Silicone Sleeve, 750 ml - Cool Green",Water Bottle,UPI,3146,4,2,Low,Delivered,Normal Delivery
T26118,2026-01-08,Pavithra Patil,Banglore,"Borosilicate Glass Bottle with Protective Silicone Sleeve, 750 ml - Cool Green",Water Bottle,UPI,3146,1,1,Low,Delivered,Normal Delivery
T26117,2026-01-08,Nikita purohit,Bangalore,"TintCup Borosilicate Glass Coffee Cup with Silicone Lid & Grip, 350 ml - Dashing Blue",Coffee Cups,UPI,759,3,1,Low,Delivered,Normal Delivery
T26116,2026-01-08,Kunal jain,Chennai,Stainless Steel Straws- PackÂ ofÂ 4 - Stainless Steel and Silicone,Straws,UPI,1907,2,1,Low,Delivered,Normal Delivery
T26115,2026-01-08,Supriti Barupal,Vasai,"Borosilicate Glass Bottle with Protective Silicone Sleeve, 750 ml - Power Blue",Water Bottle,COD,838,3,2,Medium,Delivered,Call Customer
T26114,2026-01-08,Sanjaykumar -,Mumbai,"Borosilicate Glass Bottle with Protective Silicone Sleeve, 750 ml - Cool Green",Water Bottle,COD,838,2,2,Medium,Delivered,Normal Delivery
T26113,2026-01-08,Ashish mukherjee,New Delhi,Set of 3 Borosilicate Glass Lunch box with Canvas Bag - Blue & Orange & Green,500ml Lunch Box,UPI,1949,2,1,Low,Delivered,Normal Delivery
T26112,2026-01-08,Asha rani,Greater Noida west,250ml Glass Baby Feeding Temperature Sensing Baby Bottle | Color Changing Silicon Sleeve - M Flow ( 6-10 months ) / Blue,Baby Bottle,UPI,849,3,1,Low,Delivered,Normal Delivery
T26111,2026-01-08,Swayamprabha  gaikwad,gurugram,"Customized TintCup Borosilicate Glass Coffee Cup with Silicone Lid & Grip, 350 ml - Mighty Pink",Coffee Cups,UPI,849,2,2,Low,Delivered,Normal Delivery
T26110,2026-01-08,Techi Deepali teli,Itanagar,"1Â Litre , Motivational Glass Sipper Bottle - Gravity Gray",1L Water Bottle,UPI,1049,2,1,Low,Delivered,Normal Delivery
T26109,2026-01-08,Sabeena  khalid,Manglore,GlassUp 500 ml Borosilicate Glass Lunch Box with Glass Lid & Silicone Sleeve - Coral Green,500ml Lunch Box,UPI,1598,1,1,Low,Delivered,Normal Delivery
T26108,2026-01-08,Dr Nilesh Kanjani,Ahmedabad,"Customized Borosilicate Glass Bottle , 750 ml - Pulse Yellow",Water Bottle,UPI,6394,4,1,Low,Delivered,Normal Delivery
T26107,2026-01-08,Zia chaney,Pune,"TintCup Borosilicate Glass Coffee Cup with Silicone Lid & Grip, 350 ml - Cosmic Purple",Coffee Cups,UPI,759,4,1,Low,Delivered,Normal Delivery
T26106,2026-01-08,Swapnil abhyankar,Pune,"Borosilicate Glass Bottle with Protective Silicone Sleeve, 750 ml - Pulse Yellow",Water Bottle,COD,838,1,2,Medium,Delivered,Call Customer
T26105,2026-01-08,Namita -,Navi mumbai,"1Â Litre , Motivational Glass Sipper Bottle - Venus Pink",1L Water Bottle,UPI,1948,5,1,Low,Delivered,Normal Delivery
T26104,2026-01-08,Akbar choudhary,Mumbai,250ml Glass Baby Feeding Temperature Sensing Baby Bottle | Color Changing Silicon Sleeve - + Flow ( 10+ months ) / Blue,Baby Bottle,COD,888,6,1,Medium,Delivered,Call Customer
T26103,2026-01-08,Padmavathi manasa,Bangalore,"TintCup Borosilicate Glass Coffee Cup with Silicone Lid & Grip, 350 ml - Mighty Pink",Coffee Cups,UPI,759,3,1,Low,Delivered,Normal Delivery
T26102,2026-01-08,remya George,Ernakulam,250ml Glass Baby Feeding Temperature Sensing Baby Bottle | Color Changing Silicon Sleeve - M Flow ( 6-10 months ) / Blue,Baby Bottle,COD,849,0,2,Medium,Delivered,Call Customer
T26101,2026-01-08,Saipali Dubey,Gurgaon,250ml Glass Baby Feeding Temperature Sensing Baby Bottle | Color Changing Silicon Sleeve - + Flow ( 10+ months ) / Pink,Baby Bottle,UPI,849,0,1,Low,Delivered,Normal Delivery
T26100,2026-01-08,Kute pratik,Thane,"Customized Borosilicate Glass Bottle , 750 ml - Cool Green",Water Bottle,UPI,1798,0,1,Low,Delivered,Normal Delivery
T26099,2026-01-07,Ankit  Gupta,Pune,"Borosilicate Glass Bottle with Protective Silicone Sleeve, 750 ml - Grey & Blue",Water Bottle,UPI,1619,1,1,Low,Delivered,Normal Delivery
T26098,2026-01-07,Ateek jain,MUMBAI,"1Â Litre , Motivational Glass Sipper Bottle - Gravity Gray",1L Water Bottle,UPI,1049,1,1,Low,Delivered,Normal Delivery
T26097,2026-01-07,Anagha shashikant Raut,Karjat,125ml Glass Baby Feeding Temperature Sensing Baby Bottle | Color Changing Silicon Sleeve - S Flow ( 0-3 months ) / Blue,Baby Bottle,UPI,749,2,2,Low,Delivered,Normal Delivery
T26096,2026-01-07,Sindhu  kumar,Tumkur,"TintCup Borosilicate Glass Coffee Cup with Silicone Lid & Grip, 350 ml - Wooden Cork Grip",Coffee Cups,UPI,759,0,1,Low,Delivered,Normal Delivery
T26095,2026-01-07,Deepa bharath,Bangalore,125ml Glass Baby Feeding Temperature Sensing Baby Bottle | Color Changing Silicon Sleeve - M Flow ( 3-6 months ) / Blue,Baby Bottle,UPI,1548,3,1,Low,Delivered,Normal Delivery
T26094,2026-01-07,Parizad Patel,Mumbai,"1Â Litre , Motivational Glass Sipper Bottle - Gravity Gray",1L Water Bottle,UPI,1049,3,1,Low,Delivered,Normal Delivery
T26093,2026-01-07,Rajeshwari Kadam,Thane,"Borosilicate Glass Bottle with Protective Silicone Sleeve, 750 ml - Energy Red",Water Bottle,UPI,1558,0,2,Low,Delivered,Normal Delivery
T26092,2026-01-07,Shruti Dsouza,Bangalore,"Customized Borosilicate Glass Bottle , 750 ml - Power Blue",Water Bottle,UPI,1798,0,1,Low,Delivered,Normal Delivery
T26091,2026-01-07,Sana ahmed,Mumbai,"Customized TintCup Borosilicate Glass Coffee Cup with Silicone Lid & Grip, 350 ml - Java Brown",Coffee Cups,UPI,3597,0,1,Low,Delivered,Normal Delivery
T26090,2026-01-07,Sandeep Somani,Mumbai,"Customized Borosilicate Glass Bottle , 750 ml - Power Blue",Water Bottle,UPI,1798,1,1,Low,Delivered,Normal Delivery
T26089,2026-01-07,Yamini  reddy,Gudur,"Borosilicate Glass Bottle with Protective Silicone Sleeve, 750 ml - Atomic Green",Water Bottle,COD,1637,6,1,Medium,Delivered,Call Customer
T26088,2026-01-07,Sariful Islam Mondal,Atghara,250ml Glass Baby Feeding Temperature Sensing Baby Bottle | Color Changing Silicon Sleeve - + Flow ( 10+ months ) / Pink,Baby Bottle,UPI,849,1,1,Low,Delivered,Normal Delivery
T26087,2026-01-07,Jayashree m m,Bangalore,"Customized TintCup Borosilicate Glass Coffee Cup with Silicone Lid & Grip, 350 ml - Java Brown",Coffee Cups,UPI,849,1,1,Low,Delivered,Normal Delivery
T26086,2026-01-07,Dr. Nanaiah  SN,Madikeri,"Borosilicate Glass Bottle with Protective Silicone Sleeve, 750 ml - Cool Green",Water Bottle,UPI,1648,4,1,Low,Delivered,Normal Delivery
T26085,2026-01-07,Sanjoy Kumar Das,Agartala,250ml Glass Baby Feeding Temperature Sensing Baby Bottle | Color Changing Silicon Sleeve - M Flow ( 6-10 months ) / Pink,Baby Bottle,UPI,849,3,3,Low,Delivered,Normal Delivery
T26084,2026-01-07,Deepika Chowdhary,Jalandhar,250ml Glass Baby Feeding Temperature Sensing Baby Bottle | Color Changing Silicon Sleeve - M Flow ( 6-10 months ) / Blue,Baby Bottle,COD,888,3,4,Medium,Returned,Call Customer
T26083,2026-01-07,Rahul Dahiya,Gurgaon,Set of 3 Borosilicate Glass Lunch box with Canvas Bag - Blue & Orange & Green,500ml Lunch Box,UPI,1949,2,1,Low,Delivered,Normal Delivery
T26082,2026-01-07,Rohini loke,Mumbai,TintBox Borosilicate Glass Food Container (300ml)-Set ofÂ 3Â withoutÂ Bag - Blue & Orange & Green,Water Bottle Combo,UPI,1699,1,1,Low,Delivered,Normal Delivery
T26081,2026-01-07,Tushar -,Pune,"Borosilicate Glass Bottle with Protective Silicone Sleeve, 750 ml - Atomic Green",Water Bottle,COD,838,5,1,Medium,Delivered,Call Customer
T26080,2026-01-07,Faisal ali khan,Hyderabad,"Borosilicate Glass Bottle with Protective Silicone Sleeve, 750 ml - Lightning Grey",Water Bottle,UPI,799,4,1,Low,Delivered,Normal Delivery
T26079,2026-01-07,Chandrani -,Guwahati,"Borosilicate Glass Bottle with Protective Silicone Sleeve, 750 ml - Atomic Green",Water Bottle,COD,838,4,4,Medium,Delivered,Call Customer
T26078,2026-01-07,Saumya agarwal,Bengaluru,250ml Glass Baby Feeding Temperature Sensing Baby Bottle | Color Changing Silicon Sleeve - M Flow ( 6-10 months ) / Blue,Baby Bottle,UPI,849,3,3,Low,Delivered,Normal Delivery
T26077,2026-01-07,Shivani dhumal,Narayangaon,125ml Glass Baby Feeding Temperature Sensing Baby Bottle | Color Changing Silicon Sleeve - M Flow ( 3-6 months ) / Blue,Baby Bottle,UPI,749,1,3,Low,Delivered,Normal Delivery
T26076,2026-01-07,Ambika .,LUDHIANA,GlassUp 500 ml Borosilicate Glass Lunch Box with Glass Lid & Silicone Sleeve - Coral Green,500ml Lunch Box,UPI,1448,2,1,Low,Delivered,Normal Delivery
T26075,2026-01-07,Sanjana -,Bangarapet,250ml Glass Baby Feeding Temperature Sensing Baby Bottle | Color Changing Silicon Sleeve - M Flow ( 6-10 months ) / Blue,Baby Bottle,COD,888,1,1,Medium,Delivered,Call Customer
T26074,2026-01-07,Ramij alam,Noida,250ml Glass Baby Feeding Temperature Sensing Baby Bottle | Color Changing Silicon Sleeve - M Flow ( 6-10 months ) / Blue,Baby Bottle,UPI,849,0,1,Low,Delivered,Normal Delivery
T26073,2026-01-07,Tejal Shah,Mumbai,"Customized TintCup Borosilicate Glass Coffee Cup with Silicone Lid & Grip, 350 ml - Dashing Blue",Coffee Cups,UPI,849,1,1,Low,Delivered,Normal Delivery
T26072,2026-01-07,Khushboo jain,Mumbai,"Customized TintCup Borosilicate Glass Coffee Cup with Silicone Lid & Grip, 350 ml - Mighty Pink",Coffee Cups,UPI,849,0,1,Low,Delivered,Normal Delivery
T26071,2026-01-07,Chanchal agarwal,Kochi,250ml Glass Baby Feeding Temperature Sensing Baby Bottle | Color Changing Silicon Sleeve - M Flow ( 6-10 months ) / Blue,Baby Bottle,COD,888,0,2,Medium,Delivered,Call Customer
T26070,2026-01-07,Sargam saxena saxena,Bengaluru,"Customized TintCup Borosilicate Glass Coffee Cup with Silicone Lid & Grip, 350 ml - Mighty Pink",Coffee Cups,UPI,1997,2,1,Low,Delivered,Normal Delivery
T26069,2026-01-07,Shalini ashok,Mumbai,"Borosilicate Glass Lunch Box with Silicone Sleeve, 300 ml - Oasis Blue",300ml Lunch Box,UPI,699,3,1,Low,Delivered,Normal Delivery
T26068,2026-01-07,Aditya joshi,Nagpur,"Borosilicate Glass Bottle with Protective Silicone Sleeve, 750 ml - Power Blue",Water Bottle,COD,838,1,4,Medium,Delivered,Call Customer
T26067,2026-01-07,Pruthvi kanani,Surat,250ml Glass Baby Feeding Temperature Sensing Baby Bottle | Color Changing Silicon Sleeve - + Flow ( 10+ months ) / Blue,Baby Bottle,COD,888,0,2,Medium,Delivered,Normal Delivery
T26066,2026-01-07,Shazia akhter,Muzaffarnagar,"Borosilicate Glass Bottle with Protective Silicone Sleeve, 750 ml - Cool Green",Water Bottle,COD,838,1,1,Medium,Delivered,Call Customer
T26065,2026-01-07,Chethna Sundeep,Maduranthakam,250ml Glass Baby Feeding Temperature Sensing Baby Bottle | Color Changing Silicon Sleeve - + Flow ( 10+ months ) / Blue,Baby Bottle,COD,888,3,4,Medium,Delivered,Call Customer
T26064,2026-01-07,wadia naaz,Mahabubnagar,Set of 2 Borosilicate Glass Lunch box with Canvas Bag - Oasis Blue,500ml Lunch Box,COD,1488,3,2,Medium,Returned,Call Customer
T26063,2026-01-07,Gauri desai,Mumbai,"TintCup Borosilicate Glass Coffee Cup with Silicone Lid & Grip, 350 ml - Cosmic Purple",Coffee Cups,UPI,759,4,1,Low,Delivered,Normal Delivery
T26062,2026-01-07,Priyanka Sharma,Ghaziabad,125ml Glass Baby Feeding Temperature Sensing Baby Bottle | Color Changing Silicon Sleeve - S Flow ( 0-3 months ) / Blue,Baby Bottle,COD,788,3,1,Medium,Delivered,Normal Delivery
T26061,2026-01-07,Satya harish,Mumbai,"1Â Litre , Motivational Glass Sipper Bottle - Venus Pink",1L Water Bottle,COD,1088,2,2,Medium,Delivered,Call Customer
T26060,2026-01-07,Melwyn  Fernandes,New Delhi,"Borosilicate Glass Bottle with Protective Silicone Sleeve, 750 ml - Grey & Blue",Water Bottle,COD,1658,0,4,Medium,Delivered,Call Customer
T26059,2026-01-07,Navin Kumar,Chennai,250ml Glass Baby Feeding Temperature Sensing Baby Bottle | Color Changing Silicon Sleeve - M Flow ( 6-10 months ) / Blue,Baby Bottle,UPI,849,4,1,Low,Delivered,Normal Delivery
T26058,2026-01-07,Neelam kapoor,Noida,250ml Glass Baby Feeding Temperature Sensing Baby Bottle | Color Changing Silicon Sleeve - M Flow ( 6-10 months ) / Blue,Baby Bottle,COD,888,2,1,Medium,Delivered,Call Customer
T26057,2026-01-07,Poonam mehta,Nagpur,"Borosilicate Glass Bottle with Protective Silicone Sleeve, 750 ml - Atomic Green",Water Bottle,COD,838,1,3,Medium,Delivered,Call Customer
T26056,2026-01-07,Raj joshi,Nagpur,"Borosilicate Glass Bottle with Protective Silicone Sleeve, 750 ml - Atomic Green",Water Bottle,UPI,799,0,1,Low,Delivered,Normal Delivery
T26055,2026-01-07,Chaitanya -,Hyderabad,"Customized Borosilicate Glass Bottle , 750 ml - Power Blue",Water Bottle,UPI,899,3,1,Low,Delivered,Normal Delivery
T26054,2026-01-07,Raj joshi,Nagpur,"Borosilicate Glass Bottle with Protective Silicone Sleeve, 750 ml - Energy Red",Water Bottle,UPI,799,0,1,Low,Delivered,Normal Delivery
T26053,2026-01-07,Radhika Pawaskar,Mumbai,"Borosilicate Glass Bottle with Protective Silicone Sleeve, 750 ml - Cool Green",Water Bottle,UPI,799,1,3,Low,Delivered,Normal Delivery
T26052,2026-01-07,Gaurav Singhvi,Mumbai,"Borosilicate Glass Bottle with Protective Silicone Sleeve, 750 ml - Cool Green",Water Bottle,COD,838,4,3,Medium,Delivered,Call Customer
T26051,2026-01-07,Ashutosh shah,Mangalore,"Borosilicate Glass Bottle with Protective Silicone Sleeve, 750 ml - Power Blue",Water Bottle,UPI,799,4,4,Low,Returned,Send Reminder
T26050,2026-01-07,Lavanya aradhya,Bangalore,"Borosilicate Glass Bottle with Protective Silicone Sleeve, 750 ml - Atomic Green",Water Bottle,UPI,799,4,1,Low,Delivered,Normal Delivery
T26049,2026-01-07,Bhavin patel,Anand,"1Â Litre , Motivational Glass Sipper Bottle - Gravity Gray",1L Water Bottle,UPI,1948,3,1,Low,Delivered,Normal Delivery
T26048,2026-01-07,Sindhu Devaiah,Bengaluru,"Customized Borosilicate Glass Bottle , 750 ml - Atomic Green",Water Bottle,UPI,899,2,1,Low,Delivered,Normal Delivery
T26047,2026-01-07,Tharun rajan,Chennai,"Borosilicate Glass Bottle with Protective Silicone Sleeve, 750 ml - Cool Green",Water Bottle,COD,1687,2,1,Medium,Delivered,Normal Delivery
T26046,2026-01-07,Kushal bhura,Mumbai,"Borosilicate Glass Bottle with Protective Silicone Sleeve, 750 ml - Power Blue",Water Bottle,COD,838,0,4,Medium,Delivered,Call Customer
T26045,2026-01-07,Techi Deepali teli,Itanagar,"TintCup Borosilicate Glass Coffee Cup with Silicone Lid & Grip, 350 ml - Mighty Pink",Coffee Cups,UPI,1558,3,1,Low,Delivered,Normal Delivery
T26044,2026-01-07,Ajinkya nimje,Mumbai,"Borosilicate Glass Bottle with Protective Silicone Sleeve, 750 ml - Energy Red",Water Bottle,UPI,799,4,1,Low,Delivered,Normal Delivery
T26043,2026-01-07,Rashi arora,Jhansi,"Borosilicate Glass Bottle with Protective Silicone Sleeve, 750 ml - Cool Green",Water Bottle,COD,1687,4,4,Medium,Returned,Send Reminder
T26042,2026-01-07,Lakshmi Ravindran,Mumbai,"TintCup Borosilicate Glass Coffee Cup with Silicone Lid & Grip, 350 ml - Mighty Pink",Coffee Cups,UPI,1608,1,1,Low,Delivered,Normal Delivery
T26041,2026-01-07,Yogendra soni,Navi mumbai,"TintCup Borosilicate Glass Coffee Cup with Silicone Lid & Grip, 350 ml - Dashing Blue",Coffee Cups,UPI,759,1,2,Low,Delivered,Normal Delivery
T26040,2026-01-07,Amanpreet sandhu,Kharar,"1Â Litre , Motivational Glass Sipper Bottle - Venus Pink",1L Water Bottle,UPI,1049,4,1,Low,Delivered,Normal Delivery
T26039,2026-01-07,Malavika satarkar,Pune,"TintCup Borosilicate Glass Coffee Cup with Silicone Lid & Grip, 350 ml - Cosmic Purple",Coffee Cups,UPI,1058,4,2,Low,Delivered,Normal Delivery
T26038,2026-01-07,Dr kartika nitin kumar,Noida,"Customized TintCup Borosilicate Glass Coffee Cup with Silicone Lid & Grip, 350 ml - Mighty Pink",Coffee Cups,UPI,849,3,1,Low,Delivered,Normal Delivery
T26037,2026-01-07,Janise k sony,Ernakulam,250ml Glass Baby Feeding Temperature Sensing Baby Bottle | Color Changing Silicon Sleeve - M Flow ( 6-10 months ) / Blue,Baby Bottle,UPI,849,2,1,Low,Delivered,Normal Delivery
T26036,2026-01-07,Ayesha Shaikh,Mumbai,"Borosilicate Glass Bottle with Protective Silicone Sleeve, 750 ml - Power Blue",Water Bottle,COD,838,1,1,Medium,Delivered,Call Customer
T26035,2026-01-07,Dipali gulabrao aware,Pune,"Borosilicate Glass Bottle with Protective Silicone Sleeve, 750 ml - Cool Green",Water Bottle,UPI,799,2,1,Low,Delivered,Normal Delivery
T26034,2026-01-07,Monika srivastava,Bangalore east,125ml Glass Baby Feeding Temperature Sensing Baby Bottle | Color Changing Silicon Sleeve - M Flow ( 3-6 months ) / Blue,Baby Bottle,UPI,749,3,1,Low,Delivered,Normal Delivery
T26033,2026-01-07,Dhruv khatri,Beawar,"Borosilicate Glass Bottle with Protective Silicone Sleeve, 750 ml - Power Blue",Water Bottle,COD,838,4,3,Medium,Delivered,Call Customer
T26032,2026-01-07,Chetan Shah,Pune,"Customized TintCup Borosilicate Glass Coffee Cup with Silicone Lid & Grip, 350 ml - Java Brown",Coffee Cups,UPI,849,2,2,Low,Delivered,Normal Delivery
T26031,2026-01-07,Chandrani -,Guwahati,"Borosilicate Glass Bottle with Protective Silicone Sleeve, 750 ml - Atomic Green",Water Bottle,COD,838,4,1,Medium,Delivered,Call Customer
T26030,2026-01-07,Rinku Porwal,Mumbai,"TintCup Borosilicate Glass Coffee Cup with Silicone Lid & Grip, 350 ml - Cosmic Purple",Coffee Cups,COD,1507,4,3,Medium,Delivered,Normal Delivery
T26029,2026-01-07,Pragathigr gorantla,Chennai,"Borosilicate Glass Bottle with Protective Silicone Sleeve, 750 ml - Power Blue",Water Bottle,UPI,799,0,1,Low,Delivered,Normal Delivery
T26028,2026-01-07,Yamuna choudhary,Churu,250ml Glass Baby Feeding Temperature Sensing Baby Bottle | Color Changing Silicon Sleeve - + Flow ( 10+ months ) / Pink,Baby Bottle,COD,1787,2,2,Medium,Delivered,Call Customer
T26027,2026-01-07,Athul Ramesh,Haripad,"1Â Litre , Motivational Glass Sipper Bottle - Gravity Gray",1L Water Bottle,UPI,1049,2,1,Low,Delivered,Normal Delivery
T26026,2026-01-07,Arjun S Prem,Cochin,"Borosilicate Glass Bottle with Protective Silicone Sleeve, 750 ml - Power Blue",Water Bottle,UPI,799,4,1,Low,Delivered,Normal Delivery
T26025,2026-01-07,DIVYA YAGNIK,AHMEDABAD,GlassUp 500 ml Borosilicate Glass Lunch Box with Glass Lid & Silicone Sleeve - Blue-Green-Grey,500ml Lunch Box,COD,2238,3,1,Medium,Delivered,Normal Delivery
T26024,2026-01-07,Nazia Hassan,SOUTH EAST,250ml Glass Baby Feeding Temperature Sensing Baby Bottle | Color Changing Silicon Sleeve - M Flow ( 6-10 months ) / Pink,Baby Bottle,COD,888,0,2,Medium,Delivered,Call Customer
T26023,2026-01-07,Jhulana Majhi,Kuchinda,250ml Glass Baby Feeding Temperature Sensing Baby Bottle | Color Changing Silicon Sleeve - M Flow ( 6-10 months ) / Blue,Baby Bottle,COD,888,4,1,Medium,Delivered,Call Customer
T26022,2026-01-07,Khadija bhola,MUMBAI,125ml Glass Baby Feeding Temperature Sensing Baby Bottle | Color Changing Silicon Sleeve - M Flow ( 3-6 months ) / Blue,Baby Bottle,COD,788,6,1,Medium,Delivered,Call Customer
T26021,2026-01-07,Hadiyasharu hadiyadharu,Nalgonda,"Borosilicate Glass Bottle with Protective Silicone Sleeve, 750 ml - Cool Green",Water Bottle,UPI,799,1,1,Low,Delivered,Normal Delivery
T26020,2026-01-07,Manisha chouhan,Mumbai,"TintCup Borosilicate Glass Coffee Cup with Silicone Lid & Grip, 350 ml - Cosmic Purple",Coffee Cups,COD,798,1,2,Medium,Delivered,Call Customer
T26019,2026-01-07,Vivek bhargava,Mumbai,"Borosilicate Glass Bottle with Protective Silicone Sleeve, 750 ml - Cool Green",Water Bottle,UPI,799,0,1,Low,Delivered,Normal Delivery
T26018,2026-01-07,Gitanjali Doley,Gogamukh,250ml Glass Baby Feeding Temperature Sensing Baby Bottle | Color Changing Silicon Sleeve - M Flow ( 6-10 months ) / Blue,Baby Bottle,COD,888,3,1,Medium,Delivered,Call Customer
T26017,2026-01-07,sowbharani N,ERODE,125ml Glass Baby Feeding Temperature Sensing Baby Bottle | Color Changing Silicon Sleeve - S Flow ( 0-3 months ) / Blue,Baby Bottle,UPI,749,4,1,Low,Delivered,Normal Delivery
T26016,2026-01-07,Sai Narasimha,Pileru,"TintCup Borosilicate Glass Coffee Cup with Silicone Lid & Grip, 350 ml - Dynamic Grey",Coffee Cups,COD,2346,2,4,Medium,Returned,Send Reminder
T26015,2026-01-07,Akash soni,Himmatnagar,"1Â Litre , Motivational Glass Sipper Bottle - Planet Green",1L Water Bottle,UPI,1049,0,1,Low,Delivered,Normal Delivery
T26014,2026-01-07,Kanta jadhav,Pune,"Borosilicate Glass Bottle with Protective Silicone Sleeve, 750 ml - Cool Green",Water Bottle,UPI,799,3,3,Low,Delivered,Normal Delivery
T26013,2026-01-07,Gowtham -,Siddipet,"Borosilicate Glass Bottle with Protective Silicone Sleeve, 750 ml - Grey & Blue",Water Bottle,COD,1658,2,2,Medium,Delivered,Call Customer
T26012,2026-01-07,Neha lal,Lucknow,125ml Glass Baby Feeding Temperature Sensing Baby Bottle | Color Changing Silicon Sleeve - M Flow ( 3-6 months ) / Blue,Baby Bottle,COD,788,1,1,Medium,Delivered,Normal Delivery
T26011,2026-01-07,Vanita khandelwal,Sikar,"Borosilicate Glass Bottle with Protective Silicone Sleeve, 750 ml - Cool Green",Water Bottle,UPI,799,1,1,Low,Delivered,Normal Delivery
T26010,2026-01-07,Ashika N Prakash,Kozhikode,125ml Glass Baby Feeding Temperature Sensing Baby Bottle | Color Changing Silicon Sleeve - M Flow ( 3-6 months ) / Blue,Baby Bottle,UPI,749,2,1,Low,Delivered,Normal Delivery
T26009,2026-01-07,Roja priyanka,Eluru,250ml Glass Baby Feeding Temperature Sensing Baby Bottle | Color Changing Silicon Sleeve - M Flow ( 6-10 months ) / Blue,Baby Bottle,UPI,849,0,1,Low,Delivered,Normal Delivery
T26008,2026-01-07,Tarul umarwal,Ghaziabad,250ml Glass Baby Feeding Temperature Sensing Baby Bottle | Color Changing Silicon Sleeve - M Flow ( 6-10 months ) / Blue,Baby Bottle,UPI,849,1,1,Low,Delivered,Normal Delivery
T26007,2026-01-07,Aishwarya shingade,Mumbai,"Borosilicate Glass Bottle Duo with Protective Silicone Sleeve, 750 ml - Grey & Blue",Water Bottle Combo,UPI,5087,4,1,Low,Delivered,Normal Delivery
T26006,2026-01-06,Ankita Das,Durgapur,250ml Glass Baby Feeding Temperature Sensing Baby Bottle | Color Changing Silicon Sleeve - M Flow ( 6-10 months ) / Blue,Baby Bottle,COD,888,2,4,Medium,Delivered,Call Customer
T26005,2026-01-06,Ajit -,Mumbai,"Borosilicate Glass Bottle with Protective Silicone Sleeve, 750 ml - Energy Red",Water Bottle,UPI,799,2,3,Low,Delivered,Normal Delivery
T26004,2026-01-06,Shivani jain,Modinagar,"Customized TintCup Borosilicate Glass Coffee Cup with Silicone Lid & Grip, 350 ml - Dashing Blue",Coffee Cups,UPI,849,1,1,Low,Delivered,Normal Delivery
T26003,2026-01-06,Yashna uchil,BANGALORE,"Customized TintCup Borosilicate Glass Coffee Cup with Silicone Lid & Grip, 350 ml - Mighty Pink",Coffee Cups,UPI,1748,0,1,Low,Delivered,Normal Delivery
T26002,2026-01-06,Ritika sekhri,Delhi,125ml Glass Baby Feeding Temperature Sensing Baby Bottle | Color Changing Silicon Sleeve - M Flow ( 3-6 months ) / Blue,Baby Bottle,COD,788,4,3,Medium,Delivered,Call Customer
T26001,2026-01-06,Pooja dharamshaktu,DEHRADUN,"Tintbox Cool, Canvas, Eco-Friendly Lunch Bag For Office",Water Bottle,UPI,3347,0,1,Low,Delivered,Normal Delivery
T26000,2026-01-06,Abhishek -,Khammam,"Borosilicate Glass Bottle with Protective Silicone Sleeve, 750 ml - Grey & Blue",Water Bottle,COD,1658,3,3,Medium,Delivered,Call Customer
T25999,2026-01-06,Vilas Sopan Zade,SANGLI,"Borosilicate Glass Bottle Duo with Protective Silicone Sleeve, 750 ml - Grey & Blue",Water Bottle Combo,COD,1478,3,2,Medium,Delivered,Call Customer
T25998,2026-01-06,Taba nini,Naharlagun,125ml Glass Baby Feeding Temperature Sensing Baby Bottle | Color Changing Silicon Sleeve - S Flow ( 0-3 months ) / Pink,Baby Bottle,COD,788,5,1,Medium,Delivered,Call Customer
T25997,2026-01-06,Raghavendra .,Pune,"1Â Litre , Motivational Glass Sipper Bottle - Gravity Gray",1L Water Bottle,UPI,1049,1,2,Low,Delivered,Normal Delivery
T25996,2026-01-06,Deepika Gupta,Kanpur,Glass Baby Feeding Temperature Sensing Baby Bottle | Color Changing Silicon Sleeve - 125ml (0-6 months) / Blue / Small,Baby Bottle,UPI,749,1,1,Low,Delivered,Call Customer
T25995,2026-01-06,Priyanka Shinde,Pune,"TintCup Borosilicate Glass Coffee Cup with Silicone Lid & Grip, 350 ml - Mighty Pink",Coffee Cups,COD,1047,1,3,Medium,Returned,Send Reminder
T25994,2026-01-06,Asfiya tabassum,Sira,125ml Glass Baby Feeding Temperature Sensing Baby Bottle | Color Changing Silicon Sleeve - M Flow ( 3-6 months ) / Pink,Baby Bottle,COD,788,5,1,Medium,Delivered,Call Customer
T25993,2026-01-06,Rupinder kaur,Firozpur,125ml Glass Baby Feeding Temperature Sensing Baby Bottle | Color Changing Silicon Sleeve - S Flow ( 0-3 months ) / Blue,Baby Bottle,COD,788,3,2,Medium,Delivered,Call Customer
T25992,2026-01-06,Nikhila Reddy,HYDERABAD,GlassUp 500 ml Borosilicate Glass Lunch Box with Glass Lid & Silicone Sleeve - Coral Green,500ml Lunch Box,UPI,1598,0,1,Low,Delivered,Normal Delivery
T25991,2026-01-06,shhobha agarwal,Agra,125ml Glass Baby Feeding Temperature Sensing Baby Bottle | Color Changing Silicon Sleeve - M Flow ( 3-6 months ) / Pink,Baby Bottle,COD,2985,0,4,Medium,Delivered,Call Customer
T25990,2026-01-06,Alwin paul,Puthencruz,"Borosilicate Glass Bottle with Protective Silicone Sleeve, 750 ml - Lightning Grey",Water Bottle,UPI,799,1,3,Low,Delivered,Normal Delivery
T25989,2026-01-06,Y.Sivaramreddy .,ANANTHAPUR,"1Â Litre , Motivational Glass Sipper Bottle Duo - Lunar Blue & Venus Pink",1L Water Bottle,COD,11231,4,1,Medium,Delivered,Call Customer
T25988,2026-01-06,Ranajit chattopadhyay,HOOGHLY,"Customized Borosilicate Glass Bottle , 750 ml - Lightning Grey",Water Bottle,UPI,899,0,1,Low,Delivered,Normal Delivery
T25987,2026-01-06,Taprimchi marak,Tura,125ml Glass Baby Feeding Temperature Sensing Baby Bottle | Color Changing Silicon Sleeve - M Flow ( 3-6 months ) / Pink,Baby Bottle,COD,788,3,1,Medium,Delivered,Call Customer
T25986,2026-01-06,Susmita saha,Katwa,250ml Glass Baby Feeding Temperature Sensing Baby Bottle | Color Changing Silicon Sleeve - M Flow ( 6-10 months ) / Pink,Baby Bottle,UPI,1748,2,1,Low,Delivered,Normal Delivery
T25985,2026-01-06,Nancy parihar,Faridabad,250ml Glass Baby Feeding Temperature Sensing Baby Bottle | Color Changing Silicon Sleeve - + Flow ( 10+ months ) / Pink,Baby Bottle,COD,888,2,1,Medium,Delivered,Call Customer
T25984,2026-01-06,Manasa m,Bangalore,250ml Glass Baby Feeding Temperature Sensing Baby Bottle | Color Changing Silicon Sleeve - M Flow ( 6-10 months ) / Blue,Baby Bottle,COD,1787,2,3,Medium,Delivered,Call Customer
T25983,2026-01-06,Sayamstuti pattanaik,Rourkela,125ml Glass Baby Feeding Temperature Sensing Baby Bottle | Color Changing Silicon Sleeve - M Flow ( 3-6 months ) / Blue,Baby Bottle,UPI,1548,4,1,Low,Delivered,Normal Delivery
T25982,2026-01-06,Harshada  mestry,Thane,125ml Glass Baby Feeding Temperature Sensing Baby Bottle | Color Changing Silicon Sleeve - S Flow ( 0-3 months ) / Blue,Baby Bottle,UPI,749,1,1,Low,Delivered,Normal Delivery
T25981,2026-01-06,Amul Kumar,New delhi,"Borosilicate Glass Bottle with Protective Silicone Sleeve, 750 ml - Cool Green",Water Bottle,UPI,799,3,1,Low,Delivered,Normal Delivery
T25980,2026-01-06,Pranav Vashisht,PANCHKULA,"Borosilicate Glass Bottle with Protective Silicone Sleeve, 750 ml - Cool Green",Water Bottle,UPI,799,4,1,Low,Delivered,Normal Delivery
T25979,2026-01-06,Sindhu S Rao,Bangalore,"Borosilicate Glass Bottle with Protective Silicone Sleeve, 750 ml - Cool Green",Water Bottle,UPI,799,3,3,Low,Delivered,Normal Delivery
T25978,2026-01-06,Nidhi shukla,Faridabad,125ml Glass Baby Feeding Temperature Sensing Baby Bottle | Color Changing Silicon Sleeve - S Flow ( 0-3 months ) / Pink,Baby Bottle,COD,788,3,3,Medium,Delivered,Call Customer
T25977,2026-01-06,Rashmin lobo,Moodubelle,125ml Glass Baby Feeding Temperature Sensing Baby Bottle | Color Changing Silicon Sleeve - M Flow ( 3-6 months ) / Blue,Baby Bottle,COD,1587,1,1,Medium,Delivered,Call Customer
T25976,2026-01-06,Satish shetty,Mumbai,"Customized Borosilicate Glass Bottle , 750 ml - Atomic Green",Water Bottle,UPI,1798,2,1,Low,Delivered,Normal Delivery
T25975,2026-01-06,Sapna -,Pune,TintBox Borosilicate Glass Food Container (300ml)-Set ofÂ 3Â withoutÂ Bag - Blue & Orange & Green,Water Bottle Combo,UPI,1699,1,1,Low,Delivered,Normal Delivery
T25974,2026-01-06,June dsouza,Goa,250ml Glass Baby Feeding Temperature Sensing Baby Bottle | Color Changing Silicon Sleeve - M Flow ( 6-10 months ) / Blue,Baby Bottle,UPI,849,4,1,Low,Delivered,Normal Delivery
T25973,2026-01-06,Poonam bharti,Jaipur,125ml Glass Baby Feeding Temperature Sensing Baby Bottle | Color Changing Silicon Sleeve - S Flow ( 0-3 months ) / Pink,Baby Bottle,COD,788,5,1,Medium,Delivered,Call Customer
T25972,2026-01-06,Priya vishwakarma,Mumbai,125ml Glass Baby Feeding Temperature Sensing Baby Bottle | Color Changing Silicon Sleeve - S Flow ( 0-3 months ) / Pink,Baby Bottle,UPI,749,4,1,Low,Delivered,Normal Delivery
T25971,2026-01-06,Pradeep  saini,Srikakulam,"Borosilicate Glass Bottle with Protective Silicone Sleeve, 750 ml - Energy Red",Water Bottle,UPI,799,4,3,Low,Delivered,Normal Delivery
T25970,2026-01-06,Harpreet gallen,Mumbai,"Borosilicate Glass Bottle with Protective Silicone Sleeve, 750 ml - Cool Green",Water Bottle,UPI,799,1,1,Low,Delivered,Normal Delivery
T25969,2026-01-06,NEHA SOMKUWAR,Bhopal,125ml Glass Baby Feeding Temperature Sensing Baby Bottle | Color Changing Silicon Sleeve - M Flow ( 3-6 months ) / Pink,Baby Bottle,COD,788,3,2,Medium,Delivered,Call Customer
T25968,2026-01-06,Viji Matos,THANE,250ml Glass Baby Feeding Temperature Sensing Baby Bottle | Color Changing Silicon Sleeve - + Flow ( 10+ months ) / Pink,Baby Bottle,UPI,849,3,1,Low,Delivered,Normal Delivery
T25967,2026-01-06,Prajakta chavan,Navi mumbai,Stainless Steel Straws- PackÂ ofÂ 4 - Stainless Steel and Silicone,Straws,COD,3584,0,1,Medium,Delivered,Normal Delivery
T25966,2026-01-06,Dipalee chalke,Chiplun,125ml Glass Baby Feeding Temperature Sensing Baby Bottle | Color Changing Silicon Sleeve - S Flow ( 0-3 months ) / Pink,Baby Bottle,COD,788,4,1,Medium,Delivered,Call Customer
T25965,2026-01-06,Ananya  singh,Gurugram,"TintCup Borosilicate Glass Coffee Cup with Silicone Lid & Grip, 350 ml - Dashing Blue",Coffee Cups,UPI,2866,3,1,Low,Delivered,Normal Delivery
T25964,2026-01-06,Surabhi sharma,Kolkata,125ml Glass Baby Feeding Temperature Sensing Baby Bottle | Color Changing Silicon Sleeve - S Flow ( 0-3 months ) / Blue,Baby Bottle,COD,788,0,4,Medium,Delivered,Call Customer
T25963,2026-01-06,Javed Khan,Nashik,"Borosilicate Glass Bottle with Protective Silicone Sleeve, 750 ml - Lightning Grey",Water Bottle,COD,838,6,1,Medium,Delivered,Call Customer
T25962,2026-01-06,Neha bansal,Delhi,Set of 2 GlassUp ( 500ml ) Lunch Box with Bag - Marine Grey,500ml Lunch Box,UPI,1749,3,1,Low,Delivered,Normal Delivery
T25961,2026-01-06,Kartikae Ojha,Prayagraj,"Customized Borosilicate Glass Bottle , 750 ml - Power Blue",Water Bottle,UPI,899,4,1,Low,Delivered,Call Customer
T25960,2026-01-06,Fakhri gheewala,Gurgaon,"Customized Borosilicate Glass Bottle , 750 ml - Atomic Green",Water Bottle,UPI,899,2,1,Low,Delivered,Normal Delivery
T25959,2026-01-06,Ashish bisht,Ojhar nashik,125ml Glass Baby Feeding Temperature Sensing Baby Bottle | Color Changing Silicon Sleeve - S Flow ( 0-3 months ) / Pink,Baby Bottle,UPI,749,4,1,Low,Delivered,Normal Delivery
T25958,2026-01-06,Viraj Zaveri,Surat,Set of 3 Borosilicate Glass Lunch box with Canvas Bag - Blue & Orange & Green,500ml Lunch Box,UPI,1949,1,1,Low,Delivered,Normal Delivery
T25957,2026-01-06,Aadish bakliwal,Pune,Set of 3 GlassUp ( 500ml ) Lunch Box - Coral Green & Arctic Blue & Marine Grey,500ml Lunch Box,UPI,2199,3,1,Low,Delivered,Normal Delivery
T25956,2026-01-06,Pankaja pandey,Noida,250ml Glass Baby Feeding Temperature Sensing Baby Bottle | Color Changing Silicon Sleeve - M Flow ( 6-10 months ) / Blue,Baby Bottle,UPI,1748,3,1,Low,Delivered,Normal Delivery
T25955,2026-01-06,Priti halder,Dhuliyan,"Borosilicate Glass Bottle with Protective Silicone Sleeve, 750 ml - Cool Green",Water Bottle,COD,1687,1,2,Medium,Delivered,Normal Delivery
T25954,2026-01-06,Pramod pandit,Mumbai,"Borosilicate Glass Bottle with Protective Silicone Sleeve, 750 ml - Lightning Grey",Water Bottle,UPI,3098,1,1,Low,Delivered,Normal Delivery
T25953,2026-01-06,Pranav varma,Hyderabad,"1Â Litre , Motivational Glass Sipper Bottle - Planet Green",1L Water Bottle,UPI,4647,2,1,Low,Delivered,Normal Delivery
T25952,2026-01-06,Maggie s,Secunderabad,125ml Glass Baby Feeding Temperature Sensing Baby Bottle | Color Changing Silicon Sleeve - S Flow ( 0-3 months ) / Blue,Baby Bottle,COD,788,3,4,Medium,Delivered,Call Customer
T25951,2026-01-06,Rahul kumar,Mumbai,"Borosilicate Glass Bottle with Protective Silicone Sleeve, 750 ml - Power Blue",Water Bottle,COD,838,3,1,Medium,Delivered,Call Customer
T25950,2026-01-06,Karishma Chanana,Gurgaon,250ml Glass Baby Feeding Temperature Sensing Baby Bottle | Color Changing Silicon Sleeve - + Flow ( 10+ months ) / Blue,Baby Bottle,UPI,1748,2,1,Low,Delivered,Normal Delivery
T25949,2026-01-06,Rachana gavrang desai  desai,NAVSARI,125ml Glass Baby Feeding Temperature Sensing Baby Bottle | Color Changing Silicon Sleeve - S Flow ( 0-3 months ) / Blue,Baby Bottle,UPI,749,0,1,Low,Delivered,Normal Delivery
T25948,2026-01-05,Geetanjali srivastava,Bangalore,"Borosilicate Glass Bottle with Protective Silicone Sleeve, 750 ml - Power Blue",Water Bottle,UPI,799,2,1,Low,Delivered,Normal Delivery
T25947,2026-01-05,Roja priyanka,Eluru,250ml Glass Baby Feeding Temperature Sensing Baby Bottle | Color Changing Silicon Sleeve - + Flow ( 10+ months ) / Blue,Baby Bottle,COD,1787,4,4,Medium,Returned,Send Reminder
T25946,2026-01-05,Kashmira Swadas,Mehsana,"Borosilicate Glass Bottle with Protective Silicone Sleeve, 750 ml - Power Blue",Water Bottle,COD,838,3,3,Medium,Delivered,Normal Delivery
T25945,2026-01-05,Rani Karur,Hospet,"Borosilicate Glass Bottle with Protective Silicone Sleeve, 750 ml - Energy Red",Water Bottle,UPI,1598,1,1,Low,Delivered,Normal Delivery
T25944,2026-01-05,mamma Gyamar,Naharlagun,125ml Glass Baby Feeding Temperature Sensing Baby Bottle | Color Changing Silicon Sleeve - S Flow ( 0-3 months ) / Blue,Baby Bottle,COD,1587,5,1,Medium,Delivered,Call Customer
T25943,2026-01-05,Mayank tiwari,Padrauna,250ml Glass Baby Feeding Temperature Sensing Baby Bottle | Color Changing Silicon Sleeve - M Flow ( 6-10 months ) / Blue,Baby Bottle,UPI,849,4,1,Low,Delivered,Normal Delivery
T25942,2026-01-05,Nisha gaud,Mumbai,GlassUp 500 ml Borosilicate Glass Lunch Box with Glass Lid & Silicone Sleeve - Coral Green,500ml Lunch Box,UPI,749,3,1,Low,Delivered,Normal Delivery
T25941,2026-01-05,Sriranjini  shashikanth,Mysore,"TintCup Borosilicate Glass Coffee Cup with Silicone Lid & Grip, 350 ml - Wooden Cork Grip",Coffee Cups,UPI,1468,2,1,Low,Delivered,Normal Delivery
T25940,2026-01-05,Vinayak kanakagiri,Bengaluru,"Borosilicate Glass Bottle with Protective Silicone Sleeve, 750 ml - Power Blue",Water Bottle,UPI,799,4,1,Low,Delivered,Normal Delivery
T25939,2026-01-05,Dinesh kumar,Delhi,125ml Glass Baby Feeding Temperature Sensing Baby Bottle | Color Changing Silicon Sleeve - M Flow ( 3-6 months ) / Blue,Baby Bottle,COD,788,3,1,Medium,Delivered,Normal Delivery
T25938,2026-01-05,Lucky Tanwar,Delhi,250ml Glass Baby Feeding Temperature Sensing Baby Bottle | Color Changing Silicon Sleeve - M Flow ( 6-10 months ) / Blue,Baby Bottle,COD,888,5,1,Medium,Delivered,Call Customer
T25937,2026-01-05,Jyoti naraynan,Navi mumbai,"Borosilicate Glass Lunch Box with Silicone Sleeve, 300 ml - Oasis Blue",300ml Lunch Box,UPI,699,0,1,Low,Delivered,Normal Delivery
T25936,2026-01-05,Doli kalita,Gurgaon,250ml Glass Baby Feeding Temperature Sensing Baby Bottle | Color Changing Silicon Sleeve - M Flow ( 6-10 months ) / Blue,Baby Bottle,UPI,849,0,1,Low,Delivered,Normal Delivery
T25935,2026-01-05,Ruzbeh Daruvala,Mumbai,"1Â Litre , Motivational Glass Sipper Bottle - Gravity Gray",1L Water Bottle,UPI,1049,1,1,Low,Delivered,Normal Delivery
T25934,2026-01-05,Samreen  dutta,Gurgaon,125ml Glass Baby Feeding Temperature Sensing Baby Bottle | Color Changing Silicon Sleeve - S Flow ( 0-3 months ) / Blue,Baby Bottle,COD,788,3,1,Medium,Delivered,Normal Delivery
T25933,2026-01-05,Bhavana Pandey,Mumbai,"Borosilicate Glass Bottle with Protective Silicone Sleeve, 750 ml - Power Blue",Water Bottle,UPI,1447,0,1,Low,Delivered,Normal Delivery
T25932,2026-01-05,Mownika kumar,Chennai,250ml Glass Baby Feeding Temperature Sensing Baby Bottle | Color Changing Silicon Sleeve - + Flow ( 10+ months ) / Blue,Baby Bottle,COD,888,2,1,Medium,Delivered,Call Customer
T25931,2026-01-05,Srilakshmi  vayalil,Mumbai,"Customized TintCup Borosilicate Glass Coffee Cup with Silicone Lid & Grip, 350 ml - Dashing Blue",Coffee Cups,UPI,849,3,1,Low,Delivered,Normal Delivery
T25930,2026-01-05,Beauty borang,Pasighat,250ml Glass Baby Feeding Temperature Sensing Baby Bottle | Color Changing Silicon Sleeve - M Flow ( 6-10 months ) / Blue,Baby Bottle,COD,888,2,2,Medium,Delivered,Call Customer
T25929,2026-01-05,Sheetal sagar,Bangalore,125ml Glass Baby Feeding Temperature Sensing Baby Bottle | Color Changing Silicon Sleeve - M Flow ( 3-6 months ) / Pink,Baby Bottle,COD,788,2,4,Medium,Delivered,Call Customer
T25928,2026-01-05,Dr Mamta Barve,Goa,"TintCup Borosilicate Glass Coffee Cup with Silicone Lid & Grip, 350 ml - Mighty Pink",Coffee Cups,COD,2346,0,2,Medium,Delivered,Call Customer
T25927,2026-01-05,Vishwa Patel,Kadi,"Customized TintCup Borosilicate Glass Coffee Cup with Silicone Lid & Grip, 350 ml - Java Brown",Coffee Cups,UPI,849,3,1,Low,Delivered,Normal Delivery
T25926,2026-01-05,Sajjad ahmed,Bengaluru,"Borosilicate Glass Bottle Duo with Protective Silicone Sleeve, 750 ml - Grey & Blue",Water Bottle Combo,COD,1478,5,1,Medium,Delivered,Call Customer
T25925,2026-01-05,Dr DEEPAM JYOTI NANDA,Delhi,"Borosilicate Glass Bottle with Protective Silicone Sleeve, 750 ml - Cool Green",Water Bottle,UPI,1648,4,1,Low,Delivered,Normal Delivery
T25924,2026-01-05,Smita katke,Pune,Set of 2 GlassUp ( 500ml ) Lunch Box with Bag - Coral Green,500ml Lunch Box,UPI,1749,0,1,Low,Delivered,Normal Delivery
T25923,2026-01-05,Kalpitha -,Mysore,"TintCup Borosilicate Glass Coffee Cup with Silicone Lid & Grip, 350 ml - Cosmic Purple",Coffee Cups,UPI,759,0,1,Low,Delivered,Normal Delivery
T25922,2026-01-05,Pradeep bachu  kumar,Hyderabad,TintCup Borosilicate Glass Coffee CupÂ CoupleÂ Combo - Blue & Grey,Coffee Cups,UPI,1499,3,1,Low,Delivered,Normal Delivery
T25921,2026-01-05,neha gupta,Ludhiana,"Borosilicate Glass Bottle with Protective Silicone Sleeve, 750 ml - Atomic Green",Water Bottle,UPI,2297,3,1,Low,Delivered,Normal Delivery
T25920,2026-01-05,Shubho mukherjee,Thane,250ml Glass Baby Feeding Temperature Sensing Baby Bottle | Color Changing Silicon Sleeve - M Flow ( 6-10 months ) / Blue,Baby Bottle,UPI,1748,2,1,Low,Delivered,Normal Delivery
T25919,2026-01-05,Sonam -,Leh,125ml Glass Baby Feeding Temperature Sensing Baby Bottle | Color Changing Silicon Sleeve - M Flow ( 3-6 months ) / Blue,Baby Bottle,COD,788,6,1,Medium,Delivered,Call Customer
T25918,2026-01-05,Yogesh bhagat,Pathankot,"TintCup Borosilicate Glass Coffee Cup with Silicone Lid & Grip, 350 ml - Dashing Blue",Coffee Cups,UPI,759,3,1,Low,Delivered,Normal Delivery
T25917,2026-01-05,Bhakti Pawar,Khopoli,250ml Glass Baby Feeding Temperature Sensing Baby Bottle | Color Changing Silicon Sleeve - M Flow ( 6-10 months ) / Blue,Baby Bottle,COD,888,2,1,Medium,Delivered,Normal Delivery
T25916,2026-01-05,Sonali ambhore,Pune,250ml Glass Baby Feeding Temperature Sensing Baby Bottle | Color Changing Silicon Sleeve - M Flow ( 6-10 months ) / Blue,Baby Bottle,COD,888,0,1,Medium,Delivered,Normal Delivery
T25915,2026-01-05,Ravi teja,Hyderabad,125ml Glass Baby Feeding Temperature Sensing Baby Bottle | Color Changing Silicon Sleeve - S Flow ( 0-3 months ) / Blue,Baby Bottle,COD,788,1,3,Medium,Delivered,Call Customer
T25914,2026-01-05,Neeta chandhok,Mumbai,"Customized TintCup Borosilicate Glass Coffee Cup with Silicone Lid & Grip, 350 ml - Mighty Pink",Coffee Cups,UPI,1748,4,1,Low,Delivered,Normal Delivery
T25913,2026-01-05,Gayathri s,Bangalore,GlassUp 500 ml Borosilicate Glass Lunch Box with Glass Lid & Silicone Sleeve - Coral Green,500ml Lunch Box,COD,1487,0,4,Medium,Returned,Send Reminder
T25912,2026-01-05,Anindita Biswas,Bangalore,GlassUp 500 ml Borosilicate Glass Lunch Box with Glass Lid & Silicone Sleeve - Arctic Blue,500ml Lunch Box,UPI,1798,3,1,Low,Delivered,Normal Delivery
T25911,2026-01-05,Obed mohammed,Hyderabad,Set of 3 GlassUp ( 500ml ) Lunch Box with Bag,500ml Lunch Box,COD,3387,4,1,Medium,Delivered,Call Customer
T25910,2026-01-05,Muthukumaran s,KANCHIPURAM,250ml Glass Baby Feeding Temperature Sensing Baby Bottle | Color Changing Silicon Sleeve - M Flow ( 6-10 months ) / Pink,Baby Bottle,UPI,849,1,2,Low,Delivered,Normal Delivery
T25909,2026-01-05,Priyanka kheruka,Mumbai,"Borosilicate Glass Bottle with Protective Silicone Sleeve, 750 ml - Cool Green",Water Bottle,UPI,5045,1,1,Low,Delivered,Normal Delivery
T25908,2026-01-05,Prachi godbole,Nagpur,125ml Glass Baby Feeding Temperature Sensing Baby Bottle | Color Changing Silicon Sleeve - S Flow ( 0-3 months ) / Blue,Baby Bottle,COD,788,2,1,Medium,Delivered,Call Customer
T25907,2026-01-05,pamela Dutta,Kolkata,"Customized Borosilicate Glass Bottle , 750 ml - Lightning Grey",Water Bottle,UPI,1748,4,1,Low,Delivered,Normal Delivery
T25906,2026-01-05,John jenkins,Karamsad,"Borosilicate Glass Bottle with Protective Silicone Sleeve, 750 ml - Lightning Grey",Water Bottle,COD,838,2,1,Medium,Delivered,Call Customer
T25905,2026-01-05,Geethanjali m,UDUPI,250ml Glass Baby Feeding Temperature Sensing Baby Bottle | Color Changing Silicon Sleeve - M Flow ( 6-10 months ) / Blue,Baby Bottle,UPI,849,0,1,Low,Delivered,Normal Delivery
T25904,2026-01-05,yeshwanth -,Hyderabad,"Customized Borosilicate Glass Bottle , 750 ml - Atomic Green",Water Bottle,UPI,899,4,1,Low,Delivered,Normal Delivery
T25903,2026-01-05,Anish unnithan,Trivandrum,Set of 2 GlassUp ( 500ml ) Lunch Box with Bag - Coral Green & Arctic Blue,500ml Lunch Box,COD,1788,5,1,Medium,Delivered,Call Customer
T25902,2026-01-05,E Rahul Naidu,Bangalore,Stainless Steel Straws- PackÂ ofÂ 4 - Stainless Steel and Silicone,Straws,UPI,2147,0,2,Low,Delivered,Normal Delivery
T25901,2026-01-05,Ashmitha sunil,DAKSHINA KANNADA,125ml Glass Baby Feeding Temperature Sensing Baby Bottle | Color Changing Silicon Sleeve - M Flow ( 3-6 months ) / Blue,Baby Bottle,COD,788,2,1,Medium,Delivered,Call Customer
T25900,2026-01-05,Rachna Sondhi,Noida,"Customized TintCup Borosilicate Glass Coffee Cup with Silicone Lid & Grip, 350 ml - Mighty Pink",Coffee Cups,UPI,849,4,1,Low,Delivered,Normal Delivery
T25899,2026-01-05,A shruthi,Bangalore,125ml Glass Baby Feeding Temperature Sensing Baby Bottle | Color Changing Silicon Sleeve - M Flow ( 3-6 months ) / Pink,Baby Bottle,COD,788,2,1,Medium,Delivered,Call Customer
T25898,2026-01-05,Hasu patel patel,Mumbai,"1Â Litre , Motivational Glass Sipper Bottle - Planet Green",1L Water Bottle,COD,1088,4,1,Medium,Delivered,Call Customer
T25897,2026-01-05,renu Dixit,Bhopal,250ml Glass Baby Feeding Temperature Sensing Baby Bottle | Color Changing Silicon Sleeve - + Flow ( 10+ months ) / Blue,Baby Bottle,COD,888,2,1,Medium,Delivered,Call Customer
T25896,2026-01-05,Devansh Seth,Kashipur,"Borosilicate Glass Bottle with Protective Silicone Sleeve, 750 ml - Grey & Blue",Water Bottle,COD,1658,1,1,Medium,Delivered,Normal Delivery
T25895,2026-01-05,Rishi bhogi,Mumbai,"Borosilicate Glass Bottle with Protective Silicone Sleeve, 750 ml - Lightning Grey",Water Bottle,UPI,799,2,1,Low,Delivered,Normal Delivery
T25894,2026-01-05,Neha Sharma,Jaipur,"TintCup Borosilicate Glass Coffee Cup with Silicone Lid & Grip, 350 ml - Mighty Pink",Coffee Cups,UPI,759,1,1,Low,Returned,Refund Initiated
T25893,2026-01-05,Yogesh -,Balotra,"Customized TintCup Borosilicate Glass Coffee Cup with Silicone Lid & Grip, 350 ml - Mighty Pink",Coffee Cups,UPI,2,2,1,Low,Delivered,Normal Delivery
T25892,2026-01-05,Yogesh -,Balotra,"Customized TintCup Borosilicate Glass Coffee Cup with Silicone Lid & Grip, 350 ml - Dashing Blue",Coffee Cups,UPI,1,4,1,Low,Delivered,Normal Delivery
T25891,2026-01-05,Shweta  ahuja,BANGALORE,"Borosilicate Glass Bottle with Protective Silicone Sleeve, 750 ml - Energy Red",Water Bottle,COD,838,4,1,Medium,Delivered,Normal Delivery
T25890,2026-01-05,Geeta  Merani,Mulund east,Set of 2 Borosilicate Glass Lunch box with Canvas Bag - Oasis Blue,500ml Lunch Box,UPI,1449,4,1,Low,Delivered,Refund Initiated
T25889,2026-01-05,Sakshi Jain,Delhi,Set of 3 Borosilicate Glass Lunch box with Canvas Bag - Blue & Orange & Green,500ml Lunch Box,COD,1988,3,3,Medium,Delivered,Call Customer
T25888,2026-01-05,Madhumita kapoor,Bangalore,"TintCup Borosilicate Glass Coffee Cup with Silicone Lid & Grip, 350 ml - Dashing Blue",Coffee Cups,UPI,1468,0,1,Low,Delivered,Normal Delivery
T25887,2026-01-05,sudha -,Ravangla,250ml Glass Baby Feeding Temperature Sensing Baby Bottle | Color Changing Silicon Sleeve - M Flow ( 6-10 months ) / Blue,Baby Bottle,COD,888,4,1,Medium,Delivered,Normal Delivery
T25886,2026-01-05,Devaki Rajeendranath,Chennai,Set of 2 GlassUp ( 500ml ) Lunch Box - Marine Grey,500ml Lunch Box,UPI,1499,1,2,Low,Delivered,Normal Delivery
T25885,2026-01-05,Payal kanugo,Indore,250ml Glass Baby Feeding Temperature Sensing Baby Bottle | Color Changing Silicon Sleeve - + Flow ( 10+ months ) / Pink,Baby Bottle,UPI,1748,4,1,Low,Delivered,Normal Delivery
T25884,2026-01-05,Nishtha saraswat,Bengaluru,125ml Glass Baby Feeding Temperature Sensing Baby Bottle | Color Changing Silicon Sleeve - S Flow ( 0-3 months ) / Pink,Baby Bottle,UPI,749,3,2,Low,Delivered,Normal Delivery
T25883,2026-01-05,Gauri Sawhney,Delhi,"Borosilicate Glass Bottle with Protective Silicone Sleeve, 750 ml - Energy Red",Water Bottle,COD,838,1,1,Medium,Delivered,Normal Delivery
T25882,2026-01-04,Sindhuri M,Thane,"Borosilicate Glass Bottle with Protective Silicone Sleeve, 750 ml - Atomic Green",Water Bottle,COD,838,3,2,Medium,Delivered,Call Customer
T25881,2026-01-04,Aman Singh  Parihar,DONGARGARH,"1Â Litre , Motivational Glass Sipper Bottle - Gravity Gray",1L Water Bottle,COD,1088,5,3,Medium,Delivered,Call Customer
T25880,2026-01-04,Ananya mohanty,khordha,"Customized Borosilicate Glass Bottle , 750 ml - Energy Red",Water Bottle,UPI,899,1,1,Low,Delivered,Normal Delivery
T25879,2026-01-04,P v r kumar,Visakhapatnam,"Borosilicate Glass Bottle with Protective Silicone Sleeve, 750 ml - Energy Red",Water Bottle,UPI,799,2,3,Low,Delivered,Normal Delivery
T25878,2026-01-04,Shivani Rawlani,Mumbai,"TintCup Borosilicate Glass Coffee Cup with Silicone Lid & Grip, 350 ml - Dynamic Grey",Coffee Cups,COD,798,0,4,Medium,Returned,Send Reminder
T25877,2026-01-04,Satwant Singh Magoo,Mumbai,"Borosilicate Glass Bottle with Protective Silicone Sleeve, 750 ml - Cool Green",Water Bottle,UPI,799,0,1,Low,Delivered,Normal Delivery
T25876,2026-01-04,Karthik Manu,Thiruvananthapuram,"Borosilicate Glass Bottle with Protective Silicone Sleeve, 750 ml - Atomic Green",Water Bottle,UPI,799,3,2,Low,Delivered,Normal Delivery
T25875,2026-01-04,Sudhir sawant,Mumbai,"Borosilicate Glass Bottle with Protective Silicone Sleeve, 750 ml - Cool Green",Water Bottle,UPI,799,0,1,Low,Delivered,Normal Delivery
T25874,2026-01-04,Nitin chawla,Rourkela,"Borosilicate Glass Bottle with Protective Silicone Sleeve, 750 ml - Grey & Blue",Water Bottle,UPI,2268,3,3,Low,Delivered,Normal Delivery
T25873,2026-01-04,Pratha ganeshan,Mumbai,"Borosilicate Glass Bottle with Protective Silicone Sleeve, 750 ml - Atomic Green",Water Bottle,COD,838,3,1,Medium,Delivered,Normal Delivery
T25872,2026-01-04,Dipannita Ray,Bardhaman,"Borosilicate Glass Bottle with Protective Silicone Sleeve, 750 ml - Energy Red",Water Bottle,COD,838,3,1,Medium,Delivered,Call Customer
T25871,2026-01-04,Swapna Bandodkar,Sankhalim,"1Â Litre , Motivational Glass Sipper Bottle - Gravity Gray",1L Water Bottle,UPI,1049,0,1,Low,Delivered,Normal Delivery
T25870,2026-01-04,virenvaghasiyagmail.com -,Rajkot,"1Â Litre , Motivational Glass Sipper Bottle - Gravity Gray",1L Water Bottle,COD,1088,6,1,Medium,Delivered,Call Customer
T25869,2026-01-04,PRATAP SADHUKHAN,Badkulla,250ml Glass Baby Feeding Temperature Sensing Baby Bottle | Color Changing Silicon Sleeve - M Flow ( 6-10 months ) / Blue,Baby Bottle,COD,888,3,2,Medium,Delivered,Normal Delivery
T25868,2026-01-04,Radhika  mahajan,Mumbai,GlassUp 500 ml Borosilicate Glass Lunch Box with Glass Lid & Silicone Sleeve - Coral Green,500ml Lunch Box,UPI,749,0,1,Low,Delivered,Normal Delivery
T25867,2026-01-04,Aastha pradhan,Bangalore,"Customized TintCup Borosilicate Glass Coffee Cup with Silicone Lid & Grip, 350 ml - Mighty Pink",Coffee Cups,UPI,849,3,2,Low,Delivered,Normal Delivery
T25866,2026-01-04,Vinay kumar,NIZAMABAD,"Customized Borosilicate Glass Bottle , 750 ml - Power Blue",Water Bottle,UPI,899,4,1,Low,Delivered,Normal Delivery
T25865,2026-01-04,Vijay nair,Kolkata,"Borosilicate Glass Bottle with Protective Silicone Sleeve, 750 ml - Energy Red",Water Bottle,UPI,799,3,1,Low,Delivered,Normal Delivery
T25864,2026-01-04,Saurabh anand,Gurgaon,"Borosilicate Glass Bottle with Protective Silicone Sleeve, 750 ml - Power Blue",Water Bottle,UPI,799,1,1,Low,Delivered,Normal Delivery
T25863,2026-01-04,Nikhil goyal,Pune,"Borosilicate Glass Lunch Box with Silicone Sleeve, 300 ml - Oasis Blue",300ml Lunch Box,UPI,1598,3,1,Low,Delivered,Normal Delivery
T25862,2026-01-04,Anil Raut,Pune,"Customized Borosilicate Glass Bottle , 750 ml - Lightning Grey",Water Bottle,UPI,1798,2,1,Low,Delivered,Normal Delivery
T25861,2026-01-04,navneet mohta,Kolkata,"Customized Borosilicate Glass Bottle , 750 ml - Cool Green",Water Bottle,UPI,1948,3,1,Low,Delivered,Normal Delivery
T25860,2026-01-04,Omprakash N,Bangalore,125ml Glass Baby Feeding Temperature Sensing Baby Bottle | Color Changing Silicon Sleeve - S Flow ( 0-3 months ) / Blue,Baby Bottle,UPI,749,1,2,Low,Delivered,Normal Delivery
T25859,2026-01-04,Harshida ghughal,Ahmedabad,"1Â Litre , Motivational Glass Sipper Bottle - Venus Pink",1L Water Bottle,COD,1088,1,4,Medium,Delivered,Call Customer
T25858,2026-01-04,Heema shah,Jamnagar,"Customized TintCup Borosilicate Glass Coffee Cup with Silicone Lid & Grip, 350 ml - Dynamic Grey",Coffee Cups,UPI,1698,0,1,Low,Delivered,Normal Delivery
T25857,2026-01-04,Garemella karteek,Hyderabad,"Borosilicate Glass Bottle with Protective Silicone Sleeve, 750 ml - Cool Green",Water Bottle,UPI,799,4,1,Low,Delivered,Normal Delivery
T25856,2026-01-04,pradeep gandhy,Mumbai,"Borosilicate Glass Bottle with Protective Silicone Sleeve, 750 ml - Power Blue",Water Bottle,UPI,799,3,1,Low,Delivered,Normal Delivery
T25855,2026-01-04,Ramya yedlapalli,Hyderabad,Set of 3 GlassUp ( 500ml ) Lunch Box with Bag,500ml Lunch Box,UPI,2249,0,1,Low,Delivered,Normal Delivery
T25854,2026-01-04,Swati sharma,Mumbai,250ml Glass Baby Feeding Temperature Sensing Baby Bottle | Color Changing Silicon Sleeve - + Flow ( 10+ months ) / Blue,Baby Bottle,COD,1787,4,4,Medium,Delivered,Call Customer
T25853,2026-01-04,kasturi ghadshi,Mumbai,"Borosilicate Glass Bottle with Protective Silicone Sleeve, 750 ml - Pulse Yellow",Water Bottle,COD,838,3,1,Medium,Delivered,Call Customer
T25852,2026-01-04,Sarvesh  gaurav,Pune,"Borosilicate Glass Bottle with Protective Silicone Sleeve, 750 ml - Power Blue",Water Bottle,COD,838,2,3,Medium,Delivered,Call Customer
T25851,2026-01-04,Adv.kk nair,Kanhangad,GlassUp 500 ml Borosilicate Glass Lunch Box with Glass Lid & Silicone Sleeve - Coral Green,500ml Lunch Box,UPI,1847,3,1,Low,Delivered,Normal Delivery
T25850,2026-01-04,Megha sharma,Jalandhar,"Customized TintCup Borosilicate Glass Coffee Cup with Silicone Lid & Grip, 350 ml - Dynamic Grey",Coffee Cups,UPI,1748,1,1,Low,Delivered,Normal Delivery
T25849,2026-01-04,Denisha Patel,Mumbai,"Customized Borosilicate Glass Bottle , 750 ml - Power Blue",Water Bottle,UPI,899,1,1,Low,Delivered,Normal Delivery
T25848,2026-01-04,Mustafa siawala,Mumbai,"Borosilicate Glass Bottle with Protective Silicone Sleeve, 750 ml - Power Blue",Water Bottle,UPI,799,2,3,Low,Returned,Send Reminder
T25847,2026-01-04,Manjunathachar br,Bangalore,"Borosilicate Glass Bottle with Protective Silicone Sleeve, 750 ml - Pulse Yellow",Water Bottle,COD,838,0,3,Medium,Delivered,Call Customer
T25846,2026-01-04,Kanchan Shukla,THANE,250ml Glass Baby Feeding Temperature Sensing Baby Bottle | Color Changing Silicon Sleeve - M Flow ( 6-10 months ) / Blue,Baby Bottle,UPI,849,4,1,Low,Delivered,Normal Delivery
T25845,2026-01-04,Ajay Upadhyay,Navi Mumbai,TintBox Borosilicate Glass Food Container (300ml)-Set ofÂ 3Â withoutÂ Bag - Blue & Orange & Green,Water Bottle Combo,UPI,4048,3,1,Low,Delivered,Normal Delivery
T25844,2026-01-04,mannish agarwaal,Surat,"Borosilicate Glass Bottle with Protective Silicone Sleeve, 750 ml - Lightning Grey",Water Bottle,COD,4784,1,4,Medium,Delivered,Call Customer
T25843,2026-01-04,sagar -,Mumbai,Set of 3 GlassUp ( 500ml ) Lunch Box with Bag,500ml Lunch Box,UPI,2249,0,1,Low,Delivered,Normal Delivery
T25842,2026-01-04,Monisha verma,Bangalore,Set of 3 Borosilicate Glass Lunch box with Canvas Bag - Blue & Orange & Green,500ml Lunch Box,UPI,1949,2,1,Low,Delivered,Normal Delivery
T25841,2026-01-04,Urvi .,MUMBAI,"Borosilicate Glass Bottle with Protective Silicone Sleeve, 750 ml - Atomic Green",Water Bottle,UPI,799,1,1,Low,Delivered,Normal Delivery
T25840,2026-01-04,Selva sankari kennedy,Thiruvannamalai,"TintCup Borosilicate Glass Coffee Cup with Silicone Lid & Grip, 350 ml - Cosmic Purple",Coffee Cups,COD,1507,2,1,Medium,Delivered,Call Customer
T25839,2026-01-04,Feroza pithawalla,Pune,250ml Glass Baby Feeding Temperature Sensing Baby Bottle | Color Changing Silicon Sleeve - + Flow ( 10+ months ) / Blue,Baby Bottle,COD,1787,3,1,Medium,Delivered,Normal Delivery
T25838,2026-01-04,Phoola ram,Sirohi,"1Â Litre , Motivational Glass Sipper Bottle - Gravity Gray",1L Water Bottle,COD,1797,6,3,Medium,Delivered,Call Customer
T25837,2026-01-04,Soumita Dutta,Kolkata,"1Â Litre , Motivational Glass Sipper Bottle - Planet Green",1L Water Bottle,UPI,1049,4,1,Low,Delivered,Normal Delivery
T25836,2026-01-04,Agma kashyap,Ambala city,Set of 3 Borosilicate Glass Lunch box with Canvas Bag - Blue & Orange & Green,500ml Lunch Box,COD,2597,1,4,Medium,Delivered,Call Customer
T25835,2026-01-04,Saheb das,Guwahati,Set of 3 Borosilicate Glass Lunch box with Canvas Bag - 1 Blue 2 Green,500ml Lunch Box,COD,1988,1,4,Medium,Delivered,Call Customer
T25834,2026-01-04,Saheb das,Guwahati,Set of 2 Borosilicate Glass Lunch box with Canvas Bag - Oasis Blue,500ml Lunch Box,COD,1488,3,1,Medium,Delivered,Call Customer
T25833,2026-01-04,Bernard Louis Alvares,Mumbai,"Borosilicate Glass Bottle with Protective Silicone Sleeve, 750 ml - Atomic Green",Water Bottle,UPI,799,0,1,Low,Delivered,Normal Delivery
T25832,2026-01-04,Riswana  parveen k.p,Kozhikode,250ml Glass Baby Feeding Temperature Sensing Baby Bottle | Color Changing Silicon Sleeve - M Flow ( 6-10 months ) / Blue,Baby Bottle,UPI,849,4,3,Low,Delivered,Normal Delivery
T25831,2026-01-04,Deijee deka,Baihata,125ml Glass Baby Feeding Temperature Sensing Baby Bottle | Color Changing Silicon Sleeve - S Flow ( 0-3 months ) / Blue,Baby Bottle,COD,788,1,3,Medium,Delivered,Call Customer
T25830,2026-01-04,Kavitha senthil,Salem,125ml Glass Baby Feeding Temperature Sensing Baby Bottle | Color Changing Silicon Sleeve - M Flow ( 3-6 months ) / Blue,Baby Bottle,COD,788,4,1,Medium,Delivered,Call Customer
T25829,2026-01-04,Vally baskar,Trivandrum,125ml Glass Baby Feeding Temperature Sensing Baby Bottle | Color Changing Silicon Sleeve - S Flow ( 0-3 months ) / Blue,Baby Bottle,UPI,749,1,1,Low,Delivered,Normal Delivery
T25828,2026-01-04,Heena Sheikh,Bhopal,TintBox Borosilicate Glass Food Container (300ml)-Set ofÂ 3Â withoutÂ Bag - Blue & Orange & Green,Water Bottle Combo,COD,1738,4,1,Medium,Delivered,Normal Delivery
T25827,2026-01-04,Sumana halder,Canning,125ml Glass Baby Feeding Temperature Sensing Baby Bottle | Color Changing Silicon Sleeve - M Flow ( 3-6 months ) / Blue,Baby Bottle,COD,788,2,1,Medium,Delivered,Call Customer
T25826,2026-01-04,Jeenia t,Bangalore South,"Borosilicate Glass Bottle with Protective Silicone Sleeve, 750 ml - Power Blue",Water Bottle,UPI,799,1,1,Low,Delivered,Normal Delivery
T25825,2026-01-04,Dr Pallavi B,Bangalore Urban,Set of 2 GlassUp ( 500ml ) Lunch Box with Bag - Arctic Blue,500ml Lunch Box,UPI,1749,4,1,Low,Delivered,Normal Delivery
T25824,2026-01-04,Sukhreet kaur,Khanna,250ml Glass Baby Feeding Temperature Sensing Baby Bottle | Color Changing Silicon Sleeve - + Flow ( 10+ months ) / Pink,Baby Bottle,UPI,1748,0,1,Low,Delivered,Normal Delivery
T25823,2026-01-04,Damini maheshwari,Delhi,250ml Glass Baby Feeding Temperature Sensing Baby Bottle | Color Changing Silicon Sleeve - + Flow ( 10+ months ) / Blue,Baby Bottle,UPI,849,2,1,Low,Delivered,Normal Delivery
T25822,2026-01-04,Darshita chheda,Thane West,"TintCup Borosilicate Glass Coffee Cup with Silicone Lid & Grip, 350 ml - Cosmic Purple",Coffee Cups,COD,798,2,1,Medium,Delivered,Call Customer
T25821,2026-01-04,Saurabh chawande,Mumbai,125ml Glass Baby Feeding Temperature Sensing Baby Bottle | Color Changing Silicon Sleeve - M Flow ( 3-6 months ) / Blue,Baby Bottle,UPI,1548,0,1,Low,Delivered,Normal Delivery
T25820,2026-01-04,Pulak Nath,Dhubri,125ml Glass Baby Feeding Temperature Sensing Baby Bottle | Color Changing Silicon Sleeve - S Flow ( 0-3 months ) / Blue,Baby Bottle,COD,788,4,1,Medium,Delivered,Call Customer
T25819,2026-01-04,niraj jain,Hyderabad,"Borosilicate Glass Bottle with Protective Silicone Sleeve, 750 ml - Power Blue",Water Bottle,UPI,799,3,1,Low,Delivered,Normal Delivery
T25818,2026-01-04,Arijit Das,Kolkata,"Borosilicate Glass Bottle with Protective Silicone Sleeve, 750 ml - Cool Green",Water Bottle,UPI,799,0,1,Low,Delivered,Normal Delivery
T25817,2026-01-04,Sangita Sinha Roy,Kolkata,GlassUp 500 ml Borosilicate Glass Lunch Box with Glass Lid & Silicone Sleeve - Coral Green,500ml Lunch Box,UPI,1598,4,1,Low,Delivered,Normal Delivery
T25816,2026-01-04,Sitaramayya sitaramayya,Kanchipuram,"Borosilicate Glass Bottle with Protective Silicone Sleeve, 750 ml - Atomic Green",Water Bottle,UPI,799,0,1,Low,Delivered,Normal Delivery
T25815,2026-01-04,Anashi Prakash,MUMBAI,250ml Glass Baby Feeding Temperature Sensing Baby Bottle | Color Changing Silicon Sleeve - M Flow ( 6-10 months ) / Pink,Baby Bottle,COD,888,0,4,Medium,Delivered,Call Customer
T25814,2026-01-04,Techi punia,Itanagar,125ml Glass Baby Feeding Temperature Sensing Baby Bottle | Color Changing Silicon Sleeve - M Flow ( 3-6 months ) / Pink,Baby Bottle,UPI,749,1,1,Low,Delivered,Normal Delivery
T25813,2026-01-04,Likhitha t,Hyderabad,"Customized TintCup Borosilicate Glass Coffee Cup with Silicone Lid & Grip, 350 ml - Mighty Pink",Coffee Cups,UPI,849,4,1,Low,Delivered,Normal Delivery
T25812,2026-01-04,Anushka Gerwani,Pachora,Glass Baby Feeding Temperature Sensing Baby Bottle | Color Changing Silicon Sleeve - 250ml (6-15 months) / Pink / Medium,Baby Bottle,COD,849,3,4,Medium,Delivered,Call Customer
T25811,2026-01-04,Jagdeep KP,Bangalore,"Customized Borosilicate Glass Bottle , 750 ml - Cool Green",Water Bottle,UPI,899,1,1,Low,Delivered,Normal Delivery
T25810,2026-01-04,Ratnamani venisetty,Hanamkonda,"Borosilicate Glass Bottle with Protective Silicone Sleeve, 750 ml - Lightning Grey",Water Bottle,COD,1687,0,1,Medium,Delivered,Call Customer
T25809,2026-01-04,Ramesh muvva,Hyderabad,"Customized Borosilicate Glass Bottle , 750 ml - Energy Red",Water Bottle,UPI,899,0,1,Low,Delivered,Normal Delivery
T25808,2026-01-04,Mayuri Deshmukh,Sangli,125ml Glass Baby Feeding Temperature Sensing Baby Bottle | Color Changing Silicon Sleeve - M Flow ( 3-6 months ) / Blue,Baby Bottle,UPI,749,0,1,Low,Delivered,Normal Delivery
T25807,2026-01-04,Ramkishan Bindal,North West Delhi,"1Â Litre , Motivational Glass Sipper Bottle - Planet Green & Gravity Gray",1L Water Bottle,COD,2288,4,1,Medium,Delivered,Normal Delivery
T25806,2026-01-04,Anjana Dhruv,Nadiad,"Borosilicate Glass Bottle with Protective Silicone Sleeve, 750 ml - Grey & Green",Water Bottle,UPI,1619,4,1,Low,Delivered,Normal Delivery
T25805,2026-01-04,Sriram  nanduri,HYDERABAD,"Customized Borosilicate Glass Bottle , 750 ml - Power Blue",Water Bottle,UPI,899,1,1,Low,Delivered,Normal Delivery
T25804,2026-01-04,Surabhi lt col,Pune,250ml Glass Baby Feeding Temperature Sensing Baby Bottle | Color Changing Silicon Sleeve - M Flow ( 6-10 months ) / Blue,Baby Bottle,UPI,1748,3,1,Low,Delivered,Normal Delivery
T25803,2026-01-04,Swetha P,Bangalore,"TintCup Borosilicate Glass Coffee Cup with Silicone Lid & Grip, 350 ml - Java Brown",Coffee Cups,UPI,759,1,1,Low,Delivered,Normal Delivery
T25802,2026-01-04,Puru sachdeva,Rohtak,"Borosilicate Glass Bottle Duo with Protective Silicone Sleeve, 750 ml - Grey & Blue",Water Bottle Combo,COD,1478,2,3,Medium,Delivered,Call Customer
T25801,2026-01-04,Sweety  Awasthi,Greater Noida,125ml Glass Baby Feeding Temperature Sensing Baby Bottle | Color Changing Silicon Sleeve - M Flow ( 3-6 months ) / Blue,Baby Bottle,COD,788,0,1,Medium,Delivered,Call Customer
T25800,2026-01-04,Tanushree Tale,Pune,"Customized TintCup Borosilicate Glass Coffee Cup with Silicone Lid & Grip, 350 ml - Mighty Pink",Coffee Cups,UPI,849,0,3,Low,Delivered,Normal Delivery
T25799,2026-01-04,Bindu Robin,Adoor,250ml Glass Baby Feeding Temperature Sensing Baby Bottle | Color Changing Silicon Sleeve - M Flow ( 6-10 months ) / Pink,Baby Bottle,COD,888,0,1,Medium,Delivered,Normal Delivery
T25798,2026-01-04,Saheb das,Guwahati,Set of 3 GlassUp ( 500ml ) Lunch Box - Arctic Blue,500ml Lunch Box,COD,2238,1,1,Medium,Delivered,Call Customer
T25797,2026-01-03,Sangeeta gupta,Saharanpur,TintBox Borosilicate Glass Food Container (300ml)-Set ofÂ 3Â withoutÂ Bag - Blue & Orange & Green,Water Bottle Combo,COD,1738,5,1,Medium,Delivered,Call Customer
T25796,2026-01-03,Ananya chatterjee,Kolkata,"Customized TintCup Borosilicate Glass Coffee Cup with Silicone Lid & Grip, 350 ml - Mighty Pink",Coffee Cups,UPI,849,1,1,Low,Delivered,Normal Delivery
T25795,2026-01-03,N Deenadayalan,Chennai,"Borosilicate Glass Bottle with Protective Silicone Sleeve, 750 ml - Power Blue",Water Bottle,COD,838,0,4,Medium,Returned,Send Reminder
T25794,2026-01-03,Akshat karnwal,Bangalore,"1Â Litre , Motivational Glass Sipper Bottle - Gravity Gray",1L Water Bottle,UPI,1049,1,1,Low,Delivered,Normal Delivery
T25793,2026-01-03,Prateek Dalmiya,Mumbai,TintBox Borosilicate Glass Food Container (300ml)-Set ofÂ 3Â withoutÂ Bag - 1 Blue 2 Green,Water Bottle Combo,UPI,2648,4,1,Low,Delivered,Normal Delivery
T25792,2026-01-03,Dr Purvi Raisoni,Mumbai,250ml Glass Baby Feeding Temperature Sensing Baby Bottle | Color Changing Silicon Sleeve - + Flow ( 10+ months ) / Pink,Baby Bottle,COD,1787,4,4,Medium,Delivered,Call Customer
T25791,2026-01-03,Bargavee  venkat,Bengaluru,Set of 2 GlassUp ( 500ml ) Lunch Box - Arctic Blue,500ml Lunch Box,UPI,1499,1,1,Low,Delivered,Normal Delivery
T25790,2026-01-03,Fathima firoz,Kozhikode,250ml Glass Baby Feeding Temperature Sensing Baby Bottle | Color Changing Silicon Sleeve - M Flow ( 6-10 months ) / Blue,Baby Bottle,COD,888,0,2,Medium,Delivered,Call Customer
T25789,2026-01-03,Aknsha agarwal,Indergarh,250ml Glass Baby Feeding Temperature Sensing Baby Bottle | Color Changing Silicon Sleeve - M Flow ( 6-10 months ) / Blue,Baby Bottle,COD,888,1,2,Medium,Delivered,Call Customer
T25788,2026-01-03,rishav saluja,Gurgaon,"Borosilicate Glass Bottle with Protective Silicone Sleeve, 750 ml - Cool Green",Water Bottle,UPI,3098,1,1,Low,Delivered,Normal Delivery
T25787,2026-01-03,Kunal Swain,Guwahati,"Customized TintCup Borosilicate Glass Coffee Cup with Silicone Lid & Grip, 350 ml - Mighty Pink",Coffee Cups,UPI,1148,1,1,Low,Delivered,Normal Delivery
T25786,2026-01-03,Arushi Singla,Khanna,Set of 3 GlassUp ( 500ml ) Lunch Box - Coral Green & Arctic Blue & Marine Grey,500ml Lunch Box,COD,3757,2,4,Medium,Delivered,Call Customer
T25785,2026-01-03,Disha Munjpara,Ahmedabad,"Customized TintCup Borosilicate Glass Coffee Cup with Silicone Lid & Grip, 350 ml - Dynamic Grey",Coffee Cups,UPI,849,4,1,Low,Delivered,Normal Delivery
T25784,2026-01-03,Ganeshchunatu Mohan,Thodupuzha,"Borosilicate Glass Bottle with Protective Silicone Sleeve, 750 ml - Cool Green",Water Bottle,COD,838,6,1,Medium,Delivered,Call Customer
T25783,2026-01-03,Rajeev gopinath,Cochin,"1Â Litre , Motivational Glass Sipper Bottle - Planet Green",1L Water Bottle,UPI,1049,3,1,Low,Delivered,Normal Delivery
T25782,2026-01-03,Sukhmanpreet  kaur,Bangalore,"Customized TintCup Borosilicate Glass Coffee Cup with Silicone Lid & Grip, 350 ml - Java Brown",Coffee Cups,UPI,1748,3,1,Low,Delivered,Normal Delivery
T25781,2026-01-03,Jagdish Iyer,Mumbai,"Customized TintCup Borosilicate Glass Coffee Cup with Silicone Lid & Grip, 350 ml - Mighty Pink",Coffee Cups,UPI,849,2,1,Low,Delivered,Normal Delivery
T25780,2026-01-03,Somnath Guha,Pune,"1Â Litre , Motivational Glass Sipper Bottle - Planet Green",1L Water Bottle,UPI,1049,1,1,Low,Delivered,Normal Delivery
T25779,2026-01-03,srihari -,Hyderabad,"Borosilicate Glass Bottle with Protective Silicone Sleeve, 750 ml - Power Blue",Water Bottle,UPI,799,2,1,Low,Delivered,Normal Delivery
T25778,2026-01-03,ARUN M GEORGE,KOLLAM,"Borosilicate Glass Bottle Duo with Protective Silicone Sleeve, 750 ml - Grey & Blue",Water Bottle Combo,UPI,1439,2,1,Low,Delivered,Normal Delivery
T25777,2026-01-03,Karishma sharma,Chandigarh,"Customized TintCup Borosilicate Glass Coffee Cup with Silicone Lid & Grip, 350 ml - Dashing Blue",Coffee Cups,UPI,849,0,1,Low,Delivered,Normal Delivery
T25776,2026-01-03,M prerana  jain,Mysuru,"Customized TintCup Borosilicate Glass Coffee Cup with Silicone Lid & Grip, 350 ml - Mighty Pink",Coffee Cups,UPI,849,4,1,Low,Delivered,Normal Delivery
T25775,2026-01-03,Pranali gurav,Mumbai,125ml Glass Baby Feeding Temperature Sensing Baby Bottle | Color Changing Silicon Sleeve - S Flow ( 0-3 months ) / Blue,Baby Bottle,COD,788,3,1,Medium,Delivered,Call Customer
T25774,2026-01-03,Aniket mitra,Kolkata,"Borosilicate Glass Bottle with Protective Silicone Sleeve, 750 ml - Cool Green",Water Bottle,COD,838,1,1,Medium,Delivered,Call Customer
T25773,2026-01-03,Sarayu G,Mumbai,"Borosilicate Glass Bottle with Protective Silicone Sleeve, 750 ml - Lightning Grey",Water Bottle,UPI,799,3,1,Low,Delivered,Normal Delivery
T25772,2026-01-03,Lakshay batra,Delhi,"1Â Litre , Motivational Glass Sipper Bottle - Gravity Gray",1L Water Bottle,UPI,1049,3,1,Low,Delivered,Normal Delivery
T25771,2026-01-03,Sunil rego,Puttur,250ml Glass Baby Feeding Temperature Sensing Baby Bottle | Color Changing Silicon Sleeve - M Flow ( 6-10 months ) / Blue,Baby Bottle,UPI,849,4,1,Low,Delivered,Normal Delivery
T25770,2026-01-03,Mark Channayil,Mumbai,Set of 3 Borosilicate Glass Lunch box with Canvas Bag - Blue & Orange & Green,500ml Lunch Box,UPI,1949,3,1,Low,Delivered,Normal Delivery
T25769,2026-01-03,Shubham Gupta,Ajmer,"Customized TintCup Borosilicate Glass Coffee Cup with Silicone Lid & Grip, 350 ml - Dynamic Grey",Coffee Cups,UPI,849,3,1,Low,Delivered,Normal Delivery
T25768,2026-01-03,Neelansh Patel,Surat,"Borosilicate Glass Bottle with Protective Silicone Sleeve, 750 ml - Energy Red",Water Bottle,UPI,799,2,1,Low,Delivered,Normal Delivery
T25767,2026-01-03,Falguni beed,Bhiwandi,125ml Glass Baby Feeding Temperature Sensing Baby Bottle | Color Changing Silicon Sleeve - M Flow ( 3-6 months ) / Blue,Baby Bottle,UPI,1548,4,4,Low,Returned,Refund Initiated
T25766,2026-01-03,Sushma P,Panchkula,"Customized TintCup Borosilicate Glass Coffee Cup with Silicone Lid & Grip, 350 ml - Dashing Blue",Coffee Cups,UPI,849,0,1,Low,Delivered,Normal Delivery
T25765,2026-01-03,Poonam kalra,Noida,250ml Glass Baby Feeding Temperature Sensing Baby Bottle | Color Changing Silicon Sleeve - M Flow ( 6-10 months ) / Blue,Baby Bottle,UPI,849,1,1,Low,Delivered,Normal Delivery
T25764,2026-01-03,Gagan  Singh,Pune,"Borosilicate Glass Bottle with Protective Silicone Sleeve, 750 ml - Pulse Yellow",Water Bottle,UPI,799,3,1,Low,Delivered,Normal Delivery
T25763,2026-01-03,Nuzhat Parvez,Kolkata Central,"1Â Litre , Motivational Glass Sipper Bottle - Gravity Gray",1L Water Bottle,UPI,2648,1,1,Low,Delivered,Normal Delivery
T25762,2026-01-03,Sweta  Mahnot,Kamrup,250ml Glass Baby Feeding Temperature Sensing Baby Bottle | Color Changing Silicon Sleeve - M Flow ( 6-10 months ) / Pink,Baby Bottle,COD,888,0,1,Medium,Delivered,Send Reminder
T25761,2026-01-03,Dr.Nishtha Arora,Sirsa,"Customized TintCup Borosilicate Glass Coffee Cup with Silicone Lid & Grip, 350 ml - Mighty Pink",Coffee Cups,UPI,849,1,1,Low,Delivered,Normal Delivery
T25760,2026-01-03,Sanket soni,Mangrol,"Borosilicate Glass Bottle with Protective Silicone Sleeve, 750 ml - Power Blue",Water Bottle,UPI,1558,0,1,Low,Delivered,Normal Delivery
T25759,2026-01-03,Arpita  parikh,Vadodara,"Borosilicate Glass Bottle with Protective Silicone Sleeve, 750 ml - Cool Green",Water Bottle,UPI,3997,2,1,Low,Delivered,Normal Delivery
T25758,2026-01-03,John francis,Panvel,"TintCup Borosilicate Glass Coffee Cup with Silicone Lid & Grip, 350 ml - Mighty Pink",Coffee Cups,COD,798,3,1,Medium,Delivered,Call Customer
T25757,2026-01-03,Vivek Sreedharan,Mumbai,"Borosilicate Glass Bottle with Protective Silicone Sleeve, 750 ml - Power Blue",Water Bottle,UPI,799,0,1,Low,Delivered,Normal Delivery
T25756,2026-01-03,Kriti jain,jaipur,125ml Glass Baby Feeding Temperature Sensing Baby Bottle | Color Changing Silicon Sleeve - M Flow ( 3-6 months ) / Blue,Baby Bottle,COD,788,1,1,Medium,Delivered,Call Customer
T25755,2026-01-03,Keith Rose,Navelim,"1Â Litre , Motivational Glass Sipper Bottle - Gravity Gray",1L Water Bottle,UPI,1049,3,3,Low,Delivered,Normal Delivery
T25754,2026-01-03,Sonali samant,Borivali West,"Customized TintCup Borosilicate Glass Coffee Cup with Silicone Lid & Grip, 350 ml - Dashing Blue",Coffee Cups,UPI,849,2,3,Low,Delivered,Normal Delivery
T25753,2026-01-03,Saurav arora,Hyderabad,"1Â Litre , Motivational Glass Sipper Bottle - Venus Pink",1L Water Bottle,COD,1088,3,2,Medium,Delivered,Normal Delivery
T25752,2026-01-03,Priyanka  ahire,Manmad,250ml Glass Baby Feeding Temperature Sensing Baby Bottle | Color Changing Silicon Sleeve - + Flow ( 10+ months ) / Pink,Baby Bottle,UPI,849,0,1,Low,Delivered,Normal Delivery
T25751,2026-01-03,Kavita shrivas,Pune,"Borosilicate Glass Bottle with Protective Silicone Sleeve, 750 ml - Cool Green",Water Bottle,UPI,799,2,1,Low,Delivered,Normal Delivery
T25750,2026-01-03,Anupma chopra,Faridabad,250ml Glass Baby Feeding Temperature Sensing Baby Bottle | Color Changing Silicon Sleeve - M Flow ( 6-10 months ) / Blue,Baby Bottle,COD,888,1,4,Medium,Delivered,Call Customer
T25749,2026-01-03,Sneha Bhosle,Mumbai,Borosilicate Glass Bottle with Protective Silicone Sleeve - Cool Green,Water Bottle,UPI,849,2,1,Low,Delivered,Normal Delivery
T25748,2026-01-03,Goyal -,PUNE,Set of 3 Borosilicate Glass Lunch box with Canvas Bag - Blue & Orange & Green,500ml Lunch Box,UPI,1949,2,2,Low,Delivered,Normal Delivery
T25747,2026-01-03,Gopi Mistry,Ahmedabad,125ml Glass Baby Feeding Temperature Sensing Baby Bottle | Color Changing Silicon Sleeve - M Flow ( 3-6 months ) / Blue,Baby Bottle,COD,788,4,1,Medium,Delivered,Call Customer
T25746,2026-01-03,Shalini tamhankar,Thane,"Customized TintCup Borosilicate Glass Coffee Cup with Silicone Lid & Grip, 350 ml - Java Brown",Coffee Cups,UPI,849,2,1,Low,Delivered,Normal Delivery
T25745,2026-01-03,Monica Mani,Bangalore,125ml Glass Baby Feeding Temperature Sensing Baby Bottle | Color Changing Silicon Sleeve - M Flow ( 3-6 months ) / Blue,Baby Bottle,UPI,749,2,1,Low,Delivered,Normal Delivery
T25744,2026-01-03,Sudhir Limaye,Pune,"Borosilicate Glass Bottle with Protective Silicone Sleeve, 750 ml - Power Blue",Water Bottle,UPI,799,3,1,Low,Delivered,Normal Delivery
T25743,2026-01-03,Bhoomi Nihalani,ulhasnagar,Glass Baby Feeding Temperature Sensing Baby Bottle | Color Changing Silicon Sleeve - 125ml (0-6 months) / Blue / Small,Baby Bottle,UPI,749,1,1,Low,Delivered,Normal Delivery
T25742,2026-01-03,Abdul moiz mohammed,Hyderabad,250ml Glass Baby Feeding Temperature Sensing Baby Bottle | Color Changing Silicon Sleeve - M Flow ( 6-10 months ) / Blue,Baby Bottle,COD,888,3,2,Medium,Delivered,Call Customer
T25741,2026-01-03,Charmy parekh,Mumbai,"Borosilicate Glass Bottle with Protective Silicone Sleeve, 750 ml - Energy Red",Water Bottle,UPI,799,3,1,Low,Delivered,Normal Delivery
T25740,2026-01-03,kausar jandira,Greater thane,125ml Glass Baby Feeding Temperature Sensing Baby Bottle | Color Changing Silicon Sleeve - M Flow ( 3-6 months ) / Blue,Baby Bottle,COD,788,0,2,Medium,Delivered,Call Customer
T25739,2026-01-03,kausar jandira,Greater thane,125ml Glass Baby Feeding Temperature Sensing Baby Bottle | Color Changing Silicon Sleeve - S Flow ( 0-3 months ) / Blue,Baby Bottle,COD,788,3,3,Medium,Delivered,Call Customer
T25738,2026-01-03,sanchita chatterjee,Baharampur,250ml Glass Baby Feeding Temperature Sensing Baby Bottle | Color Changing Silicon Sleeve - M Flow ( 6-10 months ) / Blue,Baby Bottle,UPI,849,4,1,Low,Delivered,Normal Delivery
T25737,2026-01-03,Shivani barve,Mumbai,"TintCup Borosilicate Glass Coffee Cup with Silicone Lid & Grip, 350 ml - Mighty Pink",Coffee Cups,UPI,759,4,1,Low,Delivered,Normal Delivery
T25736,2026-01-03,Dharshini Selladurai,Chennai,250ml Glass Baby Feeding Temperature Sensing Baby Bottle | Color Changing Silicon Sleeve - M Flow ( 6-10 months ) / Blue,Baby Bottle,COD,888,0,3,Medium,Returned,Call Customer
T25735,2026-01-03,Shyleja ishwaran,Mumbai,"Borosilicate Glass Bottle with Protective Silicone Sleeve, 750 ml - Power Blue",Water Bottle,COD,3137,1,4,Medium,Returned,Call Customer
T25734,2026-01-03,Monika goel,Delhi,"1Â Litre , Motivational Glass Sipper Bottle - Planet Green",1L Water Bottle,COD,1088,1,1,Medium,Delivered,Call Customer
T25733,2026-01-03,Nishtha kaushik,Bangalore,"Customized Borosilicate Glass Bottle , 750 ml - Cool Green",Water Bottle,UPI,899,3,1,Low,Delivered,Normal Delivery
T25732,2026-01-03,Sivakumar  p,Chennai,"Borosilicate Glass Bottle with Protective Silicone Sleeve, 750 ml - Energy Red",Water Bottle,UPI,799,3,1,Low,Delivered,Normal Delivery
T25731,2026-01-03,Rohini velore,Kavali,"Customized Borosilicate Glass Bottle , 750 ml - Power Blue",Water Bottle,UPI,899,3,1,Low,Delivered,Normal Delivery
T25730,2026-01-03,Rajesh Sharma,Fazilka,"Borosilicate Glass Bottle with Protective Silicone Sleeve, 750 ml - Pulse Yellow",Water Bottle,COD,838,1,1,Medium,Delivered,Call Customer
T25729,2026-01-03,Himanshi balodhi,Gurgaon,250ml Glass Baby Feeding Temperature Sensing Baby Bottle | Color Changing Silicon Sleeve - M Flow ( 6-10 months ) / Blue,Baby Bottle,COD,888,2,1,Medium,Delivered,Normal Delivery
T25728,2026-01-03,Sobhitha reddy,Hyderabad,"Customized Borosilicate Glass Bottle , 750 ml - Pulse Yellow",Water Bottle,UPI,899,4,1,Low,Delivered,Normal Delivery
T25727,2026-01-03,Sanjay chakraborty,Balurghat,"Customized TintCup Borosilicate Glass Coffee Cup with Silicone Lid & Grip, 350 ml - Mighty Pink",Coffee Cups,UPI,849,2,1,Low,Delivered,Normal Delivery
T25726,2026-01-03,SHAILESH KUMAR SRIVASTAVA,Ujjain,"Borosilicate Glass Bottle with Protective Silicone Sleeve, 750 ml - Cool Green",Water Bottle,COD,1687,2,2,Medium,Delivered,Call Customer
T25725,2026-01-03,Reachel shery,Bangalore,"TintCup Borosilicate Glass Coffee Cup with Silicone Lid & Grip, 350 ml - Dashing Blue",Coffee Cups,UPI,1468,1,1,Low,Delivered,Normal Delivery
T25724,2026-01-03,Anushka kadge,Pune,"TintCup Borosilicate Glass Coffee Cup with Silicone Lid & Grip, 350 ml - Wooden Cork Grip",Coffee Cups,COD,798,2,1,Medium,Delivered,Call Customer
T25723,2026-01-03,Phoebe Mendonca,Bengaluru,125ml Glass Baby Feeding Temperature Sensing Baby Bottle | Color Changing Silicon Sleeve - M Flow ( 3-6 months ) / Pink,Baby Bottle,UPI,749,0,1,Low,Delivered,Normal Delivery
T25722,2026-01-03,jumyir loyi,Papum Pare,125ml Glass Baby Feeding Temperature Sensing Baby Bottle | Color Changing Silicon Sleeve - S Flow ( 0-3 months ) / Blue,Baby Bottle,COD,788,3,1,Medium,Delivered,Call Customer
T25721,2026-01-03,Dr. prachi kapte,Pune,"1Â Litre , Motivational Glass Sipper Bottle - Gravity Gray",1L Water Bottle,UPI,1049,0,1,Low,Delivered,Normal Delivery
T25720,2026-01-03,Meghana konda,Chennai,"Borosilicate Glass Bottle with Protective Silicone Sleeve, 750 ml - Lightning Grey",Water Bottle,UPI,799,4,2,Low,Delivered,Normal Delivery
T25719,2026-01-03,Vedansh dalmia,Delhi,"Borosilicate Glass Bottle with Protective Silicone Sleeve, 750 ml - Cool Green",Water Bottle,COD,838,3,1,Medium,Delivered,Call Customer
T25718,2026-01-03,Swaroop rao,Hyderabad,"Borosilicate Glass Bottle with Protective Silicone Sleeve, 750 ml - Cool Green",Water Bottle,UPI,799,2,1,Low,Delivered,Normal Delivery
T25717,2026-01-03,Sandhya M,Port Blair,"Borosilicate Glass Bottle with Protective Silicone Sleeve, 750 ml - Cool Green",Water Bottle,UPI,799,4,1,Low,Delivered,Call Customer
T25716,2026-01-03,Dr. Jaspreet singh,Shimla,"Customized Borosilicate Glass Bottle , 750 ml - Power Blue",Water Bottle,UPI,899,3,1,Low,Delivered,Normal Delivery
T25715,2026-01-03,R k,Mumbai,"Borosilicate Glass Bottle with Protective Silicone Sleeve, 750 ml - Pulse Yellow",Water Bottle,UPI,2292,2,1,Low,Delivered,Normal Delivery
T25714,2026-01-03,Dhaval  Karia,Mumbai,"Borosilicate Glass Bottle with Protective Silicone Sleeve, 750 ml - Cool Green",Water Bottle,UPI,799,0,1,Low,Delivered,Normal Delivery
T25713,2026-01-03,B g raj,Bangalore,"Borosilicate Glass Bottle with Protective Silicone Sleeve, 750 ml - Pulse Yellow",Water Bottle,COD,838,3,1,Medium,Delivered,Call Customer
T25712,2026-01-03,Sujata bhalla,Jalandhar,"TintCup Borosilicate Glass Coffee Cup with Silicone Lid & Grip, 350 ml - Cosmic Purple",Coffee Cups,COD,798,2,1,Medium,Delivered,Call Customer
T25711,2026-01-03,Nidhi Chopra,Ahmedabad,125ml Glass Baby Feeding Temperature Sensing Baby Bottle | Color Changing Silicon Sleeve - M Flow ( 3-6 months ) / Blue,Baby Bottle,COD,788,0,2,Medium,Delivered,Call Customer
T25710,2026-01-03,Aditiya khurana,Kharar,"Customized TintCup Borosilicate Glass Coffee Cup with Silicone Lid & Grip, 350 ml - Mighty Pink",Coffee Cups,UPI,849,4,2,Low,Delivered,Normal Delivery
T25709,2026-01-03,Mrunali sukharam,Surat,Set of 3 GlassUp ( 500ml ) Lunch Box with Bag,500ml Lunch Box,COD,2288,4,2,Medium,Delivered,Call Customer
T25708,2026-01-03,Santhosh s,Bangalore,Set of 3 GlassUp ( 500ml ) Lunch Box - Coral Green & Arctic Blue & Marine Grey,500ml Lunch Box,UPI,3718,4,1,Low,Delivered,Normal Delivery
T25707,2026-01-03,Sai prathap reddy,Bangalore,"Borosilicate Glass Bottle with Protective Silicone Sleeve, 750 ml - Power Blue",Water Bottle,UPI,799,4,1,Low,Delivered,Normal Delivery
T25706,2026-01-02,Vidhi Shah,Mumbai,"Borosilicate Glass Bottle with Protective Silicone Sleeve, 750 ml - Power Blue",Water Bottle,COD,838,1,4,Medium,Delivered,Call Customer
T25705,2026-01-02,Shiva shankar s magaji,Bangalore,"Borosilicate Glass Bottle with Protective Silicone Sleeve, 750 ml - Atomic Green",Water Bottle,UPI,799,3,1,Low,Delivered,Normal Delivery
T25704,2026-01-02,Dixith gadiya,Chikkamagaluru,Stainless Steel Straws- PackÂ ofÂ 4 - Stainless Steel and Silicone,Straws,UPI,1008,3,1,Low,Delivered,Normal Delivery
T25703,2026-01-02,Priya khobrekar,Vasco da gama,250ml Glass Baby Feeding Temperature Sensing Baby Bottle | Color Changing Silicon Sleeve - M Flow ( 6-10 months ) / Pink,Baby Bottle,UPI,849,1,1,Low,Delivered,Normal Delivery
T25702,2026-01-02,SURESH N R,Bangalore,"Borosilicate Glass Bottle with Protective Silicone Sleeve, 750 ml - Cool Green",Water Bottle,UPI,799,2,1,Low,Delivered,Normal Delivery
T25701,2026-01-02,Akash Gupta,Bangalore,"Borosilicate Glass Bottle Duo with Protective Silicone Sleeve, 750 ml - Grey & Green",Water Bottle Combo,UPI,2728,2,1,Low,Delivered,Normal Delivery
T25700,2026-01-02,Raghu reddy,Bengaluru,"Borosilicate Glass Bottle with Protective Silicone Sleeve, 750 ml - Atomic Green",Water Bottle,COD,838,4,2,Medium,Delivered,Call Customer
T25699,2026-01-02,Kashti manghani,Bangalore,Stainless Steel Straws- PackÂ ofÂ 4 - Stainless Steel and Silicone,Straws,UPI,1008,0,1,Low,Delivered,Normal Delivery
T25698,2026-01-02,Himanshu Choudhary,Mumbai,"Customized Borosilicate Glass Lunch Box with Silicone Sleeve, 300 ml - Oasis Blue",300ml Lunch Box,UPI,1548,2,1,Low,Delivered,Normal Delivery
T25697,2026-01-02,Ronak shah,Ahmedabad,"Customized Borosilicate Glass Bottle , 750 ml - Power Blue",Water Bottle,UPI,899,0,1,Low,Delivered,Normal Delivery
T25696,2026-01-02,Ruchita rana,Navi mumbai,125ml Glass Baby Feeding Temperature Sensing Baby Bottle | Color Changing Silicon Sleeve - S Flow ( 0-3 months ) / Blue,Baby Bottle,COD,1587,3,1,Medium,Delivered,Call Customer
T25695,2026-01-02,Raviraj B,Mumbai,"Customized TintCup Borosilicate Glass Coffee Cup with Silicone Lid & Grip, 350 ml - Mighty Pink",Coffee Cups,UPI,1748,0,1,Low,Delivered,Normal Delivery
T25694,2026-01-02,Smitha sajith,Ernakulam,"Customized Borosilicate Glass Bottle , 750 ml - Energy Red",Water Bottle,UPI,1798,3,1,Low,Delivered,Normal Delivery
T25693,2026-01-02,Sarthak Richhariya,Bangalore,"Customized Borosilicate Glass Bottle , 750 ml - Lightning Grey",Water Bottle,UPI,899,1,1,Low,Delivered,Normal Delivery
T25692,2026-01-02,Janhavi patil,Ahmedabad,Set of 2 GlassUp ( 500ml ) Lunch Box - Marine Grey,500ml Lunch Box,COD,2736,1,1,Medium,Delivered,Normal Delivery
T25691,2026-01-02,Naseem khan,Bengaluru,"Borosilicate Glass Bottle with Protective Silicone Sleeve, 750 ml - Energy Red",Water Bottle,COD,838,4,3,Medium,Delivered,Normal Delivery
T25690,2026-01-02,Manogna -,Hyderabad,250ml Glass Baby Feeding Temperature Sensing Baby Bottle | Color Changing Silicon Sleeve - M Flow ( 6-10 months ) / Pink,Baby Bottle,UPI,849,2,1,Low,Delivered,Normal Delivery
T25689,2026-01-02,Kavita changkakoti,Guwahati,125ml Glass Baby Feeding Temperature Sensing Baby Bottle | Color Changing Silicon Sleeve - M Flow ( 3-6 months ) / Blue,Baby Bottle,COD,1587,4,1,Medium,Delivered,Normal Delivery
T25688,2026-01-02,Kitty dahiya,Panchkula,"Customized TintCup Borosilicate Glass Coffee Cup with Silicone Lid & Grip, 350 ml - Mighty Pink",Coffee Cups,UPI,849,3,1,Low,Delivered,Normal Delivery
T25687,2026-01-02,Brijesh Goswami,Nabipur bharuch,"1Â Litre , Motivational Glass Sipper Bottle - Venus Pink",1L Water Bottle,COD,1049,4,3,Medium,Delivered,Call Customer
T25686,2026-01-02,Sahil Angre,Pune,"Customized TintCup Borosilicate Glass Coffee Cup with Silicone Lid & Grip, 350 ml - Mighty Pink",Coffee Cups,UPI,849,0,1,Low,Delivered,Normal Delivery
T25685,2026-01-02,A Tirupathi Rao,Port blair,"1Â Litre , Motivational Glass Sipper Bottle - Gravity Gray",1L Water Bottle,UPI,1049,3,1,Low,Delivered,Normal Delivery
T25684,2026-01-02,Palvi Dean,Gurdaspur,250ml Glass Baby Feeding Temperature Sensing Baby Bottle | Color Changing Silicon Sleeve - M Flow ( 6-10 months ) / Blue,Baby Bottle,UPI,849,5,1,Low,Delivered,Call Customer
T25683,2026-01-02,Pragati eliezer,Nagpur,125ml Glass Baby Feeding Temperature Sensing Baby Bottle | Color Changing Silicon Sleeve - M Flow ( 3-6 months ) / Blue,Baby Bottle,UPI,1548,1,1,Low,Delivered,Normal Delivery
T25682,2026-01-02,Monika Nagar,Noida,"Borosilicate Glass Bottle with Protective Silicone Sleeve, 750 ml - Energy Red",Water Bottle,COD,838,2,2,Medium,Delivered,Call Customer
T25681,2026-01-02,Vanaja  Rajan,Mumbai,GlassUp 500 ml Borosilicate Glass Lunch Box with Glass Lid & Silicone Sleeve - Blue-Green-Grey,500ml Lunch Box,UPI,2199,3,1,Low,Delivered,Normal Delivery
T25680,2026-01-02,Nisar .,THRISSUR,"Borosilicate Glass Bottle with Protective Silicone Sleeve, 750 ml - Power Blue",Water Bottle,UPI,799,3,1,Low,Delivered,Normal Delivery
T25679,2026-01-02,Manjula Ramesh,Hyderabad,GlassUp 500 ml Borosilicate Glass Lunch Box with Glass Lid & Silicone Sleeve - Arctic Blue Trio,500ml Lunch Box,COD,2238,0,1,Medium,Delivered,Normal Delivery
T25678,2026-01-02,Juilee ambekar,Old Panvel,125ml Glass Baby Feeding Temperature Sensing Baby Bottle | Color Changing Silicon Sleeve - S Flow ( 0-3 months ) / Blue,Baby Bottle,UPI,749,2,1,Low,Delivered,Normal Delivery
T25677,2026-01-02,Neetu Arora,Allahabad,"Customized TintCup Borosilicate Glass Coffee Cup with Silicone Lid & Grip, 350 ml - Mighty Pink",Coffee Cups,UPI,849,1,1,Low,Delivered,Normal Delivery
T25676,2026-01-02,Sujeet mehta,Siliguri,Set of 3 Borosilicate Glass Lunch Boxes(300 ml) with Bag &Â BottleÂ (750Â ml) - Atomic Green,300ml Lunch Box,UPI,2949,3,1,Low,Delivered,Normal Delivery
T25675,2026-01-02,Khushi singh,Mumbai,"1Â Litre , Motivational Glass Sipper Bottle - Gravity Gray",1L Water Bottle,UPI,1049,3,3,Low,Delivered,Normal Delivery
T25674,2026-01-02,Nandini j,Bangalore,125ml Glass Baby Feeding Temperature Sensing Baby Bottle | Color Changing Silicon Sleeve - S Flow ( 0-3 months ) / Blue,Baby Bottle,COD,788,0,1,Medium,Delivered,Call Customer
T25673,2026-01-02,Parul garg,Rishikesh,"TintCup Borosilicate Glass Coffee Cup with Silicone Lid & Grip, 350 ml - Java Brown",Coffee Cups,UPI,759,4,1,Low,Delivered,Normal Delivery
T25672,2026-01-02,Reeta pahwa,Jalandhar,GlassUp 500 ml Borosilicate Glass Lunch Box with Glass Lid & Silicone Sleeve - Coral Green,500ml Lunch Box,COD,2637,1,2,Medium,Delivered,Call Customer
T25671,2026-01-02,Prasenjit  mukherjee,Bellary,"1Â Litre , Motivational Glass Sipper Bottle - Planet Green",1L Water Bottle,UPI,1049,2,1,Low,Delivered,Normal Delivery
T25670,2026-01-02,Vidhushi solanky,Mumbai,"Customized TintCup Borosilicate Glass Coffee Cup with Silicone Lid & Grip, 350 ml - Dashing Blue",Coffee Cups,UPI,849,3,1,Low,Delivered,Normal Delivery
T25669,2026-01-02,mallika soorneedi,Hyderabad,GlassUp 500 ml Borosilicate Glass Lunch Box with Glass Lid & Silicone Sleeve - Arctic Blue,500ml Lunch Box,UPI,749,3,2,Low,Delivered,Normal Delivery
T25668,2026-01-02,Aishwarya ramesh,MYSORE,250ml Glass Baby Feeding Temperature Sensing Baby Bottle | Color Changing Silicon Sleeve - + Flow ( 10+ months ) / Blue,Baby Bottle,COD,888,1,2,Medium,Delivered,Call Customer
T25667,2026-01-02,Kanishka motwani,Mumbai,"Borosilicate Glass Bottle with Protective Silicone Sleeve, 750 ml - Power Blue",Water Bottle,UPI,799,4,1,Low,Delivered,Normal Delivery
T25666,2026-01-02,Ankita  singh,Sundergarh,250ml Glass Baby Feeding Temperature Sensing Baby Bottle | Color Changing Silicon Sleeve - M Flow ( 6-10 months ) / Blue,Baby Bottle,UPI,849,3,1,Low,Delivered,Normal Delivery
T25665,2026-01-02,Pragya jain,Kolkata,"TintCup Borosilicate Glass Coffee Cup with Silicone Lid & Grip, 350 ml - Dynamic Grey",Coffee Cups,UPI,1758,1,1,Low,Delivered,Normal Delivery
T25664,2026-01-02,Nidhi Juneja,Delhi,"TintCup Borosilicate Glass Coffee Cup with Silicone Lid & Grip, 350 ml - Wooden Cork Grip",Coffee Cups,UPI,759,0,1,Low,Delivered,Normal Delivery
T25663,2026-01-02,GAUTAM MEHTA,Gurgaon,"Customized Borosilicate Glass Bottle , 750 ml - Energy Red",Water Bottle,UPI,899,4,1,Low,Delivered,Normal Delivery
T25662,2026-01-02,Ganesh s,Bangalore,"Borosilicate Glass Bottle with Protective Silicone Sleeve, 750 ml - Cool Green",Water Bottle,COD,838,2,1,Medium,Delivered,Call Customer
T25661,2026-01-02,Sushma bole,Mumbai,"Borosilicate Glass Bottle with Protective Silicone Sleeve, 750 ml - Power Blue",Water Bottle,COD,838,3,4,Medium,Delivered,Call Customer
T25660,2026-01-02,Pranav havle,Pune,"1Â Litre , Motivational Glass Sipper Bottle - Planet Green",1L Water Bottle,UPI,1049,1,3,Low,Delivered,Normal Delivery
T25659,2026-01-02,Jinal shah,Ahmedabad,"Borosilicate Glass Lunch Box with Silicone Sleeve, 300 ml - Forest Green",300ml Lunch Box,UPI,699,0,2,Low,Delivered,Normal Delivery
T25658,2026-01-02,Rachna Keniya,Thane,"Customized Borosilicate Glass Bottle , 750 ml - Cool Green",Water Bottle,UPI,899,2,1,Low,Delivered,Normal Delivery
T25657,2026-01-02,Shaik Akhil,Bangalore,"Customized Borosilicate Glass Bottle , 750 ml - Power Blue",Water Bottle,UPI,1798,1,1,Low,Delivered,Normal Delivery
T25656,2026-01-02,Narender -,Hyderabad,"Borosilicate Glass Bottle with Protective Silicone Sleeve, 750 ml - Cool Green",Water Bottle,COD,838,1,4,Medium,Returned,Call Customer
T25655,2026-01-02,Sushma Jajal,Ahmedabad,Set of 3 GlassUp ( 500ml ) Lunch Box with Bag,500ml Lunch Box,UPI,2249,2,1,Low,Delivered,Normal Delivery
T25654,2026-01-02,Anish anil,Bangalore,"Borosilicate Glass Bottle with Protective Silicone Sleeve, 750 ml - Energy Red",Water Bottle,UPI,799,0,1,Low,Delivered,Normal Delivery
T25653,2026-01-02,Aditya Kyatam,Mumbai,Set of 3 Borosilicate Glass Lunch box with Canvas Bag - Blue & Orange & Green,500ml Lunch Box,UPI,1949,0,1,Low,Delivered,Normal Delivery
T25652,2026-01-02,Manish paladiya,Vadodara,"1Â Litre , Motivational Glass Sipper Bottle - Planet Green",1L Water Bottle,UPI,2098,4,4,Low,Returned,Send Reminder
T25651,2026-01-02,Aseem kumar,Bengaluru,"Borosilicate Glass Bottle with Protective Silicone Sleeve, 750 ml - Cool Green",Water Bottle,UPI,799,3,1,Low,Delivered,Normal Delivery
T25650,2026-01-02,Vishwa oza,Ahmedabad,250ml Glass Baby Feeding Temperature Sensing Baby Bottle | Color Changing Silicon Sleeve - M Flow ( 6-10 months ) / Blue,Baby Bottle,COD,888,2,1,Medium,Delivered,Normal Delivery
T25649,2026-01-02,Akash Gupta,Hyderabad,"Customized Borosilicate Glass Bottle , 750 ml - Pulse Yellow",Water Bottle,UPI,899,2,1,Low,Delivered,Normal Delivery
T25648,2026-01-02,Jitesh lalwani,Mumbai,"Borosilicate Glass Bottle with Protective Silicone Sleeve, 750 ml - Atomic Green",Water Bottle,UPI,799,2,3,Low,Delivered,Normal Delivery
T25647,2026-01-02,Jitesh lalwani,Mumbai,"Borosilicate Glass Bottle with Protective Silicone Sleeve, 750 ml - Power Blue",Water Bottle,UPI,799,0,1,Low,Delivered,Normal Delivery
T25646,2026-01-02,Samuel Mungaljetty,Hyderabad,"Borosilicate Glass Bottle with Protective Silicone Sleeve, 750 ml - Cool Green",Water Bottle,COD,838,3,3,Medium,Delivered,Normal Delivery
T25645,2026-01-02,Anjali Gautam,Pune,"Customized TintCup Borosilicate Glass Coffee Cup with Silicone Lid & Grip, 350 ml - Java Brown",Coffee Cups,UPI,849,4,1,Low,Delivered,Normal Delivery
T25644,2026-01-02,Sarita rath,Begaluru,"1Â Litre , Motivational Glass Sipper Bottle - Planet Green",1L Water Bottle,UPI,1049,1,1,Low,Delivered,Normal Delivery
T25643,2026-01-02,Syed nizam,Bangalore,"Borosilicate Glass Bottle with Protective Silicone Sleeve, 750 ml - Pulse Yellow",Water Bottle,COD,838,1,1,Medium,Delivered,Normal Delivery
T25642,2026-01-02,Divya  singh,Gandhinagar,250ml Glass Baby Feeding Temperature Sensing Baby Bottle | Color Changing Silicon Sleeve - + Flow ( 10+ months ) / Blue,Baby Bottle,UPI,849,2,3,Low,Delivered,Normal Delivery
T25641,2026-01-02,Vandana -,Ganga nagar,"Customized TintCup Borosilicate Glass Coffee Cup with Silicone Lid & Grip, 350 ml - Mighty Pink",Coffee Cups,UPI,849,3,1,Low,Delivered,Normal Delivery
T25640,2026-01-02,Aanchal aggarwal,Raipur,"Borosilicate Glass Bottle with Protective Silicone Sleeve, 750 ml - Cool Green",Water Bottle,COD,838,0,1,Medium,Delivered,Normal Delivery
T25639,2026-01-02,Jayesh tiwari,Mumbai,"Borosilicate Glass Bottle with Protective Silicone Sleeve, 750 ml - Cool Green",Water Bottle,UPI,799,3,3,Low,Delivered,Normal Delivery
T25638,2026-01-02,Vighnant -,Bangalore,"Borosilicate Glass Bottle with Protective Silicone Sleeve, 750 ml - Cool Green",Water Bottle,UPI,1648,3,1,Low,Delivered,Normal Delivery
T25637,2026-01-02,Dr.pandian -,Hosur,"Borosilicate Glass Bottle with Protective Silicone Sleeve, 750 ml - Atomic Green",Water Bottle,UPI,799,0,1,Low,Delivered,Normal Delivery
T25636,2026-01-02,ankur kinra,Delhi,"Borosilicate Glass Bottle with Protective Silicone Sleeve, 750 ml - Atomic Green",Water Bottle,COD,838,6,1,Medium,Delivered,Call Customer
T25635,2026-01-02,Sowmya d n,BENGALURU,(Spare) BPA Free Spout Lid for TintBox 750ml Borosilicate Glass Water Bottle,Water Bottle,UPI,210,2,3,Low,Delivered,Normal Delivery
T25634,2026-01-02,Sugandh Bahri,Faridabad,"Borosilicate Glass Bottle with Protective Silicone Sleeve, 750 ml - Pulse Yellow",Water Bottle,UPI,799,3,2,Low,Delivered,Normal Delivery
T25633,2026-01-02,Kriti rastogi,Mohali,"1Â Litre , Motivational Glass Sipper Bottle - Venus Pink",1L Water Bottle,COD,1937,1,4,Medium,Returned,Send Reminder
T25632,2026-01-02,Antara guha,Duliajan,"Customized TintCup Borosilicate Glass Coffee Cup with Silicone Lid & Grip, 350 ml - Mighty Pink",Coffee Cups,UPI,849,0,1,Low,Delivered,Normal Delivery
T25631,2026-01-02,renu kapil,Noida,Set of 3 Borosilicate Glass Lunch box with Canvas Bag - Blue & Orange & Green,500ml Lunch Box,UPI,1949,4,1,Low,Delivered,Normal Delivery
T25630,2026-01-02,Toposini panda,Hyderabad,"Customized TintCup Borosilicate Glass Coffee Cup with Silicone Lid & Grip, 350 ml - Mighty Pink",Coffee Cups,UPI,849,2,1,Low,Delivered,Normal Delivery
T25629,2026-01-02,Parmjeet Kaur,Mohali,"Customized TintCup Borosilicate Glass Coffee Cup with Silicone Lid & Grip, 350 ml - Dynamic Grey",Coffee Cups,UPI,1748,0,1,Low,Delivered,Normal Delivery
T25628,2026-01-02,Harsh gosalia,Ahmedabad,"TintCup Borosilicate Glass Coffee Cup with Silicone Lid & Grip, 350 ml - Wooden Cork Grip",Coffee Cups,COD,2597,4,2,Medium,Delivered,Normal Delivery
T25627,2026-01-02,Yusuf Ezzi,Ujjain,250ml Glass Baby Feeding Temperature Sensing Baby Bottle | Color Changing Silicon Sleeve - M Flow ( 6-10 months ) / Blue,Baby Bottle,UPI,849,4,1,Low,Delivered,Normal Delivery
T25626,2026-01-02,Akshay Rokade,Thane,"Borosilicate Glass Bottle with Protective Silicone Sleeve, 750 ml - Cool Green",Water Bottle,UPI,799,3,1,Low,Delivered,Normal Delivery
T25625,2026-01-01,Deepak K,HYDERABAD,"Borosilicate Glass Bottle with Protective Silicone Sleeve, 750 ml - Atomic Green",Water Bottle,UPI,1648,3,1,Low,Delivered,Normal Delivery
T25624,2026-01-01,Dhanapal dasari,Puttur,"Borosilicate Glass Bottle with Protective Silicone Sleeve, 750 ml - Cool Green",Water Bottle,COD,1687,3,2,Medium,Delivered,Call Customer
T25623,2026-01-01,javeed shaikh,Goa,"Borosilicate Glass Bottle with Protective Silicone Sleeve, 750 ml - Grey & Blue",Water Bottle,COD,1658,0,3,Medium,Returned,Call Customer
T25622,2026-01-01,Jugesh bajaj,Delhi,"Borosilicate Glass Bottle with Protective Silicone Sleeve, 750 ml - Cool Green",Water Bottle,COD,838,6,1,Medium,Delivered,Call Customer
T25621,2026-01-01,Gokul dharan,Mumbai,"Borosilicate Glass Bottle with Protective Silicone Sleeve, 750 ml - Cool Green",Water Bottle,UPI,799,0,1,Low,Delivered,Normal Delivery
T25620,2026-01-01,K dhananjaya naidu,Hyderabad,GlassUp 500 ml Borosilicate Glass Lunch Box with Glass Lid & Silicone Sleeve - Coral Green,500ml Lunch Box,COD,788,2,1,Medium,Delivered,Call Customer
T25619,2026-01-01,Somrita Ghosh,Kolkata,"TintCup Borosilicate Glass Coffee Cup with Silicone Lid & Grip, 350 ml - Mighty Pink",Coffee Cups,UPI,759,3,1,Low,Delivered,Normal Delivery
T25618,2026-01-01,Nikhil patel,Nashik,250ml Glass Baby Feeding Temperature Sensing Baby Bottle | Color Changing Silicon Sleeve - + Flow ( 10+ months ) / Pink,Baby Bottle,UPI,2097,4,1,Low,Delivered,Normal Delivery
T25617,2026-01-01,Puja purkhe,Mapusa,"1Â Litre , Motivational Glass Sipper Bottle - Gravity Gray",1L Water Bottle,UPI,1049,1,1,Low,Delivered,Normal Delivery
T25616,2026-01-01,Akshay gada,Mumbai,"Borosilicate Glass Bottle with Protective Silicone Sleeve, 750 ml - Energy Red",Water Bottle,COD,1687,2,1,Medium,Delivered,Normal Delivery
T25615,2026-01-01,Sushil MANTRI,Mumbai,"1Â Litre , Motivational Glass Sipper Bottle - Gravity Gray",1L Water Bottle,UPI,1049,0,1,Low,Delivered,Normal Delivery
T25614,2026-01-01,Aakanksha mathur,EAST,"TintCup Borosilicate Glass Coffee Cup with Silicone Lid & Grip, 350 ml - Dynamic Grey",Coffee Cups,UPI,759,2,1,Low,Delivered,Normal Delivery
T25613,2026-01-01,vibhor bhargava,Jaipur,"TintCup Borosilicate Glass Coffee Cup with Silicone Lid & Grip, 350 ml - Dashing Blue",Coffee Cups,UPI,1468,2,1,Low,Delivered,Normal Delivery
T25612,2026-01-01,Mansi shah tannn,Mumbai,"Borosilicate Glass Bottle Duo with Protective Silicone Sleeve, 750 ml - Grey & Green",Water Bottle Combo,UPI,1439,2,1,Low,Delivered,Normal Delivery
T25611,2026-01-01,Pranjal Patil,Pimpalner,"1Â Litre , Motivational Glass Sipper Bottle - Planet Green",1L Water Bottle,UPI,1049,2,1,Low,Delivered,Normal Delivery
T25610,2026-01-01,Sharon kezia,Chennai,125ml Glass Baby Feeding Temperature Sensing Baby Bottle | Color Changing Silicon Sleeve - 125ml (0-6 months) / Blue / Small,Baby Bottle,COD,788,1,1,Medium,Delivered,Call Customer
T25609,2026-01-01,Sarah kabir,Bangalore,125ml Glass Baby Feeding Temperature Sensing Baby Bottle | Color Changing Silicon Sleeve - 125ml (0-6 months) / Pink / Small,Baby Bottle,UPI,749,3,1,Low,Delivered,Normal Delivery
T25608,2026-01-01,Yesha joshi,PUNE,"Borosilicate Glass Bottle with Protective Silicone Sleeve, 750 ml - Pulse Yellow",Water Bottle,UPI,799,4,1,Low,Delivered,Normal Delivery
T25607,2026-01-01,Rohith K,Bengaluru,Set of 3 GlassUp ( 500ml ) Lunch Box - Coral Green & Arctic Blue & Marine Grey,500ml Lunch Box,UPI,2199,2,1,Low,Delivered,Normal Delivery
T25606,2026-01-01,Varsha adwani,Pune,Stainless Steel Straws- PackÂ ofÂ 4 - Stainless Steel and Silicone,Straws,COD,2485,2,2,Medium,Delivered,Refund Initiated
T25605,2026-01-01,Manoj G,Shimoga,"Borosilicate Glass Bottle with Protective Silicone Sleeve, 750 ml - Lightning Grey",Water Bottle,COD,799,2,4,Medium,Delivered,Call Customer
T25604,2026-01-01,Manoj  g,Shimogga,"Borosilicate Glass Bottle with Protective Silicone Sleeve, 750 ml - Cool Green",Water Bottle,COD,838,3,1,Medium,Delivered,Call Customer
T25603,2026-01-01,Sanjith G P,Bangalore,"Borosilicate Glass Bottle with Protective Silicone Sleeve, 750 ml - Energy Red",Water Bottle,UPI,799,0,1,Low,Delivered,Normal Delivery
T25602,2026-01-01,satya prakash arya,Haridwar,"Borosilicate Glass Bottle with Protective Silicone Sleeve, 750 ml - Cool Green",Water Bottle,COD,838,0,4,Medium,Delivered,Call Customer
T25601,2026-01-01,Madonna william,Ernakulam,"Borosilicate Glass Bottle with Protective Silicone Sleeve, 750 ml - Pulse Yellow",Water Bottle,UPI,799,1,1,Low,Delivered,Normal Delivery
T25600,2026-01-01,Parag shinde,Mumbai,"Customized Borosilicate Glass Bottle , 750 ml - Atomic Green",Water Bottle,UPI,899,0,1,Low,Delivered,Normal Delivery
T25599,2026-01-01,Somya Somani,Ghaziabad,"Customized TintCup Borosilicate Glass Coffee Cup with Silicone Lid & Grip, 350 ml - Dynamic Grey",Coffee Cups,UPI,849,2,2,Low,Delivered,Normal Delivery
T25598,2026-01-01,Somya Somani,Ghaziabad,"Customized TintCup Borosilicate Glass Coffee Cup with Silicone Lid & Grip, 350 ml - Mighty Pink",Coffee Cups,UPI,849,2,1,Low,Delivered,Normal Delivery
T25597,2026-01-01,Vandana jaiswal,Dr ambedkar nagar,GlassUp 500 ml Borosilicate Glass Lunch Box with Glass Lid & Silicone Sleeve - Coral Green,500ml Lunch Box,COD,788,2,1,Medium,Delivered,Call Customer
T25596,2026-01-01,Susmita Paikara,Purva chintamani pur,250ml Glass Baby Feeding Temperature Sensing Baby Bottle | Color Changing Silicon Sleeve - M Flow ( 6-10 months ) / Blue,Baby Bottle,COD,888,1,1,Medium,Delivered,Call Customer
T25595,2026-01-01,Gurumallesh Prasad,Mysuru,Set of 3 GlassUp ( 500ml ) Lunch Box - Coral Green & Arctic Blue & Marine Grey,500ml Lunch Box,UPI,2199,2,1,Low,Delivered,Normal Delivery
T25594,2026-01-01,Bhavesh gupta,Varanasi,"Customized TintCup Borosilicate Glass Coffee Cup with Silicone Lid & Grip, 350 ml - Java Brown",Coffee Cups,UPI,849,0,1,Low,Delivered,Normal Delivery
T25593,2026-01-01,Tabassum Sultana,Bangalore,250ml Glass Baby Feeding Temperature Sensing Baby Bottle | Color Changing Silicon Sleeve - M Flow ( 6-10 months ) / Blue,Baby Bottle,COD,888,3,1,Medium,Delivered,Call Customer
T25592,2026-01-01,Ritu jaiswal,Jalalpur,125ml Glass Baby Feeding Temperature Sensing Baby Bottle | Color Changing Silicon Sleeve - 125ml (0-6 months) / Blue / Small,Baby Bottle,COD,788,3,4,Medium,Returned,Call Customer
T25591,2026-01-01,Kailash jaywant dagale,Greater thane,"Borosilicate Glass Bottle with Protective Silicone Sleeve, 750 ml - Atomic Green",Water Bottle,UPI,1648,4,1,Low,Delivered,Normal Delivery
T25590,2026-01-01,Sital agarwal,Jaigaon,"Borosilicate Glass Bottle with Protective Silicone Sleeve, 750 ml - Cool Green",Water Bottle,COD,838,0,3,Medium,Delivered,Call Customer
T25589,2026-01-01,Annapoorna abinesh,Chennai,250ml Glass Baby Feeding Temperature Sensing Baby Bottle | Color Changing Silicon Sleeve - M Flow ( 6-10 months ) / Pink,Baby Bottle,COD,1687,2,1,Medium,Delivered,Call Customer
T25588,2026-01-01,Arpita kanchagar,Bangalore,"Customized Borosilicate Glass Bottle , 750 ml - Power Blue",Water Bottle,UPI,899,3,1,Low,Delivered,Normal Delivery
T25587,2026-01-01,Shraddha badekar,Mumbai,"Customized TintCup Borosilicate Glass Coffee Cup with Silicone Lid & Grip, 350 ml - Mighty Pink",Coffee Cups,UPI,849,0,1,Low,Delivered,Normal Delivery
T25586,2026-01-01,sohel -,Patancheru,125ml Glass Baby Feeding Temperature Sensing Baby Bottle | Color Changing Silicon Sleeve - 125ml (0-6 months) / Pink / Medium,Baby Bottle,COD,788,3,2,Medium,Delivered,Call Customer
T25585,2026-01-01,Sushant kumar,Mumbai,"Customized Borosilicate Glass Bottle , 750 ml - Lightning Grey",Water Bottle,UPI,899,2,1,Low,Delivered,Normal Delivery
T25584,2026-01-01,Smrutika  Gavankar,Mumbai,"TintCup Borosilicate Glass Coffee Cup with Silicone Lid & Grip, 350 ml - Mighty Pink",Coffee Cups,UPI,759,3,1,Low,Delivered,Normal Delivery
T25583,2026-01-01,Alisha panda,Noida,Set of 2 GlassUp ( 500ml ) Lunch Box - Coral Green & Arctic Blue,500ml Lunch Box,UPI,1499,4,1,Low,Delivered,Normal Delivery
T25582,2026-01-01,Ankit Gupta,Lucknow,"Borosilicate Glass Bottle with Protective Silicone Sleeve, 750 ml - Lightning Grey",Water Bottle,COD,838,4,1,Medium,Delivered,Normal Delivery
T25581,2026-01-01,Himanshu Katkar,Pune,"TintCup Borosilicate Glass Coffee Cup with Silicone Lid & Grip, 350 ml - Wooden Cork Grip",Coffee Cups,COD,3047,3,4,Medium,Delivered,Call Customer
T25580,2026-01-01,Deepak sharma,Puri,"Borosilicate Glass Bottle with Protective Silicone Sleeve, 750 ml - Pulse Yellow",Water Bottle,UPI,799,0,1,Low,Delivered,Normal Delivery
T25579,2026-01-01,Daniel Abraham,Chennai,"Borosilicate Glass Lunch Box with Silicone Sleeve, 300 ml - Oasis Blue",300ml Lunch Box,UPI,1498,0,1,Low,Delivered,Normal Delivery
T25578,2026-01-01,Vishvdeep Singh bhangu,Patiala,"TintCup Borosilicate Glass Coffee Cup with Silicone Lid & Grip, 350 ml - Mighty Pink",Coffee Cups,COD,1797,0,4,Medium,Delivered,Call Customer
T25577,2026-01-01,Neeta -,Adai,Set of 3 GlassUp ( 500ml ) Lunch Box - Coral Green & Arctic Blue & Marine Grey,500ml Lunch Box,UPI,2199,3,1,Low,Delivered,Normal Delivery
T25576,2026-01-01,Monali sinha,Patharkandi,250ml Glass Baby Feeding Temperature Sensing Baby Bottle | Color Changing Silicon Sleeve - M Flow ( 6-10 months ) / Blue,Baby Bottle,COD,888,0,1,Medium,Delivered,Call Customer
T25575,2026-01-01,Sadhna kashyap,New Delhi,"TintCup Borosilicate Glass Coffee Cup with Silicone Lid & Grip, 350 ml - Cosmic Purple",Coffee Cups,COD,798,5,1,Medium,Delivered,Call Customer
T25574,2026-01-01,Sona Tambawala,MUMBAI,Set of 2 GlassUp ( 500ml ) Lunch Box with Bag & Bottle - Cool Green,500ml Lunch Box,COD,2638,2,1,Medium,Delivered,Call Customer
T25573,2026-01-01,David Moses Talegaonkar,Greater thane,"Borosilicate Glass Bottle with Protective Silicone Sleeve, 750 ml - Power Blue",Water Bottle,UPI,1648,4,1,Low,Delivered,Normal Delivery
T25572,2026-01-01,Vani surabhi,Hyderabad,"TintCup Borosilicate Glass Coffee Cup with Silicone Lid & Grip, 350 ml - Cosmic Purple",Coffee Cups,COD,1507,2,1,Medium,Delivered,Call Customer
T25571,2026-01-01,Kushala Vinod,Bangalore,"TintCup Borosilicate Glass Coffee Cup with Silicone Lid & Grip, 350 ml - Mighty Pink",Coffee Cups,UPI,2966,0,4,Low,Returned,Refund Initiated
T25570,2026-01-01,Aisha sabnis,Aurangabad,125ml Glass Baby Feeding Temperature Sensing Baby Bottle | Color Changing Silicon Sleeve - 125ml (0-6 months) / Blue / Small,Baby Bottle,COD,788,2,1,Medium,Delivered,Call Customer
T25569,2026-01-01,Sumaiya faiz,Mumbai,"Borosilicate Glass Bottle with Protective Silicone Sleeve, 750 ml - Grey & Blue",Water Bottle,COD,1658,5,1,Medium,Delivered,Call Customer
T25568,2026-01-01,Asif -,Bangalore,"1Â Litre , Motivational Glass Sipper Bottle - Planet Green",1L Water Bottle,UPI,1049,0,1,Low,Delivered,Normal Delivery
T25567,2026-01-01,Harshada  halande,Pune,250ml Glass Baby Feeding Temperature Sensing Baby Bottle | Color Changing Silicon Sleeve - M Flow ( 6-10 months ) / Blue,Baby Bottle,COD,888,3,1,Medium,Delivered,Send Reminder
T25566,2026-01-01,Vandana m,Hyderabad,"1Â Litre , Motivational Glass Sipper Bottle - Venus Pink",1L Water Bottle,UPI,2098,2,1,Low,Delivered,Normal Delivery
T25565,2026-01-01,Geetha maran,Chikkaballapura,250ml Glass Baby Feeding Temperature Sensing Baby Bottle | Color Changing Silicon Sleeve - + Flow ( 10+ months ) / Pink,Baby Bottle,UPI,849,3,1,Low,Delivered,Normal Delivery
T25564,2026-01-01,Shalini reddy,Hyderabad,"TintCup Borosilicate Glass Coffee Cup with Silicone Lid & Grip, 350 ml - Dashing Blue",Coffee Cups,UPI,1468,3,1,Low,Delivered,Normal Delivery
T25563,2026-01-01,Ishani patel,Gurgaon,"TintCup Borosilicate Glass Coffee Cup with Silicone Lid & Grip, 350 ml - Mighty Pink",Coffee Cups,UPI,759,1,1,Low,Delivered,Normal Delivery
